issue_id,issue_type,severity,role_a,path_a,role_b,path_b,score,reason,suggested_action,target_path,decision,notes
near_duplicate_00001,near_duplicate_perceptual_hash,review,ood,ood/off_crop_secondary/off_crop_secondary__angular_leafspot_69.jpg,oe,oe/unsupported_same_crop_non_fruit_or_unknown/angular_leafspot/ilek_Outlier-20260503T132606Z-3-002/angular_leafspot_332.jpg,6,dHash Hamming distance <= 6,review visually; quarantine one copy if it is the same source image,oe/unsupported_same_crop_non_fruit_or_unknown/angular_leafspot/ilek_Outlier-20260503T132606Z-3-002/angular_leafspot_332.jpg,,
near_duplicate_00002,near_duplicate_perceptual_hash,review,ood,ood/off_crop_secondary/off_crop_secondary__blossom_blight_49.jpg,oe,oe/unsupported_same_crop_non_fruit_or_unknown/blossom_blight/ilek_Outlier-20260503T132606Z-3-001/blossom_blight_109.jpg,0,dHash Hamming distance <= 6,review visually; quarantine one copy if it is the same source image,oe/unsupported_same_crop_non_fruit_or_unknown/blossom_blight/ilek_Outlier-20260503T132606Z-3-001/blossom_blight_109.jpg,,
near_duplicate_00003,near_duplicate_perceptual_hash,review,ood,ood/off_crop_secondary/off_crop_secondary__blossom_blight_49.jpg,oe,oe/unsupported_same_crop_non_fruit_or_unknown/blossom_blight/ilek_Outlier-20260503T132606Z-3-001/blossom_blight_121.jpg,4,dHash Hamming distance <= 6,review visually; quarantine one copy if it is the same source image,oe/unsupported_same_crop_non_fruit_or_unknown/blossom_blight/ilek_Outlier-20260503T132606Z-3-001/blossom_blight_121.jpg,,
near_duplicate_00004,near_duplicate_perceptual_hash,review,ood,ood/off_crop_secondary/off_crop_secondary__blossom_blight_49.jpg,oe,oe/unsupported_same_crop_non_fruit_or_unknown/blossom_blight/ilek_Outlier-20260503T132606Z-3-001/blossom_blight_134.jpg,1,dHash Hamming distance <= 6,review visually; quarantine one copy if it is the same source image,oe/unsupported_same_crop_non_fruit_or_unknown/blossom_blight/ilek_Outlier-20260503T132606Z-3-001/blossom_blight_134.jpg,,
near_duplicate_00005,near_duplicate_perceptual_hash,review,ood,ood/off_crop_secondary/off_crop_secondary__blossom_blight_49.jpg,oe,oe/unsupported_same_crop_non_fruit_or_unknown/blossom_blight/ilek_Outlier-20260503T132606Z-3-001/blossom_blight_139.jpg,3,dHash Hamming distance <= 6,review visually; quarantine one copy if it is the same source image,oe/unsupported_same_crop_non_fruit_or_unknown/blossom_blight/ilek_Outlier-20260503T132606Z-3-001/blossom_blight_139.jpg,,
near_duplicate_00006,near_duplicate_perceptual_hash,review,ood,ood/off_crop_secondary/off_crop_secondary__blossom_blight_49.jpg,oe,oe/unsupported_same_crop_non_fruit_or_unknown/blossom_blight/ilek_Outlier-20260503T132606Z-3-001/blossom_blight_151.jpg,1,dHash Hamming distance <= 6,review visually; quarantine one copy if it is the same source image,oe/unsupported_same_crop_non_fruit_or_unknown/blossom_blight/ilek_Outlier-20260503T132606Z-3-001/blossom_blight_151.jpg,,
near_duplicate_00007,near_duplicate_perceptual_hash,review,ood,ood/same_crop_unsupported_unknowns/rebalanced_20260510_oe_to_ood_strawberry_unknown_angular_leafspot_107.jpg,oe,oe/unsupported_same_crop_non_fruit_or_unknown/angular_leafspot/ilek_Outlier-20260503T132606Z-3-002/angular_leafspot_200.jpg,0,dHash Hamming distance <= 6,review visually; quarantine one copy if it is the same source image,oe/unsupported_same_crop_non_fruit_or_unknown/angular_leafspot/ilek_Outlier-20260503T132606Z-3-002/angular_leafspot_200.jpg,,
near_duplicate_00008,near_duplicate_perceptual_hash,review,ood,ood/same_crop_unsupported_unknowns/rebalanced_20260510_oe_to_ood_strawberry_unknown_angular_leafspot_112.jpg,oe,oe/unsupported_same_crop_non_fruit_or_unknown/angular_leafspot/ilek_Outlier-20260503T132606Z-3-001/angular_leafspot_94.jpg,0,dHash Hamming distance <= 6,review visually; quarantine one copy if it is the same source image,oe/unsupported_same_crop_non_fruit_or_unknown/angular_leafspot/ilek_Outlier-20260503T132606Z-3-001/angular_leafspot_94.jpg,,
near_duplicate_00009,near_duplicate_perceptual_hash,review,ood,ood/same_crop_unsupported_unknowns/rebalanced_20260510_oe_to_ood_strawberry_unknown_angular_leafspot_124.jpg,oe,oe/unsupported_same_crop_non_fruit_or_unknown/angular_leafspot/ilek_Outlier-20260503T132606Z-3-002/angular_leafspot_196.jpg,0,dHash Hamming distance <= 6,review visually; quarantine one copy if it is the same source image,oe/unsupported_same_crop_non_fruit_or_unknown/angular_leafspot/ilek_Outlier-20260503T132606Z-3-002/angular_leafspot_196.jpg,,
near_duplicate_00010,near_duplicate_perceptual_hash,review,ood,ood/same_crop_unsupported_unknowns/rebalanced_20260510_oe_to_ood_strawberry_unknown_angular_leafspot_133.jpg,oe,oe/unsupported_same_crop_non_fruit_or_unknown/angular_leafspot/ilek_Outlier-20260503T132606Z-3-002/angular_leafspot_137.jpg,1,dHash Hamming distance <= 6,review visually; quarantine one copy if it is the same source image,oe/unsupported_same_crop_non_fruit_or_unknown/angular_leafspot/ilek_Outlier-20260503T132606Z-3-002/angular_leafspot_137.jpg,,
near_duplicate_00011,near_duplicate_perceptual_hash,review,ood,ood/same_crop_unsupported_unknowns/rebalanced_20260510_oe_to_ood_strawberry_unknown_angular_leafspot_161.jpg,oe,oe/unsupported_same_crop_non_fruit_or_unknown/angular_leafspot/ilek_Outlier-20260503T132606Z-3-002/angular_leafspot_141.jpg,3,dHash Hamming distance <= 6,review visually; quarantine one copy if it is the same source image,oe/unsupported_same_crop_non_fruit_or_unknown/angular_leafspot/ilek_Outlier-20260503T132606Z-3-002/angular_leafspot_141.jpg,,
near_duplicate_00012,near_duplicate_perceptual_hash,review,ood,ood/same_crop_unsupported_unknowns/rebalanced_20260510_oe_to_ood_strawberry_unknown_angular_leafspot_165.jpg,oe,oe/unsupported_same_crop_non_fruit_or_unknown/angular_leafspot/ilek_Outlier-20260503T132606Z-3-001/angular_leafspot_62.jpg,0,dHash Hamming distance <= 6,review visually; quarantine one copy if it is the same source image,oe/unsupported_same_crop_non_fruit_or_unknown/angular_leafspot/ilek_Outlier-20260503T132606Z-3-001/angular_leafspot_62.jpg,,
near_duplicate_00013,near_duplicate_perceptual_hash,review,ood,ood/same_crop_unsupported_unknowns/rebalanced_20260510_oe_to_ood_strawberry_unknown_angular_leafspot_190.jpg,oe,oe/unsupported_same_crop_non_fruit_or_unknown/angular_leafspot/ilek_Outlier-20260503T132606Z-3-001/angular_leafspot_79.jpg,0,dHash Hamming distance <= 6,review visually; quarantine one copy if it is the same source image,oe/unsupported_same_crop_non_fruit_or_unknown/angular_leafspot/ilek_Outlier-20260503T132606Z-3-001/angular_leafspot_79.jpg,,
near_duplicate_00014,near_duplicate_perceptual_hash,review,ood,ood/same_crop_unsupported_unknowns/rebalanced_20260510_oe_to_ood_strawberry_unknown_angular_leafspot_192.jpg,oe,oe/unsupported_same_crop_non_fruit_or_unknown/angular_leafspot/ilek_Outlier-20260503T132606Z-3-002/angular_leafspot_195.jpg,0,dHash Hamming distance <= 6,review visually; quarantine one copy if it is the same source image,oe/unsupported_same_crop_non_fruit_or_unknown/angular_leafspot/ilek_Outlier-20260503T132606Z-3-002/angular_leafspot_195.jpg,,
near_duplicate_00015,near_duplicate_perceptual_hash,review,ood,ood/same_crop_unsupported_unknowns/rebalanced_20260510_oe_to_ood_strawberry_unknown_angular_leafspot_205.jpg,oe,oe/unsupported_same_crop_non_fruit_or_unknown/angular_leafspot/ilek_Outlier-20260503T132606Z-3-002/angular_leafspot_253.jpg,0,dHash Hamming distance <= 6,review visually; quarantine one copy if it is the same source image,oe/unsupported_same_crop_non_fruit_or_unknown/angular_leafspot/ilek_Outlier-20260503T132606Z-3-002/angular_leafspot_253.jpg,,
near_duplicate_00016,near_duplicate_perceptual_hash,review,ood,ood/same_crop_unsupported_unknowns/rebalanced_20260510_oe_to_ood_strawberry_unknown_angular_leafspot_210.jpg,oe,oe/unsupported_same_crop_non_fruit_or_unknown/angular_leafspot/ilek_Outlier-20260503T132606Z-3-002/angular_leafspot_202.jpg,0,dHash Hamming distance <= 6,review visually; quarantine one copy if it is the same source image,oe/unsupported_same_crop_non_fruit_or_unknown/angular_leafspot/ilek_Outlier-20260503T132606Z-3-002/angular_leafspot_202.jpg,,
near_duplicate_00017,near_duplicate_perceptual_hash,review,ood,ood/same_crop_unsupported_unknowns/rebalanced_20260510_oe_to_ood_strawberry_unknown_angular_leafspot_215.jpg,oe,oe/unsupported_same_crop_non_fruit_or_unknown/angular_leafspot/ilek_Outlier-20260503T132606Z-3-002/angular_leafspot_154.jpg,0,dHash Hamming distance <= 6,review visually; quarantine one copy if it is the same source image,oe/unsupported_same_crop_non_fruit_or_unknown/angular_leafspot/ilek_Outlier-20260503T132606Z-3-002/angular_leafspot_154.jpg,,
near_duplicate_00018,near_duplicate_perceptual_hash,review,ood,ood/same_crop_unsupported_unknowns/rebalanced_20260510_oe_to_ood_strawberry_unknown_angular_leafspot_220.jpg,oe,oe/unsupported_same_crop_non_fruit_or_unknown/angular_leafspot/ilek_Outlier-20260503T132606Z-3-002/angular_leafspot_287.jpg,2,dHash Hamming distance <= 6,review visually; quarantine one copy if it is the same source image,oe/unsupported_same_crop_non_fruit_or_unknown/angular_leafspot/ilek_Outlier-20260503T132606Z-3-002/angular_leafspot_287.jpg,,
near_duplicate_00019,near_duplicate_perceptual_hash,review,ood,ood/same_crop_unsupported_unknowns/rebalanced_20260510_oe_to_ood_strawberry_unknown_angular_leafspot_225.jpg,oe,oe/unsupported_same_crop_non_fruit_or_unknown/angular_leafspot/ilek_Outlier-20260503T132606Z-3-002/angular_leafspot_189.jpg,0,dHash Hamming distance <= 6,review visually; quarantine one copy if it is the same source image,oe/unsupported_same_crop_non_fruit_or_unknown/angular_leafspot/ilek_Outlier-20260503T132606Z-3-002/angular_leafspot_189.jpg,,
near_duplicate_00020,near_duplicate_perceptual_hash,review,ood,ood/same_crop_unsupported_unknowns/rebalanced_20260510_oe_to_ood_strawberry_unknown_angular_leafspot_230.jpg,oe,oe/unsupported_same_crop_non_fruit_or_unknown/angular_leafspot/ilek_Outlier-20260503T132606Z-3-002/angular_leafspot_125.jpg,1,dHash Hamming distance <= 6,review visually; quarantine one copy if it is the same source image,oe/unsupported_same_crop_non_fruit_or_unknown/angular_leafspot/ilek_Outlier-20260503T132606Z-3-002/angular_leafspot_125.jpg,,
near_duplicate_00021,near_duplicate_perceptual_hash,review,ood,ood/same_crop_unsupported_unknowns/rebalanced_20260510_oe_to_ood_strawberry_unknown_angular_leafspot_233.jpg,oe,oe/unsupported_same_crop_non_fruit_or_unknown/angular_leafspot/ilek_Outlier-20260503T132606Z-3-002/angular_leafspot_214.jpg,0,dHash Hamming distance <= 6,review visually; quarantine one copy if it is the same source image,oe/unsupported_same_crop_non_fruit_or_unknown/angular_leafspot/ilek_Outlier-20260503T132606Z-3-002/angular_leafspot_214.jpg,,
near_duplicate_00022,near_duplicate_perceptual_hash,review,ood,ood/same_crop_unsupported_unknowns/rebalanced_20260510_oe_to_ood_strawberry_unknown_angular_leafspot_235.jpg,oe,oe/unsupported_same_crop_non_fruit_or_unknown/angular_leafspot/ilek_Outlier-20260503T132606Z-3-002/angular_leafspot_140.jpg,4,dHash Hamming distance <= 6,review visually; quarantine one copy if it is the same source image,oe/unsupported_same_crop_non_fruit_or_unknown/angular_leafspot/ilek_Outlier-20260503T132606Z-3-002/angular_leafspot_140.jpg,,
near_duplicate_00023,near_duplicate_perceptual_hash,review,ood,ood/same_crop_unsupported_unknowns/rebalanced_20260510_oe_to_ood_strawberry_unknown_angular_leafspot_238.jpg,oe,oe/unsupported_same_crop_non_fruit_or_unknown/angular_leafspot/ilek_Outlier-20260503T132606Z-3-002/angular_leafspot_157.jpg,1,dHash Hamming distance <= 6,review visually; quarantine one copy if it is the same source image,oe/unsupported_same_crop_non_fruit_or_unknown/angular_leafspot/ilek_Outlier-20260503T132606Z-3-002/angular_leafspot_157.jpg,,
near_duplicate_00024,near_duplicate_perceptual_hash,review,ood,ood/same_crop_unsupported_unknowns/rebalanced_20260510_oe_to_ood_strawberry_unknown_angular_leafspot_257.jpg,oe,oe/unsupported_same_crop_non_fruit_or_unknown/angular_leafspot/ilek_Outlier-20260503T132606Z-3-002/angular_leafspot_301.jpg,0,dHash Hamming distance <= 6,review visually; quarantine one copy if it is the same source image,oe/unsupported_same_crop_non_fruit_or_unknown/angular_leafspot/ilek_Outlier-20260503T132606Z-3-002/angular_leafspot_301.jpg,,
near_duplicate_00025,near_duplicate_perceptual_hash,review,ood,ood/same_crop_unsupported_unknowns/rebalanced_20260510_oe_to_ood_strawberry_unknown_angular_leafspot_271.jpg,oe,oe/unsupported_same_crop_non_fruit_or_unknown/angular_leafspot/ilek_Outlier-20260503T132606Z-3-001/angular_leafspot_96.jpg,3,dHash Hamming distance <= 6,review visually; quarantine one copy if it is the same source image,oe/unsupported_same_crop_non_fruit_or_unknown/angular_leafspot/ilek_Outlier-20260503T132606Z-3-001/angular_leafspot_96.jpg,,
near_duplicate_00026,near_duplicate_perceptual_hash,review,ood,ood/same_crop_unsupported_unknowns/rebalanced_20260510_oe_to_ood_strawberry_unknown_angular_leafspot_29.jpg,oe,oe/unsupported_same_crop_non_fruit_or_unknown/angular_leafspot/ilek_Outlier-20260503T132606Z-3-002/angular_leafspot_226.jpg,1,dHash Hamming distance <= 6,review visually; quarantine one copy if it is the same source image,oe/unsupported_same_crop_non_fruit_or_unknown/angular_leafspot/ilek_Outlier-20260503T132606Z-3-002/angular_leafspot_226.jpg,,
near_duplicate_00027,near_duplicate_perceptual_hash,review,ood,ood/same_crop_unsupported_unknowns/rebalanced_20260510_oe_to_ood_strawberry_unknown_angular_leafspot_312.jpg,oe,oe/unsupported_same_crop_non_fruit_or_unknown/angular_leafspot/ilek_Outlier-20260503T132606Z-3-001/angular_leafspot_392.jpg,1,dHash Hamming distance <= 6,review visually; quarantine one copy if it is the same source image,oe/unsupported_same_crop_non_fruit_or_unknown/angular_leafspot/ilek_Outlier-20260503T132606Z-3-001/angular_leafspot_392.jpg,,
near_duplicate_00028,near_duplicate_perceptual_hash,review,ood,ood/same_crop_unsupported_unknowns/rebalanced_20260510_oe_to_ood_strawberry_unknown_angular_leafspot_318.jpg,oe,oe/unsupported_same_crop_non_fruit_or_unknown/angular_leafspot/ilek_Outlier-20260503T132606Z-3-002/angular_leafspot_120.jpg,0,dHash Hamming distance <= 6,review visually; quarantine one copy if it is the same source image,oe/unsupported_same_crop_non_fruit_or_unknown/angular_leafspot/ilek_Outlier-20260503T132606Z-3-002/angular_leafspot_120.jpg,,
near_duplicate_00029,near_duplicate_perceptual_hash,review,ood,ood/same_crop_unsupported_unknowns/rebalanced_20260510_oe_to_ood_strawberry_unknown_angular_leafspot_322.jpg,oe,oe/unsupported_same_crop_non_fruit_or_unknown/angular_leafspot/ilek_Outlier-20260503T132606Z-3-001/angular_leafspot_45.jpg,0,dHash Hamming distance <= 6,review visually; quarantine one copy if it is the same source image,oe/unsupported_same_crop_non_fruit_or_unknown/angular_leafspot/ilek_Outlier-20260503T132606Z-3-001/angular_leafspot_45.jpg,,
near_duplicate_00030,near_duplicate_perceptual_hash,review,ood,ood/same_crop_unsupported_unknowns/rebalanced_20260510_oe_to_ood_strawberry_unknown_angular_leafspot_326.jpg,oe,oe/unsupported_same_crop_non_fruit_or_unknown/angular_leafspot/ilek_Outlier-20260503T132606Z-3-001/angular_leafspot_95.jpg,6,dHash Hamming distance <= 6,review visually; quarantine one copy if it is the same source image,oe/unsupported_same_crop_non_fruit_or_unknown/angular_leafspot/ilek_Outlier-20260503T132606Z-3-001/angular_leafspot_95.jpg,,
near_duplicate_00031,near_duplicate_perceptual_hash,review,ood,ood/same_crop_unsupported_unknowns/rebalanced_20260510_oe_to_ood_strawberry_unknown_angular_leafspot_331.jpg,oe,oe/unsupported_same_crop_non_fruit_or_unknown/angular_leafspot/ilek_Outlier-20260503T132606Z-3-002/angular_leafspot_213.jpg,6,dHash Hamming distance <= 6,review visually; quarantine one copy if it is the same source image,oe/unsupported_same_crop_non_fruit_or_unknown/angular_leafspot/ilek_Outlier-20260503T132606Z-3-002/angular_leafspot_213.jpg,,
near_duplicate_00032,near_duplicate_perceptual_hash,review,ood,ood/same_crop_unsupported_unknowns/rebalanced_20260510_oe_to_ood_strawberry_unknown_angular_leafspot_334.jpg,oe,oe/unsupported_same_crop_non_fruit_or_unknown/angular_leafspot/ilek_Outlier-20260503T132606Z-3-002/angular_leafspot_110.jpg,0,dHash Hamming distance <= 6,review visually; quarantine one copy if it is the same source image,oe/unsupported_same_crop_non_fruit_or_unknown/angular_leafspot/ilek_Outlier-20260503T132606Z-3-002/angular_leafspot_110.jpg,,
near_duplicate_00033,near_duplicate_perceptual_hash,review,ood,ood/same_crop_unsupported_unknowns/rebalanced_20260510_oe_to_ood_strawberry_unknown_angular_leafspot_343.jpg,oe,oe/unsupported_same_crop_non_fruit_or_unknown/angular_leafspot/ilek_Outlier-20260503T132606Z-3-002/angular_leafspot_261.jpg,0,dHash Hamming distance <= 6,review visually; quarantine one copy if it is the same source image,oe/unsupported_same_crop_non_fruit_or_unknown/angular_leafspot/ilek_Outlier-20260503T132606Z-3-002/angular_leafspot_261.jpg,,
near_duplicate_00034,near_duplicate_perceptual_hash,review,ood,ood/same_crop_unsupported_unknowns/rebalanced_20260510_oe_to_ood_strawberry_unknown_angular_leafspot_347.jpg,oe,oe/unsupported_same_crop_non_fruit_or_unknown/angular_leafspot/ilek_Outlier-20260503T132606Z-3-002/angular_leafspot_249.jpg,0,dHash Hamming distance <= 6,review visually; quarantine one copy if it is the same source image,oe/unsupported_same_crop_non_fruit_or_unknown/angular_leafspot/ilek_Outlier-20260503T132606Z-3-002/angular_leafspot_249.jpg,,
near_duplicate_00035,near_duplicate_perceptual_hash,review,ood,ood/same_crop_unsupported_unknowns/rebalanced_20260510_oe_to_ood_strawberry_unknown_angular_leafspot_352.jpg,oe,oe/unsupported_same_crop_non_fruit_or_unknown/angular_leafspot/ilek_Outlier-20260503T132606Z-3-002/angular_leafspot_146.jpg,0,dHash Hamming distance <= 6,review visually; quarantine one copy if it is the same source image,oe/unsupported_same_crop_non_fruit_or_unknown/angular_leafspot/ilek_Outlier-20260503T132606Z-3-002/angular_leafspot_146.jpg,,
near_duplicate_00036,near_duplicate_perceptual_hash,review,ood,ood/same_crop_unsupported_unknowns/rebalanced_20260510_oe_to_ood_strawberry_unknown_angular_leafspot_354.jpg,oe,oe/unsupported_same_crop_non_fruit_or_unknown/angular_leafspot/ilek_Outlier-20260503T132606Z-3-002/angular_leafspot_280.jpg,0,dHash Hamming distance <= 6,review visually; quarantine one copy if it is the same source image,oe/unsupported_same_crop_non_fruit_or_unknown/angular_leafspot/ilek_Outlier-20260503T132606Z-3-002/angular_leafspot_280.jpg,,
near_duplicate_00037,near_duplicate_perceptual_hash,review,ood,ood/same_crop_unsupported_unknowns/rebalanced_20260510_oe_to_ood_strawberry_unknown_angular_leafspot_355.jpg,oe,oe/unsupported_same_crop_non_fruit_or_unknown/angular_leafspot/ilek_Outlier-20260503T132606Z-3-002/angular_leafspot_201.jpg,0,dHash Hamming distance <= 6,review visually; quarantine one copy if it is the same source image,oe/unsupported_same_crop_non_fruit_or_unknown/angular_leafspot/ilek_Outlier-20260503T132606Z-3-002/angular_leafspot_201.jpg,,
near_duplicate_00038,near_duplicate_perceptual_hash,review,ood,ood/same_crop_unsupported_unknowns/rebalanced_20260510_oe_to_ood_strawberry_unknown_angular_leafspot_356.jpg,oe,oe/unsupported_same_crop_non_fruit_or_unknown/angular_leafspot/ilek_Outlier-20260503T132606Z-3-002/angular_leafspot_256.jpg,0,dHash Hamming distance <= 6,review visually; quarantine one copy if it is the same source image,oe/unsupported_same_crop_non_fruit_or_unknown/angular_leafspot/ilek_Outlier-20260503T132606Z-3-002/angular_leafspot_256.jpg,,
near_duplicate_00039,near_duplicate_perceptual_hash,review,ood,ood/same_crop_unsupported_unknowns/rebalanced_20260510_oe_to_ood_strawberry_unknown_angular_leafspot_363.jpg,oe,oe/unsupported_same_crop_non_fruit_or_unknown/angular_leafspot/ilek_Outlier-20260503T132606Z-3-002/angular_leafspot_130.jpg,0,dHash Hamming distance <= 6,review visually; quarantine one copy if it is the same source image,oe/unsupported_same_crop_non_fruit_or_unknown/angular_leafspot/ilek_Outlier-20260503T132606Z-3-002/angular_leafspot_130.jpg,,
near_duplicate_00040,near_duplicate_perceptual_hash,review,ood,ood/same_crop_unsupported_unknowns/rebalanced_20260510_oe_to_ood_strawberry_unknown_angular_leafspot_364.jpg,oe,oe/unsupported_same_crop_non_fruit_or_unknown/angular_leafspot/ilek_Outlier-20260503T132606Z-3-001/angular_leafspot_77.jpg,0,dHash Hamming distance <= 6,review visually; quarantine one copy if it is the same source image,oe/unsupported_same_crop_non_fruit_or_unknown/angular_leafspot/ilek_Outlier-20260503T132606Z-3-001/angular_leafspot_77.jpg,,
near_duplicate_00041,near_duplicate_perceptual_hash,review,ood,ood/same_crop_unsupported_unknowns/rebalanced_20260510_oe_to_ood_strawberry_unknown_angular_leafspot_365.jpg,oe,oe/unsupported_same_crop_non_fruit_or_unknown/angular_leafspot/ilek_Outlier-20260503T132606Z-3-002/angular_leafspot_136.jpg,1,dHash Hamming distance <= 6,review visually; quarantine one copy if it is the same source image,oe/unsupported_same_crop_non_fruit_or_unknown/angular_leafspot/ilek_Outlier-20260503T132606Z-3-002/angular_leafspot_136.jpg,,
near_duplicate_00042,near_duplicate_perceptual_hash,review,ood,ood/same_crop_unsupported_unknowns/rebalanced_20260510_oe_to_ood_strawberry_unknown_angular_leafspot_369.jpg,oe,oe/unsupported_same_crop_non_fruit_or_unknown/angular_leafspot/ilek_Outlier-20260503T132606Z-3-001/angular_leafspot_96.jpg,3,dHash Hamming distance <= 6,review visually; quarantine one copy if it is the same source image,oe/unsupported_same_crop_non_fruit_or_unknown/angular_leafspot/ilek_Outlier-20260503T132606Z-3-001/angular_leafspot_96.jpg,,
near_duplicate_00043,near_duplicate_perceptual_hash,review,ood,ood/same_crop_unsupported_unknowns/rebalanced_20260510_oe_to_ood_strawberry_unknown_angular_leafspot_370.jpg,oe,oe/unsupported_same_crop_non_fruit_or_unknown/angular_leafspot/ilek_Outlier-20260503T132606Z-3-002/angular_leafspot_158.jpg,0,dHash Hamming distance <= 6,review visually; quarantine one copy if it is the same source image,oe/unsupported_same_crop_non_fruit_or_unknown/angular_leafspot/ilek_Outlier-20260503T132606Z-3-002/angular_leafspot_158.jpg,,
near_duplicate_00044,near_duplicate_perceptual_hash,review,ood,ood/same_crop_unsupported_unknowns/rebalanced_20260510_oe_to_ood_strawberry_unknown_angular_leafspot_372.jpg,oe,oe/unsupported_same_crop_non_fruit_or_unknown/angular_leafspot/ilek_Outlier-20260503T132606Z-3-002/angular_leafspot_172.jpg,3,dHash Hamming distance <= 6,review visually; quarantine one copy if it is the same source image,oe/unsupported_same_crop_non_fruit_or_unknown/angular_leafspot/ilek_Outlier-20260503T132606Z-3-002/angular_leafspot_172.jpg,,
near_duplicate_00045,near_duplicate_perceptual_hash,review,ood,ood/same_crop_unsupported_unknowns/rebalanced_20260510_oe_to_ood_strawberry_unknown_angular_leafspot_372.jpg,oe,oe/unsupported_same_crop_non_fruit_or_unknown/angular_leafspot/ilek_Outlier-20260503T132606Z-3-002/angular_leafspot_31.jpg,3,dHash Hamming distance <= 6,review visually; quarantine one copy if it is the same source image,oe/unsupported_same_crop_non_fruit_or_unknown/angular_leafspot/ilek_Outlier-20260503T132606Z-3-002/angular_leafspot_31.jpg,,
near_duplicate_00046,near_duplicate_perceptual_hash,review,ood,ood/same_crop_unsupported_unknowns/rebalanced_20260510_oe_to_ood_strawberry_unknown_angular_leafspot_373.jpg,oe,oe/unsupported_same_crop_non_fruit_or_unknown/angular_leafspot/ilek_Outlier-20260503T132606Z-3-002/angular_leafspot_206.jpg,6,dHash Hamming distance <= 6,review visually; quarantine one copy if it is the same source image,oe/unsupported_same_crop_non_fruit_or_unknown/angular_leafspot/ilek_Outlier-20260503T132606Z-3-002/angular_leafspot_206.jpg,,
near_duplicate_00047,near_duplicate_perceptual_hash,review,ood,ood/same_crop_unsupported_unknowns/rebalanced_20260510_oe_to_ood_strawberry_unknown_angular_leafspot_379.jpg,oe,oe/unsupported_same_crop_non_fruit_or_unknown/angular_leafspot/ilek_Outlier-20260503T132606Z-3-002/angular_leafspot_282.jpg,0,dHash Hamming distance <= 6,review visually; quarantine one copy if it is the same source image,oe/unsupported_same_crop_non_fruit_or_unknown/angular_leafspot/ilek_Outlier-20260503T132606Z-3-002/angular_leafspot_282.jpg,,
near_duplicate_00048,near_duplicate_perceptual_hash,review,ood,ood/same_crop_unsupported_unknowns/rebalanced_20260510_oe_to_ood_strawberry_unknown_angular_leafspot_381.jpg,oe,oe/unsupported_same_crop_non_fruit_or_unknown/angular_leafspot/ilek_Outlier-20260503T132606Z-3-002/angular_leafspot_140.jpg,4,dHash Hamming distance <= 6,review visually; quarantine one copy if it is the same source image,oe/unsupported_same_crop_non_fruit_or_unknown/angular_leafspot/ilek_Outlier-20260503T132606Z-3-002/angular_leafspot_140.jpg,,
near_duplicate_00049,near_duplicate_perceptual_hash,review,ood,ood/same_crop_unsupported_unknowns/rebalanced_20260510_oe_to_ood_strawberry_unknown_angular_leafspot_383.jpg,oe,oe/unsupported_same_crop_non_fruit_or_unknown/angular_leafspot/ilek_Outlier-20260503T132606Z-3-002/angular_leafspot_129.jpg,0,dHash Hamming distance <= 6,review visually; quarantine one copy if it is the same source image,oe/unsupported_same_crop_non_fruit_or_unknown/angular_leafspot/ilek_Outlier-20260503T132606Z-3-002/angular_leafspot_129.jpg,,
semantic_slice_00001,semantic_slice_suspicion,review,ood,ood/non_plant_misc/non_plant_misc__Bakteriyel_Kanser_ve_Zamklanma_1.jpg,,,non_plant_misc,non-plant slice has plant/crop-like path tokens,review visually; fix slice folder only when the reviewer confirms mismatch,ood/non_plant_misc/non_plant_misc__Bakteriyel_Kanser_ve_Zamklanma_1.jpg,,
semantic_slice_00003,semantic_slice_suspicion,review,ood,ood/non_plant_misc/non_plant_misc__Ekran_görüntüsü_2026-03-14_195623.png,,,non_plant_misc,non-plant slice has plant/crop-like path tokens,review visually; fix slice folder only when the reviewer confirms mismatch,ood/non_plant_misc/non_plant_misc__Ekran_görüntüsü_2026-03-14_195623.png,,
semantic_slice_00004,semantic_slice_suspicion,review,ood,ood/non_plant_misc/non_plant_misc__Ekran_görüntüsü_2026-03-15_143215.png,,,non_plant_misc,non-plant slice has plant/crop-like path tokens,review visually; fix slice folder only when the reviewer confirms mismatch,ood/non_plant_misc/non_plant_misc__Ekran_görüntüsü_2026-03-15_143215.png,,
semantic_slice_00002,semantic_slice_suspicion,review,ood,ood/non_plant_misc/non_plant_misc__depositphotos_390716206-stock-photo-gardening-concept-male-gardener-spraying.jpg,,,non_plant_misc,non-plant slice has plant/crop-like path tokens,review visually; fix slice folder only when the reviewer confirms mismatch,ood/non_plant_misc/non_plant_misc__depositphotos_390716206-stock-photo-gardening-concept-male-gardener-spraying.jpg,,
semantic_slice_00005,semantic_slice_suspicion,review,ood,ood/non_plant_misc/non_plant_misc__image-2-1.png,,,non_plant_misc,non-plant slice has plant/crop-like path tokens,review visually; fix slice folder only when the reviewer confirms mismatch,ood/non_plant_misc/non_plant_misc__image-2-1.png,,
semantic_slice_00006,semantic_slice_suspicion,review,ood,ood/non_plant_misc/takviye_20260514_akdeniz_perfect_red_kayisi_fidani_346aaeee41b8.png,,,non_plant_misc,non-plant slice has plant/crop-like path tokens,review visually; fix slice folder only when the reviewer confirms mismatch,ood/non_plant_misc/takviye_20260514_akdeniz_perfect_red_kayisi_fidani_346aaeee41b8.png,,
semantic_slice_00007,semantic_slice_suspicion,review,ood,ood/non_plant_misc/takviye_20260514_hakmar_yaz_meyvesi_kayisi_hakkinda_neler_biliyorsunuz_96_c389dbdb23bd.jpg,,,non_plant_misc,non-plant slice has plant/crop-like path tokens,review visually; fix slice folder only when the reviewer confirms mismatch,ood/non_plant_misc/takviye_20260514_hakmar_yaz_meyvesi_kayisi_hakkinda_neler_biliyorsunuz_96_c389dbdb23bd.jpg,,
semantic_slice_00008,semantic_slice_suspicion,review,ood,ood/non_plant_misc/takviye_20260514_images__17_422fde032872.jpg,,,non_plant_misc,non-plant slice has plant/crop-like path tokens,review visually; fix slice folder only when the reviewer confirms mismatch,ood/non_plant_misc/takviye_20260514_images__17_422fde032872.jpg,,
semantic_slice_00009,semantic_slice_suspicion,review,ood,ood/non_plant_misc/takviye_20260514_images__18_846797d8d777.jpg,,,non_plant_misc,non-plant slice has plant/crop-like path tokens,review visually; fix slice folder only when the reviewer confirms mismatch,ood/non_plant_misc/takviye_20260514_images__18_846797d8d777.jpg,,
semantic_slice_00010,semantic_slice_suspicion,review,ood,ood/non_plant_misc/takviye_20260514_images__22_277c2fb3f941.jpg,,,non_plant_misc,non-plant slice has plant/crop-like path tokens,review visually; fix slice folder only when the reviewer confirms mismatch,ood/non_plant_misc/takviye_20260514_images__22_277c2fb3f941.jpg,,
semantic_slice_00011,semantic_slice_suspicion,review,ood,ood/non_plant_misc/takviye_20260514_images__28_8d8760a5c095.jpg,,,non_plant_misc,non-plant slice has plant/crop-like path tokens,review visually; fix slice folder only when the reviewer confirms mismatch,ood/non_plant_misc/takviye_20260514_images__28_8d8760a5c095.jpg,,
semantic_slice_00018,semantic_slice_suspicion,review,ood,ood/non_plant_misc/takviye_20260514_scene_context_leak_check__Ekran_görüntüsü_2026_03_14_200_676daf44ba1d.png,,,non_plant_misc,non-plant slice has plant/crop-like path tokens,review visually; fix slice folder only when the reviewer confirms mismatch,ood/non_plant_misc/takviye_20260514_scene_context_leak_check__Ekran_görüntüsü_2026_03_14_200_676daf44ba1d.png,,
semantic_slice_00019,semantic_slice_suspicion,review,ood,ood/non_plant_misc/takviye_20260514_scene_context_leak_check__Ekran_görüntüsü_2026_03_14_200_c99b38a7874e.png,,,non_plant_misc,non-plant slice has plant/crop-like path tokens,review visually; fix slice folder only when the reviewer confirms mismatch,ood/non_plant_misc/takviye_20260514_scene_context_leak_check__Ekran_görüntüsü_2026_03_14_200_c99b38a7874e.png,,
semantic_slice_00020,semantic_slice_suspicion,review,ood,ood/non_plant_misc/takviye_20260514_scene_context_leak_check__Ekran_görüntüsü_2026_03_14_232_3b40aafaac98.png,,,non_plant_misc,non-plant slice has plant/crop-like path tokens,review visually; fix slice folder only when the reviewer confirms mismatch,ood/non_plant_misc/takviye_20260514_scene_context_leak_check__Ekran_görüntüsü_2026_03_14_232_3b40aafaac98.png,,
semantic_slice_00021,semantic_slice_suspicion,review,ood,ood/non_plant_misc/takviye_20260514_scene_context_leak_check__Ekran_görüntüsü_2026_03_14_235_9915531d4d26.png,,,non_plant_misc,non-plant slice has plant/crop-like path tokens,review visually; fix slice folder only when the reviewer confirms mismatch,ood/non_plant_misc/takviye_20260514_scene_context_leak_check__Ekran_görüntüsü_2026_03_14_235_9915531d4d26.png,,
semantic_slice_00029,semantic_slice_suspicion,review,ood,ood/non_plant_misc/takviye_20260514_scene_context_leak_check__Tripsy_na_vinogradnykh_listyak_44f96abd721e.jpg,,,non_plant_misc,non-plant slice has plant/crop-like path tokens,review visually; fix slice folder only when the reviewer confirms mismatch,ood/non_plant_misc/takviye_20260514_scene_context_leak_check__Tripsy_na_vinogradnykh_listyak_44f96abd721e.jpg,,
semantic_slice_00030,semantic_slice_suspicion,review,ood,ood/non_plant_misc/takviye_20260514_scene_context_leak_check__YAyca_tli_na_vinogradnom_liste_90ea688924c6.jpg,,,non_plant_misc,non-plant slice has plant/crop-like path tokens,review visually; fix slice folder only when the reviewer confirms mismatch,ood/non_plant_misc/takviye_20260514_scene_context_leak_check__YAyca_tli_na_vinogradnom_liste_90ea688924c6.jpg,,
semantic_slice_00012,semantic_slice_suspicion,review,ood,ood/non_plant_misc/takviye_20260514_scene_context_leak_check__alakasız2_fe74f0bdeaa6.jpg,,,non_plant_misc,non-plant slice has plant/crop-like path tokens,review visually; fix slice folder only when the reviewer confirms mismatch,ood/non_plant_misc/takviye_20260514_scene_context_leak_check__alakasız2_fe74f0bdeaa6.jpg,,
semantic_slice_00013,semantic_slice_suspicion,review,ood,ood/non_plant_misc/takviye_20260514_scene_context_leak_check__alakasız4_e6b9c6dcb40f.jpg,,,non_plant_misc,non-plant slice has plant/crop-like path tokens,review visually; fix slice folder only when the reviewer confirms mismatch,ood/non_plant_misc/takviye_20260514_scene_context_leak_check__alakasız4_e6b9c6dcb40f.jpg,,
semantic_slice_00014,semantic_slice_suspicion,review,ood,ood/non_plant_misc/takviye_20260514_scene_context_leak_check__alakasız5_e3999bb0157b.jpg,,,non_plant_misc,non-plant slice has plant/crop-like path tokens,review visually; fix slice folder only when the reviewer confirms mismatch,ood/non_plant_misc/takviye_20260514_scene_context_leak_check__alakasız5_e3999bb0157b.jpg,,
semantic_slice_00015,semantic_slice_suspicion,review,ood,ood/non_plant_misc/takviye_20260514_scene_context_leak_check__damping_off_da3cc7112bb4.png,,,non_plant_misc,non-plant slice has plant/crop-like path tokens,review visually; fix slice folder only when the reviewer confirms mismatch,ood/non_plant_misc/takviye_20260514_scene_context_leak_check__damping_off_da3cc7112bb4.png,,
semantic_slice_00016,semantic_slice_suspicion,review,ood,ood/non_plant_misc/takviye_20260514_scene_context_leak_check__depositphotos_354116492_stock_baedf678bf9f.jpg,,,non_plant_misc,non-plant slice has plant/crop-like path tokens,review visually; fix slice folder only when the reviewer confirms mismatch,ood/non_plant_misc/takviye_20260514_scene_context_leak_check__depositphotos_354116492_stock_baedf678bf9f.jpg,,
semantic_slice_00017,semantic_slice_suspicion,review,ood,ood/non_plant_misc/takviye_20260514_scene_context_leak_check__duvarsistemi_üzüm_41dc921320cd.jpg,,,non_plant_misc,non-plant slice has plant/crop-like path tokens,review visually; fix slice folder only when the reviewer confirms mismatch,ood/non_plant_misc/takviye_20260514_scene_context_leak_check__duvarsistemi_üzüm_41dc921320cd.jpg,,
semantic_slice_00022,semantic_slice_suspicion,review,ood,ood/non_plant_misc/takviye_20260514_scene_context_leak_check__istockphoto_1047180430_612x612_4cc05f1ba880.jpg,,,non_plant_misc,non-plant slice has plant/crop-like path tokens,review visually; fix slice folder only when the reviewer confirms mismatch,ood/non_plant_misc/takviye_20260514_scene_context_leak_check__istockphoto_1047180430_612x612_4cc05f1ba880.jpg,,
semantic_slice_00023,semantic_slice_suspicion,review,ood,ood/non_plant_misc/takviye_20260514_scene_context_leak_check__istockphoto_1083318734_612x612_04a603931eb9.jpg,,,non_plant_misc,non-plant slice has plant/crop-like path tokens,review visually; fix slice folder only when the reviewer confirms mismatch,ood/non_plant_misc/takviye_20260514_scene_context_leak_check__istockphoto_1083318734_612x612_04a603931eb9.jpg,,
semantic_slice_00024,semantic_slice_suspicion,review,ood,ood/non_plant_misc/takviye_20260514_scene_context_leak_check__istockphoto_1341464834_612x612_3f96e62a5972.jpg,,,non_plant_misc,non-plant slice has plant/crop-like path tokens,review visually; fix slice folder only when the reviewer confirms mismatch,ood/non_plant_misc/takviye_20260514_scene_context_leak_check__istockphoto_1341464834_612x612_3f96e62a5972.jpg,,
semantic_slice_00025,semantic_slice_suspicion,review,ood,ood/non_plant_misc/takviye_20260514_scene_context_leak_check__istockphoto_1366073903_640x640_b3f682518f45.png,,,non_plant_misc,non-plant slice has plant/crop-like path tokens,review visually; fix slice folder only when the reviewer confirms mismatch,ood/non_plant_misc/takviye_20260514_scene_context_leak_check__istockphoto_1366073903_640x640_b3f682518f45.png,,
semantic_slice_00026,semantic_slice_suspicion,review,ood,ood/non_plant_misc/takviye_20260514_scene_context_leak_check__istockphoto_2207200692_612x612_76b9d9329444.jpg,,,non_plant_misc,non-plant slice has plant/crop-like path tokens,review visually; fix slice folder only when the reviewer confirms mismatch,ood/non_plant_misc/takviye_20260514_scene_context_leak_check__istockphoto_2207200692_612x612_76b9d9329444.jpg,,
semantic_slice_00027,semantic_slice_suspicion,review,ood,ood/non_plant_misc/takviye_20260514_scene_context_leak_check__sulama_sistemi_2_632e99f6f835.png,,,non_plant_misc,non-plant slice has plant/crop-like path tokens,review visually; fix slice folder only when the reviewer confirms mismatch,ood/non_plant_misc/takviye_20260514_scene_context_leak_check__sulama_sistemi_2_632e99f6f835.png,,
semantic_slice_00028,semantic_slice_suspicion,review,ood,ood/non_plant_misc/takviye_20260514_scene_context_leak_check__traktor_bakimi_yaparken_nelere_fa0c51c14852.jpg,,,non_plant_misc,non-plant slice has plant/crop-like path tokens,review visually; fix slice folder only when the reviewer confirms mismatch,ood/non_plant_misc/takviye_20260514_scene_context_leak_check__traktor_bakimi_yaparken_nelere_fa0c51c14852.jpg,,
semantic_slice_00031,semantic_slice_suspicion,review,ood,ood/non_plant_misc/web_non_plant_misc_9be97481bdd5.jpg,,,non_plant_misc,non-plant slice has plant/crop-like path tokens,review visually; fix slice folder only when the reviewer confirms mismatch,ood/non_plant_misc/web_non_plant_misc_9be97481bdd5.jpg,,
semantic_slice_00032,semantic_slice_suspicion,review,ood,ood/non_plant_misc/web_non_plant_misc_beea5202eb5d.jpg,,,non_plant_misc,non-plant slice has plant/crop-like path tokens,review visually; fix slice folder only when the reviewer confirms mismatch,ood/non_plant_misc/web_non_plant_misc_beea5202eb5d.jpg,,
semantic_slice_00033,semantic_slice_suspicion,review,ood,ood/other_crop_disease/internet_20260506_bugwood_1234124_tomato_early_blight_leaf.jpg,,,other_crop_disease,fruit adapter pool item has leaf-like path or slice tokens,review visually; fix slice folder only when the reviewer confirms mismatch,ood/other_crop_disease/internet_20260506_bugwood_1234124_tomato_early_blight_leaf.jpg,,
semantic_slice_00034,semantic_slice_suspicion,review,ood,ood/other_crop_disease/internet_20260506_bugwood_5333061_tomato_late_blight_leaf.jpg,,,other_crop_disease,fruit adapter pool item has leaf-like path or slice tokens,review visually; fix slice folder only when the reviewer confirms mismatch,ood/other_crop_disease/internet_20260506_bugwood_5333061_tomato_late_blight_leaf.jpg,,
semantic_slice_00035,semantic_slice_suspicion,review,ood,ood/other_crop_disease/internet_20260506_bugwood_5632425_tomato_early_blight_leaf.jpg,,,other_crop_disease,fruit adapter pool item has leaf-like path or slice tokens,review visually; fix slice folder only when the reviewer confirms mismatch,ood/other_crop_disease/internet_20260506_bugwood_5632425_tomato_early_blight_leaf.jpg,,
semantic_slice_00051,semantic_slice_suspicion,review,ood,ood/same_crop_unsupported_unknowns/takviye_20260514_Strawberry___Leaf_scorch_1014_d3d44229b36e.jpg,,,same_crop_unsupported_unknowns,fruit adapter pool item has leaf-like path or slice tokens,review visually; fix slice folder only when the reviewer confirms mismatch,ood/same_crop_unsupported_unknowns/takviye_20260514_Strawberry___Leaf_scorch_1014_d3d44229b36e.jpg,,
semantic_slice_00052,semantic_slice_suspicion,review,ood,ood/same_crop_unsupported_unknowns/takviye_20260514_Strawberry___Leaf_scorch_1035_4c6c29f34f39.jpg,,,same_crop_unsupported_unknowns,fruit adapter pool item has leaf-like path or slice tokens,review visually; fix slice folder only when the reviewer confirms mismatch,ood/same_crop_unsupported_unknowns/takviye_20260514_Strawberry___Leaf_scorch_1035_4c6c29f34f39.jpg,,
semantic_slice_00053,semantic_slice_suspicion,review,ood,ood/same_crop_unsupported_unknowns/takviye_20260514_Strawberry___Leaf_scorch_1061_69c75ca4f26c.jpg,,,same_crop_unsupported_unknowns,fruit adapter pool item has leaf-like path or slice tokens,review visually; fix slice folder only when the reviewer confirms mismatch,ood/same_crop_unsupported_unknowns/takviye_20260514_Strawberry___Leaf_scorch_1061_69c75ca4f26c.jpg,,
semantic_slice_00054,semantic_slice_suspicion,review,ood,ood/same_crop_unsupported_unknowns/takviye_20260514_Strawberry___Leaf_scorch_168_e8d438ac92d8.jpg,,,same_crop_unsupported_unknowns,fruit adapter pool item has leaf-like path or slice tokens,review visually; fix slice folder only when the reviewer confirms mismatch,ood/same_crop_unsupported_unknowns/takviye_20260514_Strawberry___Leaf_scorch_168_e8d438ac92d8.jpg,,
semantic_slice_00055,semantic_slice_suspicion,review,ood,ood/same_crop_unsupported_unknowns/takviye_20260514_Strawberry___Leaf_scorch_256_1cf2e021f7e8.jpg,,,same_crop_unsupported_unknowns,fruit adapter pool item has leaf-like path or slice tokens,review visually; fix slice folder only when the reviewer confirms mismatch,ood/same_crop_unsupported_unknowns/takviye_20260514_Strawberry___Leaf_scorch_256_1cf2e021f7e8.jpg,,
semantic_slice_00056,semantic_slice_suspicion,review,ood,ood/same_crop_unsupported_unknowns/takviye_20260514_Strawberry___Leaf_scorch_274_692e5036e1b7.jpg,,,same_crop_unsupported_unknowns,fruit adapter pool item has leaf-like path or slice tokens,review visually; fix slice folder only when the reviewer confirms mismatch,ood/same_crop_unsupported_unknowns/takviye_20260514_Strawberry___Leaf_scorch_274_692e5036e1b7.jpg,,
semantic_slice_00057,semantic_slice_suspicion,review,ood,ood/same_crop_unsupported_unknowns/takviye_20260514_Strawberry___Leaf_scorch_306_d30d1efc7d89.jpg,,,same_crop_unsupported_unknowns,fruit adapter pool item has leaf-like path or slice tokens,review visually; fix slice folder only when the reviewer confirms mismatch,ood/same_crop_unsupported_unknowns/takviye_20260514_Strawberry___Leaf_scorch_306_d30d1efc7d89.jpg,,
semantic_slice_00058,semantic_slice_suspicion,review,ood,ood/same_crop_unsupported_unknowns/takviye_20260514_Strawberry___Leaf_scorch_30_bede12909802.jpg,,,same_crop_unsupported_unknowns,fruit adapter pool item has leaf-like path or slice tokens,review visually; fix slice folder only when the reviewer confirms mismatch,ood/same_crop_unsupported_unknowns/takviye_20260514_Strawberry___Leaf_scorch_30_bede12909802.jpg,,
semantic_slice_00059,semantic_slice_suspicion,review,ood,ood/same_crop_unsupported_unknowns/takviye_20260514_Strawberry___Leaf_scorch_349_cb5786f8993e.jpg,,,same_crop_unsupported_unknowns,fruit adapter pool item has leaf-like path or slice tokens,review visually; fix slice folder only when the reviewer confirms mismatch,ood/same_crop_unsupported_unknowns/takviye_20260514_Strawberry___Leaf_scorch_349_cb5786f8993e.jpg,,
semantic_slice_00060,semantic_slice_suspicion,review,ood,ood/same_crop_unsupported_unknowns/takviye_20260514_Strawberry___Leaf_scorch_384_541a594ba91c.jpg,,,same_crop_unsupported_unknowns,fruit adapter pool item has leaf-like path or slice tokens,review visually; fix slice folder only when the reviewer confirms mismatch,ood/same_crop_unsupported_unknowns/takviye_20260514_Strawberry___Leaf_scorch_384_541a594ba91c.jpg,,
semantic_slice_00061,semantic_slice_suspicion,review,ood,ood/same_crop_unsupported_unknowns/takviye_20260514_Strawberry___Leaf_scorch_586_3047addeceea.jpg,,,same_crop_unsupported_unknowns,fruit adapter pool item has leaf-like path or slice tokens,review visually; fix slice folder only when the reviewer confirms mismatch,ood/same_crop_unsupported_unknowns/takviye_20260514_Strawberry___Leaf_scorch_586_3047addeceea.jpg,,
semantic_slice_00062,semantic_slice_suspicion,review,ood,ood/same_crop_unsupported_unknowns/takviye_20260514_Strawberry___Leaf_scorch_621_0151574f981b.jpg,,,same_crop_unsupported_unknowns,fruit adapter pool item has leaf-like path or slice tokens,review visually; fix slice folder only when the reviewer confirms mismatch,ood/same_crop_unsupported_unknowns/takviye_20260514_Strawberry___Leaf_scorch_621_0151574f981b.jpg,,
semantic_slice_00063,semantic_slice_suspicion,review,ood,ood/same_crop_unsupported_unknowns/takviye_20260514_Strawberry___Leaf_scorch_625_f1885d5d1f52.jpg,,,same_crop_unsupported_unknowns,fruit adapter pool item has leaf-like path or slice tokens,review visually; fix slice folder only when the reviewer confirms mismatch,ood/same_crop_unsupported_unknowns/takviye_20260514_Strawberry___Leaf_scorch_625_f1885d5d1f52.jpg,,
semantic_slice_00064,semantic_slice_suspicion,review,ood,ood/same_crop_unsupported_unknowns/takviye_20260514_Strawberry___Leaf_scorch_661_96551f538af6.jpg,,,same_crop_unsupported_unknowns,fruit adapter pool item has leaf-like path or slice tokens,review visually; fix slice folder only when the reviewer confirms mismatch,ood/same_crop_unsupported_unknowns/takviye_20260514_Strawberry___Leaf_scorch_661_96551f538af6.jpg,,
semantic_slice_00065,semantic_slice_suspicion,review,ood,ood/same_crop_unsupported_unknowns/takviye_20260514_Strawberry___Leaf_scorch_66_89dec55e5121.jpg,,,same_crop_unsupported_unknowns,fruit adapter pool item has leaf-like path or slice tokens,review visually; fix slice folder only when the reviewer confirms mismatch,ood/same_crop_unsupported_unknowns/takviye_20260514_Strawberry___Leaf_scorch_66_89dec55e5121.jpg,,
semantic_slice_00066,semantic_slice_suspicion,review,ood,ood/same_crop_unsupported_unknowns/takviye_20260514_Strawberry___Leaf_scorch_689_f45f15c459b5.jpg,,,same_crop_unsupported_unknowns,fruit adapter pool item has leaf-like path or slice tokens,review visually; fix slice folder only when the reviewer confirms mismatch,ood/same_crop_unsupported_unknowns/takviye_20260514_Strawberry___Leaf_scorch_689_f45f15c459b5.jpg,,
semantic_slice_00067,semantic_slice_suspicion,review,ood,ood/same_crop_unsupported_unknowns/takviye_20260514_Strawberry___Leaf_scorch_746_593389f30b96.jpg,,,same_crop_unsupported_unknowns,fruit adapter pool item has leaf-like path or slice tokens,review visually; fix slice folder only when the reviewer confirms mismatch,ood/same_crop_unsupported_unknowns/takviye_20260514_Strawberry___Leaf_scorch_746_593389f30b96.jpg,,
semantic_slice_00068,semantic_slice_suspicion,review,ood,ood/same_crop_unsupported_unknowns/takviye_20260514_Strawberry___Leaf_scorch_769_4f1a0b77bad3.jpg,,,same_crop_unsupported_unknowns,fruit adapter pool item has leaf-like path or slice tokens,review visually; fix slice folder only when the reviewer confirms mismatch,ood/same_crop_unsupported_unknowns/takviye_20260514_Strawberry___Leaf_scorch_769_4f1a0b77bad3.jpg,,
semantic_slice_00069,semantic_slice_suspicion,review,ood,ood/same_crop_unsupported_unknowns/takviye_20260514_Strawberry___Leaf_scorch_770_d9acab5478b3.jpg,,,same_crop_unsupported_unknowns,fruit adapter pool item has leaf-like path or slice tokens,review visually; fix slice folder only when the reviewer confirms mismatch,ood/same_crop_unsupported_unknowns/takviye_20260514_Strawberry___Leaf_scorch_770_d9acab5478b3.jpg,,
semantic_slice_00070,semantic_slice_suspicion,review,ood,ood/same_crop_unsupported_unknowns/takviye_20260514_Strawberry___Leaf_scorch_781_7d84bba6156b.jpg,,,same_crop_unsupported_unknowns,fruit adapter pool item has leaf-like path or slice tokens,review visually; fix slice folder only when the reviewer confirms mismatch,ood/same_crop_unsupported_unknowns/takviye_20260514_Strawberry___Leaf_scorch_781_7d84bba6156b.jpg,,
semantic_slice_00071,semantic_slice_suspicion,review,ood,ood/same_crop_unsupported_unknowns/takviye_20260514_Strawberry___Leaf_scorch_883_efb9daa38f18.jpg,,,same_crop_unsupported_unknowns,fruit adapter pool item has leaf-like path or slice tokens,review visually; fix slice folder only when the reviewer confirms mismatch,ood/same_crop_unsupported_unknowns/takviye_20260514_Strawberry___Leaf_scorch_883_efb9daa38f18.jpg,,
semantic_slice_00072,semantic_slice_suspicion,review,ood,ood/same_crop_unsupported_unknowns/takviye_20260514_Strawberry___Leaf_scorch_896_8d8e77cad184.jpg,,,same_crop_unsupported_unknowns,fruit adapter pool item has leaf-like path or slice tokens,review visually; fix slice folder only when the reviewer confirms mismatch,ood/same_crop_unsupported_unknowns/takviye_20260514_Strawberry___Leaf_scorch_896_8d8e77cad184.jpg,,
semantic_slice_00036,semantic_slice_suspicion,review,ood,ood/same_crop_unsupported_unknowns/takviye_20260514_leaf_spot_130_6424b7bdbc76.jpg,,,same_crop_unsupported_unknowns,fruit adapter pool item has leaf-like path or slice tokens,review visually; fix slice folder only when the reviewer confirms mismatch,ood/same_crop_unsupported_unknowns/takviye_20260514_leaf_spot_130_6424b7bdbc76.jpg,,
semantic_slice_00037,semantic_slice_suspicion,review,ood,ood/same_crop_unsupported_unknowns/takviye_20260514_leaf_spot_182_3ecaa9878be3.jpg,,,same_crop_unsupported_unknowns,fruit adapter pool item has leaf-like path or slice tokens,review visually; fix slice folder only when the reviewer confirms mismatch,ood/same_crop_unsupported_unknowns/takviye_20260514_leaf_spot_182_3ecaa9878be3.jpg,,
semantic_slice_00038,semantic_slice_suspicion,review,ood,ood/same_crop_unsupported_unknowns/takviye_20260514_leaf_spot_295_5d3e885bb448.jpg,,,same_crop_unsupported_unknowns,fruit adapter pool item has leaf-like path or slice tokens,review visually; fix slice folder only when the reviewer confirms mismatch,ood/same_crop_unsupported_unknowns/takviye_20260514_leaf_spot_295_5d3e885bb448.jpg,,
semantic_slice_00039,semantic_slice_suspicion,review,ood,ood/same_crop_unsupported_unknowns/takviye_20260514_leaf_spot_297_94b2cf8008b0.jpg,,,same_crop_unsupported_unknowns,fruit adapter pool item has leaf-like path or slice tokens,review visually; fix slice folder only when the reviewer confirms mismatch,ood/same_crop_unsupported_unknowns/takviye_20260514_leaf_spot_297_94b2cf8008b0.jpg,,
semantic_slice_00040,semantic_slice_suspicion,review,ood,ood/same_crop_unsupported_unknowns/takviye_20260514_leaf_spot_321_3ceabeed2f1f.jpg,,,same_crop_unsupported_unknowns,fruit adapter pool item has leaf-like path or slice tokens,review visually; fix slice folder only when the reviewer confirms mismatch,ood/same_crop_unsupported_unknowns/takviye_20260514_leaf_spot_321_3ceabeed2f1f.jpg,,
semantic_slice_00041,semantic_slice_suspicion,review,ood,ood/same_crop_unsupported_unknowns/takviye_20260514_leaf_spot_382_3878444fbebb.jpg,,,same_crop_unsupported_unknowns,fruit adapter pool item has leaf-like path or slice tokens,review visually; fix slice folder only when the reviewer confirms mismatch,ood/same_crop_unsupported_unknowns/takviye_20260514_leaf_spot_382_3878444fbebb.jpg,,
semantic_slice_00042,semantic_slice_suspicion,review,ood,ood/same_crop_unsupported_unknowns/takviye_20260514_leaf_spot_408_555607fa1ad3.jpg,,,same_crop_unsupported_unknowns,fruit adapter pool item has leaf-like path or slice tokens,review visually; fix slice folder only when the reviewer confirms mismatch,ood/same_crop_unsupported_unknowns/takviye_20260514_leaf_spot_408_555607fa1ad3.jpg,,
semantic_slice_00043,semantic_slice_suspicion,review,ood,ood/same_crop_unsupported_unknowns/takviye_20260514_leaf_spot_416_d74ef88763ad.jpg,,,same_crop_unsupported_unknowns,fruit adapter pool item has leaf-like path or slice tokens,review visually; fix slice folder only when the reviewer confirms mismatch,ood/same_crop_unsupported_unknowns/takviye_20260514_leaf_spot_416_d74ef88763ad.jpg,,
semantic_slice_00044,semantic_slice_suspicion,review,ood,ood/same_crop_unsupported_unknowns/takviye_20260514_leaf_spot_464_0d31f92afe91.jpg,,,same_crop_unsupported_unknowns,fruit adapter pool item has leaf-like path or slice tokens,review visually; fix slice folder only when the reviewer confirms mismatch,ood/same_crop_unsupported_unknowns/takviye_20260514_leaf_spot_464_0d31f92afe91.jpg,,
semantic_slice_00045,semantic_slice_suspicion,review,ood,ood/same_crop_unsupported_unknowns/takviye_20260514_leaf_spot_55_250aa47878e5.jpg,,,same_crop_unsupported_unknowns,fruit adapter pool item has leaf-like path or slice tokens,review visually; fix slice folder only when the reviewer confirms mismatch,ood/same_crop_unsupported_unknowns/takviye_20260514_leaf_spot_55_250aa47878e5.jpg,,
semantic_slice_00046,semantic_slice_suspicion,review,ood,ood/same_crop_unsupported_unknowns/takviye_20260514_leaf_spot_590_df832dc18b51.jpg,,,same_crop_unsupported_unknowns,fruit adapter pool item has leaf-like path or slice tokens,review visually; fix slice folder only when the reviewer confirms mismatch,ood/same_crop_unsupported_unknowns/takviye_20260514_leaf_spot_590_df832dc18b51.jpg,,
semantic_slice_00047,semantic_slice_suspicion,review,ood,ood/same_crop_unsupported_unknowns/takviye_20260514_leaf_spot_64_cb9a1cea2436.jpg,,,same_crop_unsupported_unknowns,fruit adapter pool item has leaf-like path or slice tokens,review visually; fix slice folder only when the reviewer confirms mismatch,ood/same_crop_unsupported_unknowns/takviye_20260514_leaf_spot_64_cb9a1cea2436.jpg,,
semantic_slice_00048,semantic_slice_suspicion,review,ood,ood/same_crop_unsupported_unknowns/takviye_20260514_powdery_mildew_leaf_320_7285db8d1864.jpg,,,same_crop_unsupported_unknowns,fruit adapter pool item has leaf-like path or slice tokens,review visually; fix slice folder only when the reviewer confirms mismatch,ood/same_crop_unsupported_unknowns/takviye_20260514_powdery_mildew_leaf_320_7285db8d1864.jpg,,
semantic_slice_00049,semantic_slice_suspicion,review,ood,ood/same_crop_unsupported_unknowns/takviye_20260514_powdery_mildew_leaf_439_af88c59a1213.jpg,,,same_crop_unsupported_unknowns,fruit adapter pool item has leaf-like path or slice tokens,review visually; fix slice folder only when the reviewer confirms mismatch,ood/same_crop_unsupported_unknowns/takviye_20260514_powdery_mildew_leaf_439_af88c59a1213.jpg,,
semantic_slice_00050,semantic_slice_suspicion,review,ood,ood/same_crop_unsupported_unknowns/takviye_20260514_powdery_mildew_leaf_46_b5db6e9ab3e9.jpg,,,same_crop_unsupported_unknowns,fruit adapter pool item has leaf-like path or slice tokens,review visually; fix slice folder only when the reviewer confirms mismatch,ood/same_crop_unsupported_unknowns/takviye_20260514_powdery_mildew_leaf_46_b5db6e9ab3e9.jpg,,
