ablation_name,image_path,expected_label,crop,part,router_status,router_confidence,router_crop,router_part,router_primary_crop,router_primary_part,bbox,bbox_area_ratio,roi_quality_status,semantic_roi_match,require_semantic_roi_match,roi_eligible,decision_policy,final_view,roi_evidence_status,requires_review,review_reasons,full_confidence_review_threshold,selected_detection_source,target_detection_found,target_roi_backend,target_prompt,target_detection_confidence,target_detection_source,grounding_dino_candidate_count,grounding_dino_status,grounding_dino_error,input_view,selected_view,diagnosis,confidence,ood_is_ood,ood_primary_score,full_diagnosis,full_confidence,full_ood_is_ood,roi_diagnosis,roi_confidence,roi_ood_is_ood,dual_view_disagreement,confidence_delta_roi_minus_full,latency_ms,status
dual_view_inference,/content/bitirmeprojesi/data/prepared_runtime_datasets/tomato__fruit/test/domates_antraknoz_meyve/Kaggle_test_anthracnose_18_png.rf.207289ef35095182cc6da2f98636f8df.jpg,domates_antraknoz_meyve,tomato,fruit,ok,0.7629105448722839,tomato,fruit,eggplant,unknown,"[167.48252868652344, 152.45706176757812, 371.36151123046875, 455.83929443359375]",0.15100893778773866,roi_ok,True,True,True,full_image_primary_with_roi_evidence,full_image,supports_full,False,,0.7,grounding_dino,True,router_then_grounding_dino,a tomato fruit.,0.7629105448722839,grounding_dino,70,ok,,full_image,full_image,domates_antraknoz_meyve,0.901279628276825,True,3.8039801120758057,domates_antraknoz_meyve,0.901279628276825,True,domates_antraknoz_meyve,0.5817002058029175,True,False,-0.31957942247390747,2095.144480998897,success
dual_view_inference,/content/bitirmeprojesi/data/prepared_runtime_datasets/tomato__fruit/test/domates_antraknoz_meyve/Kaggle_train_anthracnose_10_zoom_2_png.rf.f80b2011ed96c63958f39b7c1358467a.jpg,domates_antraknoz_meyve,tomato,fruit,ok,0.9218239188194275,tomato,fruit,,,"[160.50146484375, 0.0, 639.8836669921875, 519.3915405273438]",0.607878565613446,roi_ok,True,True,True,full_image_primary_with_roi_evidence,full_image,supports_full,False,,0.7,grounding_dino,True,router_then_grounding_dino,a tomato fruit.,0.9218239188194275,grounding_dino,8,ok,,full_image,full_image,domates_antraknoz_meyve,0.9930596351623535,False,0.4892924726009369,domates_antraknoz_meyve,0.9930596351623535,False,domates_antraknoz_meyve,0.9978285431861877,False,False,0.0047689080238342285,224.96001400031673,success
dual_view_inference,/content/bitirmeprojesi/data/prepared_runtime_datasets/tomato__fruit/test/domates_antraknoz_meyve/Kaggle_train_anthracnose_12-Copy_png.rf.d8e8dba62cee137482d1172513315a20.jpg,domates_antraknoz_meyve,tomato,fruit,ok,0.4501487435901383,tomato,fruit,tomato,fruit,"[12.429141998291016, 0.0, 639.7429809570312, 629.6172485351562]",0.964276399544014,roi_too_large,True,True,False,full_image_primary_with_roi_evidence,full_image,roi_too_large,False,,0.7,router_detection,True,router_then_grounding_dino,,0.4501487435901383,router_detection,0,,,full_image,full_image,domates_antraknoz_meyve,0.9983295798301697,False,-1.351051688194275,domates_antraknoz_meyve,0.9983295798301697,False,,,,False,,111.90568199981499,success
dual_view_inference,/content/bitirmeprojesi/data/prepared_runtime_datasets/tomato__fruit/test/domates_antraknoz_meyve/Kaggle_train_anthracnose_16_zoom_3_png.rf.8d5c2d6258a8360cbeebebadb1765baf.jpg,domates_antraknoz_meyve,tomato,fruit,ok,0.914130687713623,tomato,fruit,banana,unknown,"[145.0509033203125, 0.21076202392578125, 639.9179077148438, 611.5042114257812]",0.7385472610143949,roi_ok,True,True,True,full_image_primary_with_roi_evidence,full_image,supports_full,False,,0.7,grounding_dino,True,router_then_grounding_dino,a tomato fruit.,0.914130687713623,grounding_dino,11,ok,,full_image,full_image,domates_antraknoz_meyve,0.9969382286071777,False,-0.7212266325950623,domates_antraknoz_meyve,0.9969382286071777,False,domates_antraknoz_meyve,0.9929297566413879,False,False,-0.004008471965789795,222.6566859999366,success
dual_view_inference,/content/bitirmeprojesi/data/prepared_runtime_datasets/tomato__fruit/test/domates_antraknoz_meyve/Kaggle_train_anthracnose_19-Copy_png.rf.7525048ab217901948bfc64393ad5b43.jpg,domates_antraknoz_meyve,tomato,fruit,ok,0.9128385186195374,tomato,fruit,eggplant,unknown,"[62.196388244628906, 5.592994689941406, 591.5473022460938, 627.80322265625]",0.8041200021362921,roi_ok,True,True,True,full_image_primary_with_roi_evidence,full_image,supports_full,False,,0.7,grounding_dino,True,router_then_grounding_dino,tomato plant.,0.9128385186195374,grounding_dino,8,ok,,full_image,full_image,domates_antraknoz_meyve,0.9939676523208618,False,0.7340688705444336,domates_antraknoz_meyve,0.9939676523208618,False,domates_antraknoz_meyve,0.9937007427215576,False,False,-0.0002669095993041992,223.92373799902998,success
dual_view_inference,/content/bitirmeprojesi/data/prepared_runtime_datasets/tomato__fruit/test/domates_antraknoz_meyve/Kaggle_train_anthracnose_22_zoom_1_png.rf.0965f4a6e11e72b6a405d0e9231e0b14.jpg,domates_antraknoz_meyve,tomato,fruit,ok,0.7000204920768738,tomato,fruit,banana,unknown,"[19.091739654541016, 1.6296958923339844, 487.9581298828125, 350.71807861328125]",0.39959914520750944,roi_ok,True,True,True,full_image_primary_with_roi_evidence,full_image,supports_full,False,,0.7,grounding_dino,True,router_then_grounding_dino,tomato fruit.,0.7000204920768738,grounding_dino,33,ok,,full_image,full_image,domates_antraknoz_meyve,0.9395846724510193,False,0.036386072635650635,domates_antraknoz_meyve,0.9395846724510193,False,domates_antraknoz_meyve,0.6660705208778381,False,False,-0.27351415157318115,230.90359500110935,success
dual_view_inference,/content/bitirmeprojesi/data/prepared_runtime_datasets/tomato__fruit/test/domates_antraknoz_meyve/Kaggle_train_anthracnose_24-Copy_png.rf.e93f114f28a88c99d1ba5cb5d9c04c9b.jpg,domates_antraknoz_meyve,tomato,fruit,ok,0.9215688109397888,tomato,fruit,lemon,unknown,"[0.08790969848632812, 1.4548683166503906, 635.5166015625, 639.552490234375]",0.989906096622846,roi_too_large,True,True,False,full_image_primary_with_roi_evidence,full_image,roi_too_large,False,,0.7,grounding_dino,True,router_then_grounding_dino,a tomato fruit.,0.9215688109397888,grounding_dino,8,ok,,full_image,full_image,domates_antraknoz_meyve,0.9832981824874878,False,0.0990823358297348,domates_antraknoz_meyve,0.9832981824874878,False,,,,False,,113.27657499987254,success
dual_view_inference,/content/bitirmeprojesi/data/prepared_runtime_datasets/tomato__fruit/test/domates_antraknoz_meyve/Kaggle_train_anthracnose_3-Copy_png.rf.6cc0f31a793088eea812ca66ddc12403.jpg,domates_antraknoz_meyve,tomato,fruit,ok,0.711933970451355,tomato,fruit,,,"[412.96966552734375, 38.959903717041016, 633.96923828125, 340.62799072265625]",0.16276493735773725,roi_ok,True,True,True,full_image_primary_with_roi_evidence,full_image,supports_full,False,,0.7,grounding_dino,True,router_then_grounding_dino,tomato fruit.,0.711933970451355,grounding_dino,43,ok,,full_image,full_image,domates_antraknoz_meyve,0.9947603344917297,False,-0.24803376197814941,domates_antraknoz_meyve,0.9947603344917297,False,domates_antraknoz_meyve,0.7641079425811768,True,False,-0.23065239191055298,227.6266389999364,success
dual_view_inference,/content/bitirmeprojesi/data/prepared_runtime_datasets/tomato__fruit/test/domates_antraknoz_meyve/Kaggle_train_anthracnose_5-Copy_png.rf.85e68af386511df8beb4e150e4d357f5.jpg,domates_antraknoz_meyve,tomato,fruit,ok,0.8854681253433228,tomato,fruit,,,"[0.2739715576171875, 0.0, 634.9798583984375, 620.135009765625]",0.960945657554521,roi_too_large,True,True,False,full_image_primary_with_roi_evidence,full_image,roi_too_large,False,,0.7,grounding_dino,True,router_then_grounding_dino,tomato plant.,0.8854681253433228,grounding_dino,15,ok,,full_image,full_image,domates_antraknoz_meyve,0.9796791076660156,False,0.9809571504592896,domates_antraknoz_meyve,0.9796791076660156,False,,,,False,,113.86918399966817,success
dual_view_inference,/content/bitirmeprojesi/data/prepared_runtime_datasets/tomato__fruit/test/domates_antraknoz_meyve/Kaggle_train_anthracnose_6_zoom_4_png.rf.cc6b4023bf2945edcb596399ba776e48.jpg,domates_antraknoz_meyve,tomato,fruit,ok,0.8759810328483582,tomato,fruit,lemon,unknown,"[1.7981147766113281, 46.35835647583008, 640.0, 640.0]",0.9249590235454983,roi_too_large,True,True,False,full_image_primary_with_roi_evidence,full_image,roi_too_large,False,,0.7,grounding_dino,True,router_then_grounding_dino,tomato plant.,0.8759810328483582,grounding_dino,8,ok,,full_image,full_image,domates_antraknoz_meyve,0.9959121942520142,False,0.7293481826782227,domates_antraknoz_meyve,0.9959121942520142,False,,,,False,,114.35121599970444,success
dual_view_inference,/content/bitirmeprojesi/data/prepared_runtime_datasets/tomato__fruit/test/domates_antraknoz_meyve/Kaggle_train_anthracnose_9_png.rf.7eb80eddc4fd8186452dcd866924fdbd.jpg,domates_antraknoz_meyve,tomato,fruit,ok,0.29361376436724834,tomato,fruit,tomato,fruit,"[120.32026672363281, 74.04327392578125, 522.529296875, 570.5734252929688]",0.4875705825739942,roi_ok,True,True,True,full_image_primary_with_roi_evidence,full_image,supports_full,False,,0.7,router_detection,True,router_then_grounding_dino,,0.29361376436724834,router_detection,0,,,full_image,full_image,domates_antraknoz_meyve,0.8831677436828613,True,3.950141429901123,domates_antraknoz_meyve,0.8831677436828613,True,domates_antraknoz_meyve,0.5388613939285278,True,False,-0.3443063497543335,226.49012100009713,success
dual_view_inference,/content/bitirmeprojesi/data/prepared_runtime_datasets/tomato__fruit/test/domates_antraknoz_meyve/Kaggle_valid_anthracnose3_jpg.rf.113efe58df72d7bc235fd4983f48e27f.jpg,domates_antraknoz_meyve,tomato,fruit,ok,0.8059737086296082,tomato,fruit,lemon,unknown,"[72.31797790527344, 177.41148376464844, 469.6468505859375, 519.7401123046875]",0.3320728712503211,roi_ok,True,True,True,full_image_primary_with_roi_evidence,full_image,supports_full,False,,0.7,grounding_dino,True,router_then_grounding_dino,fruit on tomato plant.,0.8059737086296082,grounding_dino,33,ok,,full_image,full_image,domates_antraknoz_meyve,0.9817259907722473,False,1.3070957660675049,domates_antraknoz_meyve,0.9817259907722473,False,domates_antraknoz_meyve,0.9331775307655334,True,False,-0.04854846000671387,229.857818999335,success
dual_view_inference,/content/bitirmeprojesi/data/prepared_runtime_datasets/tomato__fruit/test/domates_bacterial_spot_and_speck_meyve/tomato_bacterial_leaf_spot_147.jpg,domates_bacterial_spot_and_speck_meyve,tomato,fruit,ok,0.7074793577194214,tomato,fruit,eggplant,unknown,"[0.9106278419494629, 0.756382942199707, 1199.0927734375, 1197.9498291015625]",0.9961498694528864,roi_too_large,True,True,False,full_image_primary_with_roi_evidence,full_image,roi_too_large,False,,0.7,grounding_dino,True,router_then_grounding_dino,tomato plant.,0.7074793577194214,grounding_dino,51,ok,,full_image,full_image,domates_bacterial_spot_and_speck_meyve,0.9990861415863037,True,12.998257637023926,domates_bacterial_spot_and_speck_meyve,0.9990861415863037,True,,,,False,,122.98065000049974,success
dual_view_inference,/content/bitirmeprojesi/data/prepared_runtime_datasets/tomato__fruit/test/domates_bacterial_spot_and_speck_meyve/tomato_bacterial_leaf_spot_64.jpg,domates_bacterial_spot_and_speck_meyve,tomato,fruit,ok,0.7389408946037292,tomato,fruit,eggplant,unknown,"[284.20806884765625, 483.5431213378906, 586.4332275390625, 773.5502319335938]",0.10267976220878934,roi_ok,True,True,True,full_image_primary_with_roi_evidence,full_image,supports_full,False,,0.7,grounding_dino,True,router_then_grounding_dino,tomato fruit.,0.7389408946037292,grounding_dino,66,ok,,full_image,full_image,domates_bacterial_spot_and_speck_meyve,0.7477163076400757,True,20.263835906982422,domates_bacterial_spot_and_speck_meyve,0.7477163076400757,True,domates_bacterial_spot_and_speck_meyve,0.9963738322257996,True,False,0.24865752458572388,225.98840199952974,success
dual_view_inference,/content/bitirmeprojesi/data/prepared_runtime_datasets/tomato__fruit/test/domates_bacterial_spot_and_speck_meyve/tomato_bacterial_leaf_spot_81.jpg,domates_bacterial_spot_and_speck_meyve,tomato,fruit,ok,0.8000673651695251,tomato,fruit,eggplant,unknown,"[0.03522634506225586, 0.0, 478.1611328125, 333.55780029296875]",0.6994852001068432,roi_ok,True,True,True,full_image_primary_with_roi_evidence,full_image,supports_full,False,,0.7,grounding_dino,True,router_then_grounding_dino,fruit on tomato plant.,0.8000673651695251,grounding_dino,41,ok,,full_image,full_image,domates_bacterial_spot_and_speck_meyve,0.8653329610824585,True,33.15776443481445,domates_bacterial_spot_and_speck_meyve,0.8653329610824585,True,domates_bacterial_spot_and_speck_meyve,0.9932796359062195,True,False,0.127946674823761,230.06653600077698,success
dual_view_inference,/content/bitirmeprojesi/data/prepared_runtime_datasets/tomato__fruit/test/domates_blossom_end_rot_meyve/Kaggle_test_Blossom_end_root_36_png.rf.62821315b6209cfafe08025639e184da.jpg,domates_blossom_end_rot_meyve,tomato,fruit,ok,0.6349064707756042,tomato,fruit,eggplant,unknown,"[62.335243225097656, 47.4237060546875, 284.2484130859375, 388.32843017578125]",0.18469542956603277,roi_ok,True,True,True,full_image_primary_with_roi_evidence,full_image,supports_full,False,,0.7,grounding_dino,True,router_then_grounding_dino,a tomato fruit.,0.6349064707756042,grounding_dino,55,ok,,full_image,full_image,domates_blossom_end_rot_meyve,0.9226230978965759,False,-0.175232395529747,domates_blossom_end_rot_meyve,0.9226230978965759,False,domates_blossom_end_rot_meyve,0.9994233846664429,False,False,0.07680028676986694,223.78951199971198,success
dual_view_inference,/content/bitirmeprojesi/data/prepared_runtime_datasets/tomato__fruit/test/domates_blossom_end_rot_meyve/Kaggle_train_Blossom_end_root_24-Copy_png.rf.3e342ad78c9594029833cfc9676a8cb8.jpg,domates_blossom_end_rot_meyve,tomato,fruit,ok,0.8025579452514648,tomato,fruit,banana,unknown,"[300.96990966796875, 222.28819274902344, 552.7429809570312, 622.3084106445312]",0.2458845674738086,roi_ok,True,True,True,full_image_primary_with_roi_evidence,full_image,supports_full,True,low_full_confidence,0.7,grounding_dino,True,router_then_grounding_dino,tomato fruit.,0.8025579452514648,grounding_dino,23,ok,,full_image,full_image,domates_blossom_end_rot_meyve,0.621174156665802,False,2.342993974685669,domates_blossom_end_rot_meyve,0.621174156665802,False,domates_blossom_end_rot_meyve,0.9026100635528564,False,False,0.28143590688705444,225.56569300013507,success
dual_view_inference,/content/bitirmeprojesi/data/prepared_runtime_datasets/tomato__fruit/test/domates_blossom_end_rot_meyve/Kaggle_train_Blossom_end_root_27-Copy_png.rf.8111306aa759e06e71d7b59e55d82d8b.jpg,domates_blossom_end_rot_meyve,tomato,fruit,ok,0.8257042169570923,tomato,fruit,eggplant,unknown,"[249.47039794921875, 269.68768310546875, 545.6412353515625, 506.21099853515625]",0.1710237021386456,roi_ok,True,True,True,full_image_primary_with_roi_evidence,full_image,supports_full,False,,0.7,grounding_dino,True,router_then_grounding_dino,tomato fruit.,0.8257042169570923,grounding_dino,19,ok,,full_image,full_image,domates_blossom_end_rot_meyve,0.9673895239830017,False,0.06070263683795929,domates_blossom_end_rot_meyve,0.9673895239830017,False,domates_blossom_end_rot_meyve,0.9997643828392029,False,False,0.03237485885620117,221.40527999908954,success
dual_view_inference,/content/bitirmeprojesi/data/prepared_runtime_datasets/tomato__fruit/test/domates_blossom_end_rot_meyve/Kaggle_train_Blossom_end_root_2_zoom_1_png.rf.d7298363c1e1201f641a2c863ed0a317.jpg,domates_blossom_end_rot_meyve,tomato,fruit,ok,0.6593270301818848,tomato,fruit,eggplant,unknown,"[278.5348205566406, 272.06427001953125, 621.4491577148438, 639.8704833984375]",0.30792486294798893,roi_ok,True,True,True,full_image_primary_with_roi_evidence,full_image,supports_full,False,,0.7,grounding_dino,True,router_then_grounding_dino,tomato fruit.,0.6593270301818848,grounding_dino,32,ok,,full_image,full_image,domates_blossom_end_rot_meyve,0.9996160268783569,False,0.9645723104476929,domates_blossom_end_rot_meyve,0.9996160268783569,False,domates_blossom_end_rot_meyve,0.9997161030769348,False,False,0.00010007619857788086,221.85064299992518,success
dual_view_inference,/content/bitirmeprojesi/data/prepared_runtime_datasets/tomato__fruit/test/domates_blossom_end_rot_meyve/Kaggle_train_Blossom_end_root_33-Copy_png.rf.c08ab10d879dab1355dfd3f38a3e8369.jpg,domates_blossom_end_rot_meyve,tomato,fruit,ok,0.7101942300796509,tomato,fruit,eggplant,unknown,"[112.84247589111328, 154.43106079101562, 384.21356201171875, 376.5263366699219]",0.1471441314392439,roi_ok,True,True,True,full_image_primary_with_roi_evidence,full_image,supports_full,False,,0.7,grounding_dino,True,router_then_grounding_dino,a tomato fruit.,0.7101942300796509,grounding_dino,24,ok,,full_image,full_image,domates_blossom_end_rot_meyve,0.9567376971244812,False,2.1758992671966553,domates_blossom_end_rot_meyve,0.9567376971244812,False,domates_blossom_end_rot_meyve,0.9970452189445496,False,False,0.04030752182006836,221.8821439992098,success
dual_view_inference,/content/bitirmeprojesi/data/prepared_runtime_datasets/tomato__fruit/test/domates_blossom_end_rot_meyve/Kaggle_train_Blossom_end_root_37_png.rf.6d0289aa67e1cb75237b77e287d73981.jpg,domates_blossom_end_rot_meyve,tomato,fruit,ok,0.7149511575698853,tomato,fruit,eggplant,unknown,"[221.78329467773438, 148.14739990234375, 382.7248840332031, 359.5782775878906]",0.08307622434944734,roi_ok,True,True,True,full_image_primary_with_roi_evidence,full_image,supports_full,True,low_full_confidence,0.7,grounding_dino,True,router_then_grounding_dino,tomato fruits.,0.7149511575698853,grounding_dino,41,ok,,full_image,full_image,domates_blossom_end_rot_meyve,0.4946627616882324,False,2.0126419067382812,domates_blossom_end_rot_meyve,0.4946627616882324,False,domates_blossom_end_rot_meyve,0.9992801547050476,False,False,0.5046173930168152,226.3116110007104,success
dual_view_inference,/content/bitirmeprojesi/data/prepared_runtime_datasets/tomato__fruit/test/domates_blossom_end_rot_meyve/Kaggle_train_Blossom_end_root_3_zoom_4_png.rf.1b4308bec15dc5c8f96fbf2e2a324a6a.jpg,domates_blossom_end_rot_meyve,tomato,fruit,ok,0.7410529851913452,tomato,fruit,eggplant,unknown,"[347.014404296875, 0.0, 523.6756591796875, 224.30862426757812]",0.09674473399450108,roi_ok,True,True,True,full_image_primary_with_roi_evidence,full_image,supports_full,False,,0.7,grounding_dino,True,router_then_grounding_dino,tomato fruit.,0.7410529851913452,grounding_dino,45,ok,,full_image,full_image,domates_blossom_end_rot_meyve,0.9776148200035095,False,-0.2004585862159729,domates_blossom_end_rot_meyve,0.9776148200035095,False,domates_blossom_end_rot_meyve,0.9989702701568604,False,False,0.02135545015335083,223.0289150002136,success
dual_view_inference,/content/bitirmeprojesi/data/prepared_runtime_datasets/tomato__fruit/test/domates_blossom_end_rot_meyve/Kaggle_train_Blossom_end_root_9-Copy_png.rf.24039f7363f992e589542d8e8a4993ff.jpg,domates_blossom_end_rot_meyve,tomato,fruit,ok,0.7676934599876404,tomato,fruit,eggplant,unknown,"[284.09930419921875, 227.236328125, 525.93603515625, 540.0928955078125]",0.1847173083845155,roi_ok,True,True,True,full_image_primary_with_roi_evidence,full_image,supports_full,False,,0.7,grounding_dino,True,router_then_grounding_dino,tomato fruit.,0.7676934599876404,grounding_dino,32,ok,,full_image,full_image,domates_blossom_end_rot_meyve,0.8316198587417603,False,0.4523146450519562,domates_blossom_end_rot_meyve,0.8316198587417603,False,domates_blossom_end_rot_meyve,0.9991415739059448,False,False,0.16752171516418457,223.73106100076257,success
dual_view_inference,/content/bitirmeprojesi/data/prepared_runtime_datasets/tomato__fruit/test/domates_blossom_end_rot_meyve/Kaggle_train_Blossom_end_root_9_zoom_5_png.rf.016da79194dd0c1eaf7d8a528ba989dd.jpg,domates_blossom_end_rot_meyve,tomato,fruit,ok,0.735066294670105,tomato,fruit,eggplant,unknown,"[112.35126495361328, 26.145706176757812, 454.10125732421875, 460.4553527832031]",0.36236650003474863,roi_ok,True,True,True,full_image_primary_with_roi_evidence,full_image,supports_full,False,,0.7,grounding_dino,True,router_then_grounding_dino,tomato fruit.,0.735066294670105,grounding_dino,37,ok,,full_image,full_image,domates_blossom_end_rot_meyve,0.9959725737571716,False,-0.23370912671089172,domates_blossom_end_rot_meyve,0.9959725737571716,False,domates_blossom_end_rot_meyve,0.999544084072113,False,False,0.0035715103149414062,227.07430599984946,success
dual_view_inference,/content/bitirmeprojesi/data/prepared_runtime_datasets/tomato__fruit/test/domates_blossom_end_rot_meyve/Kaggle_valid_Blossom_end_root_16_zoom_2_png.rf.b8fcba0ae0dad097759a1cda83bd5810.jpg,domates_blossom_end_rot_meyve,tomato,fruit,ok,0.596097059371607,tomato,fruit,tomato,fruit,"[22.629337310791016, 0.0, 640.0, 628.597900390625]",0.9474558162334119,roi_too_large,True,True,False,full_image_primary_with_roi_evidence,full_image,roi_too_large,False,,0.7,router_detection,True,router_then_grounding_dino,,0.596097059371607,router_detection,0,,,full_image,full_image,domates_blossom_end_rot_meyve,0.993674635887146,True,3.226762294769287,domates_blossom_end_rot_meyve,0.993674635887146,True,,,,False,,113.81061100018997,success
dual_view_inference,/content/bitirmeprojesi/data/prepared_runtime_datasets/tomato__fruit/test/domates_blossom_end_rot_meyve/Kaggle_valid_Blossom_end_root_31-Copy_png.rf.afd56c1970a7dfc9c4a6f68e9f876061.jpg,domates_blossom_end_rot_meyve,tomato,fruit,ok,0.9358707421164529,tomato,fruit,tomato,fruit,"[147.45042419433594, 147.6998748779297, 337.57208251953125, 403.6999206542969]",0.11882605770099815,roi_ok,True,True,True,full_image_primary_with_roi_evidence,full_image,supports_full,True,low_full_confidence,0.7,router_detection,True,router_then_grounding_dino,,0.9358707421164529,router_detection,0,,,full_image,full_image,domates_blossom_end_rot_meyve,0.47487780451774597,False,1.7182228565216064,domates_blossom_end_rot_meyve,0.47487780451774597,False,domates_blossom_end_rot_meyve,0.8421627283096313,True,False,0.3672849237918854,223.20759400008683,success
dual_view_inference,/content/bitirmeprojesi/data/prepared_runtime_datasets/tomato__fruit/test/domates_gray_mold_meyve/Kaggle_test_Gray_Mold_21_jpg.rf.27b8d49047506ea4b1e2de42dde5aeb0.jpg,domates_gray_mold_meyve,tomato,fruit,ok,0.8871014361227616,tomato,fruit,tomato,fruit,"[0.0, 48.5670280456543, 465.2362060546875, 639.1318359375]",0.670781568977094,roi_ok,True,True,True,full_image_primary_with_roi_evidence,full_image,conflicts_with_full,True,low_full_confidence;roi_conflict,0.7,router_detection,True,router_then_grounding_dino,,0.8871014361227616,router_detection,0,,,full_image,full_image,domates_antraknoz_meyve,0.3820148706436157,True,6.846822738647461,domates_antraknoz_meyve,0.3820148706436157,True,domates_gray_mold_meyve,0.3422216475009918,False,True,-0.0397932231426239,225.59027500028606,success
dual_view_inference,/content/bitirmeprojesi/data/prepared_runtime_datasets/tomato__fruit/test/domates_gray_mold_meyve/Kaggle_train_White_Mold_11_zoom_4_jpg.rf.4f672087b49edde5f6e98f5a13d895ec.jpg,domates_gray_mold_meyve,tomato,fruit,ok,0.7958081960678101,tomato,fruit,,,"[0.00308990478515625, 0.02452850341796875, 640.0, 640.0]",0.9999568464222186,roi_too_large,True,True,False,full_image_primary_with_roi_evidence,full_image,roi_too_large,False,,0.7,grounding_dino,True,router_then_grounding_dino,tomato plant.,0.7958081960678101,grounding_dino,23,ok,,full_image,full_image,domates_gray_mold_meyve,0.9774444103240967,False,0.2979013919830322,domates_gray_mold_meyve,0.9774444103240967,False,,,,False,,114.71879700002319,success
dual_view_inference,/content/bitirmeprojesi/data/prepared_runtime_datasets/tomato__fruit/test/domates_gray_mold_meyve/Kaggle_train_White_Mold_11_zoom_5_jpg.rf.d634c7bc4795f6ccea08256c321a51ec.jpg,domates_gray_mold_meyve,tomato,fruit,ok,0.6845606565475464,tomato,fruit,,,"[0.0, 4.224491119384766, 639.6698608398438, 639.520263671875]",0.9921375938007628,roi_too_large,True,True,False,full_image_primary_with_roi_evidence,full_image,roi_too_large,False,,0.7,grounding_dino,True,router_then_grounding_dino,tomato plant.,0.6845606565475464,grounding_dino,34,ok,,full_image,full_image,domates_gray_mold_meyve,0.9745108485221863,False,0.7981416583061218,domates_gray_mold_meyve,0.9745108485221863,False,,,,False,,114.25721999967209,success
dual_view_inference,/content/bitirmeprojesi/data/prepared_runtime_datasets/tomato__fruit/test/domates_gray_mold_meyve/Kaggle_train_White_Mold_12_jpg.rf.7a12ee72b36de72352596a4ff3f5fcb7.jpg,domates_gray_mold_meyve,tomato,fruit,ok,0.9040936231613159,tomato,fruit,pumpkin,unknown,"[121.89698791503906, 55.52562713623047, 598.9803466796875, 533.7849731445312]",0.5570546268413679,roi_ok,True,True,True,full_image_primary_with_roi_evidence,full_image,supports_full,False,,0.7,grounding_dino,True,router_then_grounding_dino,tomato plant.,0.9040936231613159,grounding_dino,15,ok,,full_image,full_image,domates_gray_mold_meyve,0.9922145009040833,False,-0.16358867287635803,domates_gray_mold_meyve,0.9922145009040833,False,domates_gray_mold_meyve,0.9812962412834167,False,False,-0.010918259620666504,226.35613100101182,success
dual_view_inference,/content/bitirmeprojesi/data/prepared_runtime_datasets/tomato__fruit/test/domates_gray_mold_meyve/Kaggle_train_White_Mold_16-Copy_jpg.rf.0d04da3304e735522bb55ebabcf88d02.jpg,domates_gray_mold_meyve,tomato,fruit,ok,0.8758475184440613,tomato,fruit,rose,unknown,"[144.1169891357422, 15.063304901123047, 470.6452941894531, 509.2513427734375]",0.3939608944928368,roi_ok,True,True,True,full_image_primary_with_roi_evidence,full_image,supports_full,False,,0.7,grounding_dino,True,router_then_grounding_dino,tomato plant.,0.8758475184440613,grounding_dino,15,ok,,full_image,full_image,domates_gray_mold_meyve,0.9919622540473938,False,0.5533915758132935,domates_gray_mold_meyve,0.9919622540473938,False,domates_gray_mold_meyve,0.9755335450172424,False,False,-0.016428709030151367,227.82147500038263,success
dual_view_inference,/content/bitirmeprojesi/data/prepared_runtime_datasets/tomato__fruit/test/domates_gray_mold_meyve/Kaggle_train_White_Mold_18_jpg.rf.4f6fe469524a79e2a666555e1d709229.jpg,domates_gray_mold_meyve,tomato,fruit,ok,0.9360953569412231,tomato,fruit,,,"[124.44525146484375, 126.28553771972656, 469.1944885253906, 571.9171142578125]",0.3750760400917818,roi_ok,True,True,True,full_image_primary_with_roi_evidence,full_image,supports_full,True,low_full_confidence,0.7,grounding_dino,True,router_then_grounding_dino,tomato plant.,0.9360953569412231,grounding_dino,8,ok,,full_image,full_image,domates_gray_mold_meyve,0.549352765083313,False,1.700738549232483,domates_gray_mold_meyve,0.549352765083313,False,domates_gray_mold_meyve,0.8674184679985046,False,False,0.31806570291519165,222.18980999969062,success
dual_view_inference,/content/bitirmeprojesi/data/prepared_runtime_datasets/tomato__fruit/test/domates_gray_mold_meyve/Kaggle_train_White_Mold_19_zoom_4_jpg.rf.cb3251244e7c5b49fd4202e28448f105.jpg,domates_gray_mold_meyve,tomato,fruit,ok,0.6663933992385864,tomato,fruit,,,"[0.15857696533203125, 21.57276153564453, 468.43646240234375, 468.9868469238281]",0.5115090864753741,roi_ok,True,True,True,full_image_primary_with_roi_evidence,full_image,supports_full,False,,0.7,grounding_dino,True,router_then_grounding_dino,a tomato fruit.,0.6663933992385864,grounding_dino,80,ok,,full_image,full_image,domates_gray_mold_meyve,0.9894535541534424,False,-0.2907916307449341,domates_gray_mold_meyve,0.9894535541534424,False,domates_gray_mold_meyve,0.9910584092140198,False,False,0.0016048550605773926,223.46180199929222,success
dual_view_inference,/content/bitirmeprojesi/data/prepared_runtime_datasets/tomato__fruit/test/domates_gray_mold_meyve/Kaggle_train_White_Mold_1_jpg.rf.49d5143133aa9c1fd59d6811b6040639.jpg,domates_gray_mold_meyve,tomato,fruit,ok,0.8906561732292175,tomato,fruit,eggplant,unknown,"[69.82308959960938, 1.3574981689453125, 636.7225341796875, 638.09423828125]",0.8812639265463748,roi_ok,True,True,True,full_image_primary_with_roi_evidence,full_image,supports_full,False,,0.7,grounding_dino,True,router_then_grounding_dino,a tomato fruit.,0.8906561732292175,grounding_dino,21,ok,,full_image,full_image,domates_gray_mold_meyve,0.9886578917503357,False,-0.3627850115299225,domates_gray_mold_meyve,0.9886578917503357,False,domates_gray_mold_meyve,0.9939093589782715,False,False,0.005251467227935791,236.40489099943807,success
dual_view_inference,/content/bitirmeprojesi/data/prepared_runtime_datasets/tomato__fruit/test/domates_gray_mold_meyve/Kaggle_train_White_Mold_1_zoom_2_jpg.rf.d18565e870a09de96a584bb22e8c9dff.jpg,domates_gray_mold_meyve,tomato,fruit,ok,0.8808802962303162,tomato,fruit,pumpkin,unknown,"[2.5141334533691406, 8.830108642578125, 639.4144287109375, 639.7176513671875]",0.980987456629945,roi_too_large,True,True,False,full_image_primary_with_roi_evidence,full_image,roi_too_large,False,,0.7,grounding_dino,True,router_then_grounding_dino,tomato plant.,0.8808802962303162,grounding_dino,8,ok,,full_image,full_image,domates_gray_mold_meyve,0.9958756566047668,False,-0.49422094225883484,domates_gray_mold_meyve,0.9958756566047668,False,,,,False,,113.67233900000429,success
dual_view_inference,/content/bitirmeprojesi/data/prepared_runtime_datasets/tomato__fruit/test/domates_gray_mold_meyve/Kaggle_train_White_Mold_1_zoom_5_jpg.rf.58f2a24823525d8047133c5badcf975e.jpg,domates_gray_mold_meyve,tomato,fruit,ok,0.8770408630371094,tomato,fruit,pumpkin,unknown,"[0.7472610473632812, 14.79970932006836, 638.3065795898438, 639.7135009765625]",0.97270412879959,roi_too_large,True,True,False,full_image_primary_with_roi_evidence,full_image,roi_too_large,False,,0.7,grounding_dino,True,router_then_grounding_dino,tomato plant.,0.8770408630371094,grounding_dino,9,ok,,full_image,full_image,domates_gray_mold_meyve,0.990744948387146,False,0.06641218066215515,domates_gray_mold_meyve,0.990744948387146,False,,,,False,,114.2580639998414,success
dual_view_inference,/content/bitirmeprojesi/data/prepared_runtime_datasets/tomato__fruit/test/domates_gray_mold_meyve/Kaggle_train_White_Mold_20_jpg.rf.6b9b88ebae739d699814aa052f0a87d6.jpg,domates_gray_mold_meyve,tomato,fruit,ok,0.8372214436531067,tomato,fruit,,,"[2.2399330139160156, 3.333415985107422, 637.589599609375, 639.19091796875]",0.9863082321472869,roi_too_large,True,True,False,full_image_primary_with_roi_evidence,full_image,roi_too_large,True,low_full_confidence;roi_too_large,0.7,grounding_dino,True,router_then_grounding_dino,tomato plant.,0.8372214436531067,grounding_dino,20,ok,,full_image,full_image,domates_gray_mold_meyve,0.5956128239631653,True,2.356109142303467,domates_gray_mold_meyve,0.5956128239631653,True,,,,False,,113.40164499961247,success
dual_view_inference,/content/bitirmeprojesi/data/prepared_runtime_datasets/tomato__fruit/test/domates_gray_mold_meyve/Kaggle_train_White_Mold_21_zoom_2_jpg.rf.9e571b18e72ab4519a9abfcb2a30c673.jpg,domates_gray_mold_meyve,tomato,fruit,ok,0.9140170216560364,tomato,fruit,,,"[0.5543136596679688, 57.96712875366211, 637.303466796875, 636.66943359375]",0.8996294006969623,roi_ok,True,True,True,full_image_primary_with_roi_evidence,full_image,supports_full,False,,0.7,grounding_dino,True,router_then_grounding_dino,a tomato fruit.,0.9140170216560364,grounding_dino,10,ok,,full_image,full_image,domates_gray_mold_meyve,0.984328031539917,False,-0.6323687434196472,domates_gray_mold_meyve,0.984328031539917,False,domates_gray_mold_meyve,0.97571861743927,False,False,-0.008609414100646973,228.1267399994249,success
dual_view_inference,/content/bitirmeprojesi/data/prepared_runtime_datasets/tomato__fruit/test/domates_gray_mold_meyve/Kaggle_train_White_Mold_21_zoom_5_jpg.rf.0b9f6164847ab9553fd68035a1875b52.jpg,domates_gray_mold_meyve,tomato,fruit,ok,0.9159885048866272,tomato,fruit,,,"[90.12580871582031, 2.9357147216796875, 638.4490966796875, 587.9550170898438]",0.7831535825118152,roi_ok,True,True,True,full_image_primary_with_roi_evidence,full_image,supports_full,False,,0.7,grounding_dino,True,router_then_grounding_dino,a tomato fruit.,0.9159885048866272,grounding_dino,8,ok,,full_image,full_image,domates_gray_mold_meyve,0.9868758916854858,False,-0.08268266171216965,domates_gray_mold_meyve,0.9868758916854858,False,domates_gray_mold_meyve,0.9836961030960083,False,False,-0.003179788589477539,224.84705299939378,success
dual_view_inference,/content/bitirmeprojesi/data/prepared_runtime_datasets/tomato__fruit/test/domates_gray_mold_meyve/Kaggle_train_White_Mold_22_jpg.rf.423f8bc4c76c25fd0660133d0f7ebfad.jpg,domates_gray_mold_meyve,tomato,fruit,ok,0.42447152522824405,tomato,fruit,tomato,fruit,"[126.2593994140625, 105.84861755371094, 507.49237060546875, 514.820068359375]",0.38064795244898275,roi_ok,True,True,True,full_image_primary_with_roi_evidence,full_image,supports_full,False,,0.7,router_detection,True,router_then_grounding_dino,,0.42447152522824405,router_detection,0,,,full_image,full_image,domates_gray_mold_meyve,0.9541898369789124,False,0.8508729934692383,domates_gray_mold_meyve,0.9541898369789124,False,domates_gray_mold_meyve,0.5114315748214722,False,False,-0.4427582621574402,223.27238699926966,success
dual_view_inference,/content/bitirmeprojesi/data/prepared_runtime_datasets/tomato__fruit/test/domates_gray_mold_meyve/Kaggle_train_White_Mold_24_zoom_2_jpg.rf.3b72f1a8a914e70f4a670b8d4e542f00.jpg,domates_gray_mold_meyve,tomato,fruit,ok,0.4222282509312114,tomato,fruit,tomato,fruit,"[73.67826843261719, 0.12990951538085938, 616.1699829101562, 610.0106811523438]",0.8077521128716321,roi_ok,True,True,True,full_image_primary_with_roi_evidence,full_image,supports_full,False,,0.7,router_detection,True,router_then_grounding_dino,,0.4222282509312114,router_detection,0,,,full_image,full_image,domates_gray_mold_meyve,0.9966182112693787,False,-0.8764707446098328,domates_gray_mold_meyve,0.9966182112693787,False,domates_gray_mold_meyve,0.9962965846061707,False,False,-0.0003216266632080078,226.2316420001298,success
dual_view_inference,/content/bitirmeprojesi/data/prepared_runtime_datasets/tomato__fruit/test/domates_gray_mold_meyve/Kaggle_train_White_Mold_24_zoom_4_jpg.rf.5424625bae11096aed64bbe572bfc254.jpg,domates_gray_mold_meyve,tomato,fruit,ok,0.3295552301646079,tomato,fruit,watermelon,unknown,"[0.6408309936523438, 17.535552978515625, 629.9732666015625, 639.9492797851562]",0.9563113931812001,roi_too_large,True,True,False,full_image_primary_with_roi_evidence,full_image,roi_too_large,False,,0.7,router_detection,True,router_then_grounding_dino,,0.3295552301646079,router_detection,0,,,full_image,full_image,domates_gray_mold_meyve,0.9929377436637878,False,-0.7105830311775208,domates_gray_mold_meyve,0.9929377436637878,False,,,,False,,115.67288600053871,success
dual_view_inference,/content/bitirmeprojesi/data/prepared_runtime_datasets/tomato__fruit/test/domates_gray_mold_meyve/Kaggle_train_White_Mold_25_zoom_1_jpg.rf.1af91111e86c1572dcdbcb7e12eb5879.jpg,domates_gray_mold_meyve,tomato,fruit,ok,0.9431957006454468,tomato,fruit,lemon,unknown,"[137.37205505371094, 60.22621154785156, 640.0, 640.0]",0.7114514351157908,roi_ok,True,True,True,full_image_primary_with_roi_evidence,full_image,supports_full,False,,0.7,grounding_dino,True,router_then_grounding_dino,a tomato fruit.,0.9431957006454468,grounding_dino,8,ok,,full_image,full_image,domates_gray_mold_meyve,0.9954881072044373,False,-0.2717418968677521,domates_gray_mold_meyve,0.9954881072044373,False,domates_gray_mold_meyve,0.9925618767738342,False,False,-0.0029262304306030273,225.5039219999162,success
dual_view_inference,/content/bitirmeprojesi/data/prepared_runtime_datasets/tomato__fruit/test/domates_gray_mold_meyve/Kaggle_train_White_Mold_2_png.rf.3761c80ab45e4e2f1d2727b2e2c279a6.jpg,domates_gray_mold_meyve,tomato,fruit,ok,0.7719980478286743,tomato,fruit,,,"[0.0, 0.23220062255859375, 639.9335327148438, 640.0]",0.9995333690742371,roi_too_large,True,True,False,full_image_primary_with_roi_evidence,full_image,roi_too_large,False,,0.7,grounding_dino,True,router_then_grounding_dino,tomato plant fruit.,0.7719980478286743,grounding_dino,77,ok,,full_image,full_image,domates_gray_mold_meyve,0.9743733406066895,False,-0.18743832409381866,domates_gray_mold_meyve,0.9743733406066895,False,,,,False,,114.18227400008618,success
dual_view_inference,/content/bitirmeprojesi/data/prepared_runtime_datasets/tomato__fruit/test/domates_gray_mold_meyve/Kaggle_train_White_Mold_3_jpg.rf.adf80d1180b6e3f656ae2d3c7d98f4b8.jpg,domates_gray_mold_meyve,tomato,fruit,ok,0.9215965867042542,tomato,fruit,eggplant,unknown,"[56.151161193847656, 58.1926155090332, 638.40771484375, 633.5093994140625]",0.8178270699548045,roi_ok,True,True,True,full_image_primary_with_roi_evidence,full_image,supports_full,False,,0.7,grounding_dino,True,router_then_grounding_dino,tomato plant.,0.9215965867042542,grounding_dino,8,ok,,full_image,full_image,domates_gray_mold_meyve,0.9574694037437439,False,1.399897813796997,domates_gray_mold_meyve,0.9574694037437439,False,domates_gray_mold_meyve,0.9527783989906311,False,False,-0.004691004753112793,224.18328799994924,success
dual_view_inference,/content/bitirmeprojesi/data/prepared_runtime_datasets/tomato__fruit/test/domates_gray_mold_meyve/Kaggle_train_White_Mold_5_jpg.rf.68aa084155b012e01c79ac38ce46adae.jpg,domates_gray_mold_meyve,tomato,fruit,ok,0.8020042181015015,tomato,fruit,eggplant,unknown,"[42.848968505859375, 144.26174926757812, 363.1561279296875, 616.7237548828125]",0.3694652415876476,roi_ok,True,True,True,full_image_primary_with_roi_evidence,full_image,supports_full,False,,0.7,grounding_dino,True,router_then_grounding_dino,tomato fruit.,0.8020042181015015,grounding_dino,24,ok,,full_image,full_image,domates_gray_mold_meyve,0.8989006876945496,False,1.335988998413086,domates_gray_mold_meyve,0.8989006876945496,False,domates_gray_mold_meyve,0.9468324780464172,False,False,0.047931790351867676,222.30027800014796,success
dual_view_inference,/content/bitirmeprojesi/data/prepared_runtime_datasets/tomato__fruit/test/domates_gray_mold_meyve/Kaggle_train_White_Mold_5_zoom_1_jpg.rf.d2230beaf7a70eb4ca477743772f7935.jpg,domates_gray_mold_meyve,tomato,fruit,ok,0.7178642749786377,tomato,fruit,turmeric,unknown,"[291.3660888671875, 156.8901824951172, 640.0, 632.36669921875]",0.40470517011026913,roi_ok,True,True,True,full_image_primary_with_roi_evidence,full_image,supports_full,False,,0.7,grounding_dino,True,router_then_grounding_dino,tomato fruit.,0.7178642749786377,grounding_dino,26,ok,,full_image,full_image,domates_gray_mold_meyve,0.9801648855209351,False,0.07699411362409592,domates_gray_mold_meyve,0.9801648855209351,False,domates_gray_mold_meyve,0.9331887364387512,False,False,-0.04697614908218384,227.63220899923908,success
dual_view_inference,/content/bitirmeprojesi/data/prepared_runtime_datasets/tomato__fruit/test/domates_gray_mold_meyve/Kaggle_train_White_Mold_7_jpg.rf.6b0c7aa8cda89d6eb9598427e0faaeed.jpg,domates_gray_mold_meyve,tomato,fruit,ok,0.8520529866218567,tomato,fruit,eggplant,unknown,"[285.32708740234375, 181.36013793945312, 557.6032104492188, 362.6897888183594]",0.12053646077820304,roi_ok,True,True,True,full_image_primary_with_roi_evidence,full_image,supports_full,False,,0.7,grounding_dino,True,router_then_grounding_dino,a tomato fruit.,0.8520529866218567,grounding_dino,36,ok,,full_image,full_image,domates_gray_mold_meyve,0.9451377391815186,False,0.07214769721031189,domates_gray_mold_meyve,0.9451377391815186,False,domates_gray_mold_meyve,0.9771851897239685,False,False,0.03204745054244995,222.04782199969486,success
dual_view_inference,/content/bitirmeprojesi/data/prepared_runtime_datasets/tomato__fruit/test/domates_gray_mold_meyve/Kaggle_train_White_Mold_8_jpg.rf.1c6566fd1a71686e823ffae8e1762518.jpg,domates_gray_mold_meyve,tomato,fruit,ok,0.9321964979171753,tomato,fruit,,,"[146.41162109375, 123.99787902832031, 619.50732421875, 500.5546569824219]",0.4349301602360356,roi_ok,True,True,True,full_image_primary_with_roi_evidence,full_image,supports_full,False,,0.7,grounding_dino,True,router_then_grounding_dino,a tomato fruit.,0.9321964979171753,grounding_dino,8,ok,,full_image,full_image,domates_gray_mold_meyve,0.9630875587463379,False,0.1661684364080429,domates_gray_mold_meyve,0.9630875587463379,False,domates_gray_mold_meyve,0.8384366631507874,False,False,-0.12465089559555054,223.03498899964325,success
dual_view_inference,/content/bitirmeprojesi/data/prepared_runtime_datasets/tomato__fruit/test/domates_gray_mold_meyve/Kaggle_train_White_Mold_9_jpg.rf.611be18e89ea5491fbc8d6dd1b310da2.jpg,domates_gray_mold_meyve,tomato,fruit,ok,0.9311510920524597,tomato,fruit,eggplant,unknown,"[119.36845397949219, 26.957988739013672, 520.3302612304688, 614.0418090820312]",0.5747026113587499,roi_ok,True,True,True,full_image_primary_with_roi_evidence,full_image,supports_full,True,low_full_confidence,0.7,grounding_dino,True,router_then_grounding_dino,a tomato fruit.,0.9311510920524597,grounding_dino,8,ok,,full_image,full_image,domates_gray_mold_meyve,0.617518424987793,False,1.0897706747055054,domates_gray_mold_meyve,0.617518424987793,False,domates_gray_mold_meyve,0.6140757203102112,False,False,-0.003442704677581787,228.17574699911347,success
dual_view_inference,/content/bitirmeprojesi/data/prepared_runtime_datasets/tomato__fruit/test/domates_gray_mold_meyve/Kaggle_train_anthracnose_8_zoom_1_png.rf.190db1bd9533b96b67ad8f2ba1f49ce1.jpg,domates_gray_mold_meyve,tomato,fruit,ok,0.8455578088760376,tomato,fruit,eggplant,unknown,"[0.8509445190429688, 0.6143379211425781, 640.0, 637.7035522460938]",0.9941283437326601,roi_too_large,True,True,False,full_image_primary_with_roi_evidence,full_image,roi_too_large,True,low_full_confidence;roi_too_large,0.7,grounding_dino,True,router_then_grounding_dino,tomato plant.,0.8455578088760376,grounding_dino,37,ok,,full_image,full_image,domates_spotted_wilt_meyve,0.6798004508018494,True,6.071169853210449,domates_spotted_wilt_meyve,0.6798004508018494,True,,,,False,,112.86939999990864,success
dual_view_inference,/content/bitirmeprojesi/data/prepared_runtime_datasets/tomato__fruit/test/domates_gray_mold_meyve/Kaggle_valid_Gray_Mold_16_jpg.rf.8431a9b3db46c4113652781fa6a2aecd.jpg,domates_gray_mold_meyve,tomato,fruit,ok,0.4962343289095064,tomato,fruit,tomato,fruit,"[38.97850036621094, 0.0, 402.66827392578125, 479.3423767089844]",0.42561504014354684,roi_ok,True,True,True,full_image_primary_with_roi_evidence,full_image,conflicts_with_full,True,low_full_confidence;roi_conflict;roi_confidence_leads,0.7,router_detection,True,router_then_grounding_dino,,0.4962343289095064,router_detection,0,,,full_image,full_image,domates_gray_mold_meyve,0.5470972657203674,False,1.1678217649459839,domates_gray_mold_meyve,0.5470972657203674,False,domates_blossom_end_rot_meyve,0.9356064200401306,True,True,0.3885091543197632,224.115138000343,success
dual_view_inference,/content/bitirmeprojesi/data/prepared_runtime_datasets/tomato__fruit/test/domates_gray_mold_meyve/Kaggle_valid_Gray_Mold_20_jpg.rf.1060fc7d2c45a1a4296c6b2927a300b7.jpg,domates_gray_mold_meyve,tomato,fruit,ok,0.733687698841095,tomato,fruit,cucumber,fruit,"[2.331981658935547, 1.3985443115234375, 637.4274291992188, 637.8232421875]",0.9867930378985177,roi_too_large,True,True,False,full_image_primary_with_roi_evidence,full_image,roi_too_large,False,,0.7,grounding_dino,True,router_then_grounding_dino,tomato plant.,0.733687698841095,grounding_dino,102,ok,,full_image,full_image,domates_blossom_end_rot_meyve,0.9859049916267395,False,0.5782599449157715,domates_blossom_end_rot_meyve,0.9859049916267395,False,,,,False,,113.96477200014488,success
dual_view_inference,/content/bitirmeprojesi/data/prepared_runtime_datasets/tomato__fruit/test/domates_gray_mold_meyve/Kaggle_valid_Gray_Mold_23_zoom_4_jpg.rf.0f8dd5be8609472c517e79db50f10807.jpg,domates_gray_mold_meyve,tomato,fruit,ok,0.5103789567947388,tomato,fruit,pumpkin,unknown,"[0.027370452880859375, 158.18798828125, 318.10870361328125, 401.4660949707031]",0.18892144654423673,roi_ok,True,True,True,full_image_primary_with_roi_evidence,full_image,supports_full,False,,0.7,grounding_dino,True,router_then_grounding_dino,tomato fruits.,0.5103789567947388,grounding_dino,53,ok,,full_image,full_image,domates_gray_mold_meyve,0.9590306878089905,False,0.4588983356952667,domates_gray_mold_meyve,0.9590306878089905,False,domates_gray_mold_meyve,0.9456145167350769,False,False,-0.013416171073913574,228.76483000072767,success
dual_view_inference,/content/bitirmeprojesi/data/prepared_runtime_datasets/tomato__fruit/test/domates_gray_mold_meyve/Kaggle_valid_Gray_Mold_8_zoom_1_jpg.rf.d24d93219da3d74cb7fa0e76cb2dbb4b.jpg,domates_gray_mold_meyve,tomato,fruit,ok,0.9184377193450928,tomato,fruit,,,"[26.720714569091797, 0.022373199462890625, 639.90673828125, 615.039794921875]",0.9207033382316148,roi_too_large,True,True,False,full_image_primary_with_roi_evidence,full_image,roi_too_large,False,,0.7,grounding_dino,True,router_then_grounding_dino,tomato plant.,0.9184377193450928,grounding_dino,8,ok,,full_image,full_image,domates_gray_mold_meyve,0.9988875985145569,False,-0.14236360788345337,domates_gray_mold_meyve,0.9988875985145569,False,,,,False,,114.12024200035376,success
dual_view_inference,/content/bitirmeprojesi/data/prepared_runtime_datasets/tomato__fruit/test/domates_gray_mold_meyve/Kaggle_valid_White_Mold_14_jpg.rf.27b137e78cd184482c1695b04a4bbc9d.jpg,domates_gray_mold_meyve,tomato,fruit,ok,0.9023347496986389,tomato,fruit,,,"[0.24921417236328125, 0.059490203857421875, 640.0, 593.396240234375]",0.9267276662413079,roi_too_large,True,True,False,full_image_primary_with_roi_evidence,full_image,roi_too_large,False,,0.7,grounding_dino,True,router_then_grounding_dino,a tomato fruit.,0.9023347496986389,grounding_dino,13,ok,,full_image,full_image,domates_gray_mold_meyve,0.9970715045928955,False,-0.8118029832839966,domates_gray_mold_meyve,0.9970715045928955,False,,,,False,,114.54237999987527,success
dual_view_inference,/content/bitirmeprojesi/data/prepared_runtime_datasets/tomato__fruit/test/domates_gray_mold_meyve/Kaggle_valid_White_Mold_1_zoom_3_jpg.rf.742b319b8a1095243b31057afe173c8d.jpg,domates_gray_mold_meyve,tomato,fruit,ok,0.9161312580108643,tomato,fruit,eggplant,unknown,"[0.11081695556640625, 0.00858306884765625, 640.0, 640.0]",0.9998134397839955,roi_too_large,True,True,False,full_image_primary_with_roi_evidence,full_image,roi_too_large,False,,0.7,grounding_dino,True,router_then_grounding_dino,tomato plant.,0.9161312580108643,grounding_dino,8,ok,,full_image,full_image,domates_gray_mold_meyve,0.988792359828949,False,-0.45236122608184814,domates_gray_mold_meyve,0.988792359828949,False,,,,False,,113.13074600002437,success
dual_view_inference,/content/bitirmeprojesi/data/prepared_runtime_datasets/tomato__fruit/test/domates_gray_mold_meyve/Mendeley_Gray_0509_002_fruit_00.jpg,domates_gray_mold_meyve,tomato,fruit,ok,0.8011701703071594,tomato,fruit,eggplant,unknown,"[1.9046173095703125, 1.4451316595077515, 857.635986328125, 803.5618286132812]",0.9856579404421895,roi_too_large,True,True,False,full_image_primary_with_roi_evidence,full_image,roi_too_large,False,,0.7,grounding_dino,True,router_then_grounding_dino,tomato plant.,0.8011701703071594,grounding_dino,48,ok,,full_image,full_image,domates_gray_mold_meyve,0.9525039792060852,False,-0.1442546248435974,domates_gray_mold_meyve,0.9525039792060852,False,,,,False,,119.81261399978393,success
dual_view_inference,/content/bitirmeprojesi/data/prepared_runtime_datasets/tomato__fruit/test/domates_gray_mold_meyve/Mendeley_Gray_0509_005_fruit_00.jpg,domates_gray_mold_meyve,tomato,fruit,ok,0.8494613170623779,tomato,fruit,eggplant,unknown,"[2.8931212425231934, 2.6865663528442383, 996.5452270507812, 1148.0087890625]",0.9368347281693241,roi_too_large,True,True,False,full_image_primary_with_roi_evidence,full_image,roi_too_large,False,,0.7,grounding_dino,True,router_then_grounding_dino,tomato plant.,0.8494613170623779,grounding_dino,41,ok,,full_image,full_image,domates_gray_mold_meyve,0.9024878144264221,False,0.13648924231529236,domates_gray_mold_meyve,0.9024878144264221,False,,,,False,,123.59295200076303,success
dual_view_inference,/content/bitirmeprojesi/data/prepared_runtime_datasets/tomato__fruit/test/domates_gray_mold_meyve/Mendeley_Gray_0509_008_fruit_00.jpg,domates_gray_mold_meyve,tomato,fruit,ok,0.7754604816436768,tomato,fruit,eggplant,unknown,"[2.548337459564209, 2.075646162033081, 962.3023681640625, 708.99951171875]",0.9753444811698042,roi_too_large,True,True,False,full_image_primary_with_roi_evidence,full_image,roi_too_large,False,,0.7,grounding_dino,True,router_then_grounding_dino,tomato plant.,0.7754604816436768,grounding_dino,41,ok,,full_image,full_image,domates_gray_mold_meyve,0.9840913414955139,False,-0.48444098234176636,domates_gray_mold_meyve,0.9840913414955139,False,,,,False,,119.24500799977977,success
dual_view_inference,/content/bitirmeprojesi/data/prepared_runtime_datasets/tomato__fruit/test/domates_gray_mold_meyve/Mendeley_Gray_0509_011_fruit_00.jpg,domates_gray_mold_meyve,tomato,fruit,ok,0.8672354221343994,tomato,fruit,eggplant,unknown,"[3.660737991333008, 4.613453388214111, 1390.0118408203125, 1377.099609375]",0.9641737364227743,roi_too_large,True,True,False,full_image_primary_with_roi_evidence,full_image,roi_too_large,False,,0.7,grounding_dino,True,router_then_grounding_dino,tomato plant.,0.8672354221343994,grounding_dino,25,ok,,full_image,full_image,domates_gray_mold_meyve,0.9775199294090271,False,-0.5892908573150635,domates_gray_mold_meyve,0.9775199294090271,False,,,,False,,134.79916800042702,success
dual_view_inference,/content/bitirmeprojesi/data/prepared_runtime_datasets/tomato__fruit/test/domates_gray_mold_meyve/Mendeley_Gray_0509_015_fruit_00.jpg,domates_gray_mold_meyve,tomato,fruit,ok,0.5863649845123291,tomato,fruit,rose,unknown,"[0.0, 0.07051849365234375, 425.9880676269531, 384.0]",0.9997883529679374,roi_too_large,True,True,False,full_image_primary_with_roi_evidence,full_image,roi_too_large,False,,0.7,grounding_dino,True,router_then_grounding_dino,a tomato fruit.,0.5863649845123291,grounding_dino,22,ok,,full_image,full_image,domates_gray_mold_meyve,0.7718892693519592,False,1.0403947830200195,domates_gray_mold_meyve,0.7718892693519592,False,,,,False,,114.04664099973161,success
dual_view_inference,/content/bitirmeprojesi/data/prepared_runtime_datasets/tomato__fruit/test/domates_gray_mold_meyve/Mendeley_Gray_0509_020_fruit_00.jpg,domates_gray_mold_meyve,tomato,fruit,ok,0.9061607122421265,tomato,fruit,eggplant,unknown,"[43.498966217041016, 23.37190818786621, 1020.8536376953125, 1079.3948974609375]",0.8239536030228278,roi_ok,True,True,True,full_image_primary_with_roi_evidence,full_image,supports_full,False,,0.7,grounding_dino,True,router_then_grounding_dino,a tomato fruit.,0.9061607122421265,grounding_dino,15,ok,,full_image,full_image,domates_gray_mold_meyve,0.9858391880989075,False,-0.6843002438545227,domates_gray_mold_meyve,0.9858391880989075,False,domates_gray_mold_meyve,0.9858391880989075,False,False,0.0,242.03964299977088,success
dual_view_inference,/content/bitirmeprojesi/data/prepared_runtime_datasets/tomato__fruit/test/domates_gray_mold_meyve/Mendeley_Gray_0509_023_fruit_00.jpg,domates_gray_mold_meyve,tomato,fruit,ok,0.8058639168739319,tomato,fruit,eggplant,unknown,"[17.08372688293457, 4.051204681396484, 1843.7451171875, 1900.1624755859375]",0.9776106333618917,roi_too_large,True,True,False,full_image_primary_with_roi_evidence,full_image,roi_too_large,False,,0.7,grounding_dino,True,router_then_grounding_dino,tomato plant.,0.8058639168739319,grounding_dino,16,ok,,full_image,full_image,domates_gray_mold_meyve,0.9734169840812683,False,-0.3109796345233917,domates_gray_mold_meyve,0.9734169840812683,False,,,,False,,147.01848099957715,success
dual_view_inference,/content/bitirmeprojesi/data/prepared_runtime_datasets/tomato__fruit/test/domates_gray_mold_meyve/Mendeley_Gray_0509_034_fruit_00.jpg,domates_gray_mold_meyve,tomato,fruit,ok,0.6292805671691895,tomato,fruit,eggplant,unknown,"[3.272230386734009, 1.900696039199829, 1282.4019775390625, 1269.3597412109375]",0.9880065011968595,roi_too_large,True,True,False,full_image_primary_with_roi_evidence,full_image,roi_too_large,False,,0.7,grounding_dino,True,router_then_grounding_dino,tomato plant.,0.6292805671691895,grounding_dino,47,ok,,full_image,full_image,domates_gray_mold_meyve,0.9806486964225769,False,0.3325977027416229,domates_gray_mold_meyve,0.9806486964225769,False,,,,False,,129.64029099930485,success
dual_view_inference,/content/bitirmeprojesi/data/prepared_runtime_datasets/tomato__fruit/test/domates_gray_mold_meyve/Mendeley_Gray_0509_048_fruit_01.jpg,domates_gray_mold_meyve,tomato,fruit,ok,0.8472786545753479,tomato,fruit,eggplant,unknown,"[4.080295562744141, 2.5526957511901855, 1225.9140625, 1155.6094970703125]",0.9022148886760858,roi_too_large,True,True,False,full_image_primary_with_roi_evidence,full_image,roi_too_large,False,,0.7,grounding_dino,True,router_then_grounding_dino,tomato plant.,0.8472786545753479,grounding_dino,40,ok,,full_image,full_image,domates_sağlıklı_meyve,0.9857417345046997,False,0.21584421396255493,domates_sağlıklı_meyve,0.9857417345046997,False,,,,False,,128.49338199976046,success
dual_view_inference,/content/bitirmeprojesi/data/prepared_runtime_datasets/tomato__fruit/test/domates_gray_mold_meyve/Mendeley_Gray_0509_051_fruit_00.jpg,domates_gray_mold_meyve,tomato,fruit,ok,0.8634737730026245,tomato,fruit,eggplant,unknown,"[3.140261173248291, 0.8009937405586243, 1560.357666015625, 1415.5689697265625]",0.9248606543073633,roi_too_large,True,True,False,full_image_primary_with_roi_evidence,full_image,roi_too_large,False,,0.7,grounding_dino,True,router_then_grounding_dino,tomato plant.,0.8634737730026245,grounding_dino,34,ok,,full_image,full_image,domates_gray_mold_meyve,0.9778417348861694,False,-0.38731029629707336,domates_gray_mold_meyve,0.9778417348861694,False,,,,False,,146.61341200007882,success
dual_view_inference,/content/bitirmeprojesi/data/prepared_runtime_datasets/tomato__fruit/test/domates_gray_mold_meyve/Mendeley_Gray_0509_059_fruit_00.jpg,domates_gray_mold_meyve,tomato,fruit,ok,0.8213825821876526,tomato,fruit,pumpkin,unknown,"[34.29868698120117, 11.475123405456543, 2066.522216796875, 2210.915771484375]",0.9557150481965531,roi_too_large,True,True,False,full_image_primary_with_roi_evidence,full_image,roi_too_large,False,,0.7,grounding_dino,True,router_then_grounding_dino,tomato plant.,0.8213825821876526,grounding_dino,37,ok,,full_image,full_image,domates_gray_mold_meyve,0.9558992981910706,False,-0.17107835412025452,domates_gray_mold_meyve,0.9558992981910706,False,,,,False,,163.0598829997325,success
dual_view_inference,/content/bitirmeprojesi/data/prepared_runtime_datasets/tomato__fruit/test/domates_gray_mold_meyve/Mendeley_Gray_0617_001_fruit_00.jpg,domates_gray_mold_meyve,tomato,fruit,ok,0.889024555683136,tomato,fruit,eggplant,unknown,"[108.95454406738281, 89.65560913085938, 1376.8701171875, 1523.98583984375]",0.7870213725058292,roi_ok,True,True,True,full_image_primary_with_roi_evidence,full_image,supports_full,False,,0.7,grounding_dino,True,router_then_grounding_dino,a tomato fruit.,0.889024555683136,grounding_dino,19,ok,,full_image,full_image,domates_gray_mold_meyve,0.994845986366272,False,-0.8500442504882812,domates_gray_mold_meyve,0.994845986366272,False,domates_gray_mold_meyve,0.9962286949157715,False,False,0.0013827085494995117,264.28942900020047,success
dual_view_inference,/content/bitirmeprojesi/data/prepared_runtime_datasets/tomato__fruit/test/domates_gray_mold_meyve/Mendeley_Gray_0617_004_fruit_00.jpg,domates_gray_mold_meyve,tomato,fruit,ok,0.6740950912886647,tomato,fruit,tomato,leaf,"[103.0018081665039, 23.06197738647461, 1682.666015625, 1559.62548828125]",0.8392299327328436,roi_ok,True,True,True,full_image_primary_with_roi_evidence,full_image,supports_full,False,,0.7,router_detection,True,router_then_grounding_dino,,0.6740950912886647,router_detection,0,,,full_image,full_image,domates_gray_mold_meyve,0.973706066608429,False,-0.42372435331344604,domates_gray_mold_meyve,0.973706066608429,False,domates_gray_mold_meyve,0.973706066608429,False,False,0.0,267.250193000109,success
dual_view_inference,/content/bitirmeprojesi/data/prepared_runtime_datasets/tomato__fruit/test/domates_gray_mold_meyve/Mendeley_Gray_0617_007_fruit_00.jpg,domates_gray_mold_meyve,tomato,fruit,ok,0.7997778058052063,tomato,fruit,eggplant,unknown,"[2.293928623199463, 0.9830296039581299, 1855.5523681640625, 1796.5191650390625]",0.914274232469418,roi_too_large,True,True,False,full_image_primary_with_roi_evidence,full_image,roi_too_large,False,,0.7,grounding_dino,True,router_then_grounding_dino,tomato fruit.,0.7997778058052063,grounding_dino,20,ok,,full_image,full_image,domates_gray_mold_meyve,0.9920681715011597,False,-0.7438215017318726,domates_gray_mold_meyve,0.9920681715011597,False,,,,False,,148.3356119997552,success
dual_view_inference,/content/bitirmeprojesi/data/prepared_runtime_datasets/tomato__fruit/test/domates_gray_mold_meyve/Mendeley_Gray_0617_010_fruit_00.jpg,domates_gray_mold_meyve,tomato,fruit,ok,0.9034051299095154,tomato,fruit,eggplant,unknown,"[86.74467468261719, 56.73695755004883, 1920.4632568359375, 1827.774658203125]",0.8658348846987668,roi_ok,True,True,True,full_image_primary_with_roi_evidence,full_image,supports_full,False,,0.7,grounding_dino,True,router_then_grounding_dino,a tomato fruit.,0.9034051299095154,grounding_dino,14,ok,,full_image,full_image,domates_gray_mold_meyve,0.9707268476486206,False,-0.30634963512420654,domates_gray_mold_meyve,0.9707268476486206,False,domates_gray_mold_meyve,0.9707268476486206,False,False,0.0,287.4546940001892,success
dual_view_inference,/content/bitirmeprojesi/data/prepared_runtime_datasets/tomato__fruit/test/domates_late_blight_meyve/Kaggle_test_L_blight_26_zoom_3_jpg.rf.7f0e787e4ef8a5052c80029f7d381ef0.jpg,domates_late_blight_meyve,tomato,fruit,ok,0.776337742805481,tomato,fruit,eggplant,unknown,"[0.0241851806640625, 0.0, 640.0, 639.8309936523438]",0.9996981482161231,roi_too_large,True,True,False,full_image_primary_with_roi_evidence,full_image,roi_too_large,False,,0.7,grounding_dino,True,router_then_grounding_dino,tomato plant.,0.776337742805481,grounding_dino,81,ok,,full_image,full_image,domates_late_blight_meyve,0.990563154220581,False,-1.1134793758392334,domates_late_blight_meyve,0.990563154220581,False,,,,False,,112.8656349992525,success
dual_view_inference,/content/bitirmeprojesi/data/prepared_runtime_datasets/tomato__fruit/test/domates_late_blight_meyve/Kaggle_train_L_blight_29_zoom_5_jpg.rf.0454084d62d8bc7991a2fe315542e1f7.jpg,domates_late_blight_meyve,tomato,fruit,ok,0.7369754640326882,tomato,fruit,tomato,fruit,"[146.79925537109375, 49.11661148071289, 458.30352783203125, 493.71337890625]",0.33811961077972796,roi_ok,True,True,True,full_image_primary_with_roi_evidence,full_image,supports_full,False,,0.7,router_detection,True,router_then_grounding_dino,,0.7369754640326882,router_detection,0,,,full_image,full_image,domates_late_blight_meyve,0.9967370629310608,False,-1.1705703735351562,domates_late_blight_meyve,0.9967370629310608,False,domates_late_blight_meyve,0.9970135688781738,False,False,0.0002765059471130371,222.98929899989162,success
dual_view_inference,/content/bitirmeprojesi/data/prepared_runtime_datasets/tomato__fruit/test/domates_late_blight_meyve/Kaggle_train_L_blight_3-Copy_jpg.rf.2ed0d6056933b9aa53033d09fc03f18c.jpg,domates_late_blight_meyve,tomato,fruit,ok,0.7869436740875244,tomato,fruit,eggplant,unknown,"[288.6163635253906, 0.00621795654296875, 639.6827392578125, 615.9075317382812]",0.5278863331010547,roi_ok,True,True,True,full_image_primary_with_roi_evidence,full_image,supports_full,False,,0.7,grounding_dino,True,router_then_grounding_dino,tomato plant.,0.7869436740875244,grounding_dino,29,ok,,full_image,full_image,domates_late_blight_meyve,0.9384920597076416,False,-0.2170834243297577,domates_late_blight_meyve,0.9384920597076416,False,domates_late_blight_meyve,0.9029808640480042,False,False,-0.03551119565963745,223.92385799957992,success
dual_view_inference,/content/bitirmeprojesi/data/prepared_runtime_datasets/tomato__fruit/test/domates_late_blight_meyve/Kaggle_train_L_blight_32_jpg.rf.6527bb375e4129d56184cc09fcf0cce0.jpg,domates_late_blight_meyve,tomato,fruit,ok,0.8663482069969177,tomato,fruit,eggplant,unknown,"[109.849853515625, 41.91343307495117, 560.3665771484375, 588.909423828125]",0.6016377968613381,roi_ok,True,True,True,full_image_primary_with_roi_evidence,full_image,supports_full,False,,0.7,grounding_dino,True,router_then_grounding_dino,a tomato fruit.,0.8663482069969177,grounding_dino,22,ok,,full_image,full_image,domates_late_blight_meyve,0.9623900055885315,False,-1.1555821895599365,domates_late_blight_meyve,0.9623900055885315,False,domates_late_blight_meyve,0.9825085401535034,False,False,0.020118534564971924,225.33618899979047,success
dual_view_inference,/content/bitirmeprojesi/data/prepared_runtime_datasets/tomato__fruit/test/domates_late_blight_meyve/Kaggle_train_L_blight_32_zoom_1_jpg.rf.8e3e547ffbd4caf222f148cbfdc9ae53.jpg,domates_late_blight_meyve,tomato,fruit,ok,0.8625466823577881,tomato,fruit,eggplant,unknown,"[112.62554168701172, 0.3215217590332031, 639.9349365234375, 626.9044189453125]",0.8066480672122835,roi_ok,True,True,True,full_image_primary_with_roi_evidence,full_image,supports_full,False,,0.7,grounding_dino,True,router_then_grounding_dino,a tomato fruit.,0.8625466823577881,grounding_dino,16,ok,,full_image,full_image,domates_late_blight_meyve,0.9773203134536743,False,-0.8317339420318604,domates_late_blight_meyve,0.9773203134536743,False,domates_late_blight_meyve,0.9836904406547546,False,False,0.006370127201080322,226.9349449998117,success
dual_view_inference,/content/bitirmeprojesi/data/prepared_runtime_datasets/tomato__fruit/test/domates_late_blight_meyve/Kaggle_train_L_blight_4_zoom_2_jpg.rf.9325d80a269329091927ad68f733166c.jpg,domates_late_blight_meyve,tomato,fruit,ok,0.5943891406059265,tomato,fruit,eggplant,unknown,"[218.94046020507812, 26.257123947143555, 381.8712158203125, 225.72567749023438]",0.07934463415589263,roi_ok,True,True,True,full_image_primary_with_roi_evidence,full_image,conflicts_with_full,False,,0.7,grounding_dino,True,router_then_grounding_dino,tomato fruits.,0.5943891406059265,grounding_dino,70,ok,,full_image,full_image,domates_late_blight_meyve,0.9681792259216309,False,-0.6675843596458435,domates_late_blight_meyve,0.9681792259216309,False,domates_blossom_end_rot_meyve,0.6685277819633484,True,True,-0.29965144395828247,225.31479199915339,success
dual_view_inference,/content/bitirmeprojesi/data/prepared_runtime_datasets/tomato__fruit/test/domates_late_blight_meyve/Kaggle_train_L_blight_5_jpg.rf.045d610554d341e2ffb311013c8c689c.jpg,domates_late_blight_meyve,tomato,fruit,ok,0.8117475509643555,tomato,fruit,eggplant,unknown,"[397.1573486328125, 71.43937683105469, 619.9146728515625, 452.03985595703125]",0.20698619220331238,roi_ok,True,True,True,full_image_primary_with_roi_evidence,full_image,conflicts_with_full,False,,0.7,grounding_dino,True,router_then_grounding_dino,tomato plant.,0.8117475509643555,grounding_dino,25,ok,,full_image,full_image,domates_late_blight_meyve,0.701262354850769,False,0.6811698079109192,domates_late_blight_meyve,0.701262354850769,False,domates_spotted_wilt_meyve,0.988727331161499,False,True,0.28746497631073,227.45733200008544,success
dual_view_inference,/content/bitirmeprojesi/data/prepared_runtime_datasets/tomato__fruit/test/domates_late_blight_meyve/Kaggle_train_L_blight_7_jpg.rf.6fa866648df043b66072fb63da84510d.jpg,domates_late_blight_meyve,tomato,fruit,ok,0.8233498930931091,tomato,fruit,eggplant,unknown,"[0.0, 90.51896667480469, 335.13128662109375, 583.6959838867188]",0.40351330153853043,roi_ok,True,True,True,full_image_primary_with_roi_evidence,full_image,supports_full,False,,0.7,grounding_dino,True,router_then_grounding_dino,tomato plant.,0.8233498930931091,grounding_dino,22,ok,,full_image,full_image,domates_late_blight_meyve,0.9332406520843506,False,0.8415738344192505,domates_late_blight_meyve,0.9332406520843506,False,domates_late_blight_meyve,0.4948829114437103,False,False,-0.43835774064064026,225.9192860001349,success
dual_view_inference,/content/bitirmeprojesi/data/prepared_runtime_datasets/tomato__fruit/test/domates_late_blight_meyve/Kaggle_train_L_blight_9_jpg.rf.4ceae07385b13640e2d271e9f2fa7ed0.jpg,domates_late_blight_meyve,tomato,fruit,ok,0.7327021956443787,tomato,fruit,potato,leaf,"[0.21116256713867188, 6.521816253662109, 639.22021484375, 639.8739013671875]",0.9880803605122302,roi_too_large,True,True,False,full_image_primary_with_roi_evidence,full_image,roi_too_large,False,,0.7,grounding_dino,True,router_then_grounding_dino,tomato plant.,0.7327021956443787,grounding_dino,86,ok,,full_image,full_image,domates_late_blight_meyve,0.8379392623901367,False,0.6744086742401123,domates_late_blight_meyve,0.8379392623901367,False,,,,False,,114.79733400028636,success
dual_view_inference,/content/bitirmeprojesi/data/prepared_runtime_datasets/tomato__fruit/test/domates_late_blight_meyve/Kaggle_train_LateBlight_101_jpg.rf.80dd71eec2b1604a45d9e87f63d10236.jpg,domates_late_blight_meyve,tomato,fruit,ok,0.6595592498779297,tomato,fruit,eggplant,unknown,"[106.11024475097656, 136.1868896484375, 581.6521606445312, 560.54638671875]",0.49267755923935963,roi_ok,True,True,True,full_image_primary_with_roi_evidence,full_image,supports_full,False,,0.7,grounding_dino,True,router_then_grounding_dino,fruit on tomato plant.,0.6595592498779297,grounding_dino,23,ok,,full_image,full_image,domates_late_blight_meyve,0.9390519261360168,False,-0.3791474997997284,domates_late_blight_meyve,0.9390519261360168,False,domates_late_blight_meyve,0.9398972392082214,False,False,0.0008453130722045898,223.33782500027155,success
dual_view_inference,/content/bitirmeprojesi/data/prepared_runtime_datasets/tomato__fruit/test/domates_late_blight_meyve/Kaggle_train_LateBlight_108_zoom_1_jpg.rf.1f83fec085657c61df5e26e65cd634b0.jpg,domates_late_blight_meyve,tomato,fruit,ok,0.59661865234375,tomato,fruit,honeydew,unknown,"[0.058994293212890625, 0.084991455078125, 329.65936279296875, 640.0]",0.5149321841428971,roi_ok,True,True,True,full_image_primary_with_roi_evidence,full_image,supports_full,False,,0.7,grounding_dino,True,router_then_grounding_dino,tomato plant.,0.59661865234375,grounding_dino,38,ok,,full_image,full_image,domates_late_blight_meyve,0.9880204796791077,False,-0.6937874555587769,domates_late_blight_meyve,0.9880204796791077,False,domates_late_blight_meyve,0.9942124485969543,False,False,0.00619196891784668,232.39153399936185,success
dual_view_inference,/content/bitirmeprojesi/data/prepared_runtime_datasets/tomato__fruit/test/domates_late_blight_meyve/Kaggle_train_LateBlight_108_zoom_2_jpg.rf.87c933da03d65a7e5ccd5db1df3fc586.jpg,domates_late_blight_meyve,tomato,fruit,ok,0.6253436803817749,tomato,fruit,eggplant,unknown,"[0.09859085083007812, 0.032958984375, 637.0142211914062, 640.0]",0.9951294221817875,roi_too_large,True,True,False,full_image_primary_with_roi_evidence,full_image,roi_too_large,False,,0.7,grounding_dino,True,router_then_grounding_dino,tomato plant.,0.6253436803817749,grounding_dino,37,ok,,full_image,full_image,domates_late_blight_meyve,0.9928223490715027,False,-0.9085482954978943,domates_late_blight_meyve,0.9928223490715027,False,,,,False,,113.76486500012106,success
dual_view_inference,/content/bitirmeprojesi/data/prepared_runtime_datasets/tomato__fruit/test/domates_late_blight_meyve/Kaggle_train_LateBlight_108_zoom_3_jpg.rf.94859d22946212ae95cd7ca2148a00a5.jpg,domates_late_blight_meyve,tomato,fruit,ok,0.5950549840927124,tomato,fruit,chickpea,unknown,"[249.69973754882812, 154.05442810058594, 640.0, 639.9984741210938]",0.46304709154880014,roi_ok,True,True,True,full_image_primary_with_roi_evidence,full_image,supports_full,False,,0.7,grounding_dino,True,router_then_grounding_dino,fruit on tomato plant.,0.5950549840927124,grounding_dino,37,ok,,full_image,full_image,domates_late_blight_meyve,0.9746053814888,False,-0.3022792935371399,domates_late_blight_meyve,0.9746053814888,False,domates_late_blight_meyve,0.8782808780670166,False,False,-0.09632450342178345,226.36566599976504,success
dual_view_inference,/content/bitirmeprojesi/data/prepared_runtime_datasets/tomato__fruit/test/domates_late_blight_meyve/Kaggle_train_LateBlight_108_zoom_5_jpg.rf.ae71aadebb9d09a8c9ea224cd8ebbf34.jpg,domates_late_blight_meyve,tomato,fruit,ok,0.7009925246238708,tomato,fruit,eggplant,unknown,"[299.45343017578125, 0.1922607421875, 639.4579467773438, 556.7227783203125]",0.46196994532023383,roi_ok,True,True,True,full_image_primary_with_roi_evidence,full_image,supports_full,False,,0.7,grounding_dino,True,router_then_grounding_dino,tomato fruits.,0.7009925246238708,grounding_dino,32,ok,,full_image,full_image,domates_late_blight_meyve,0.995667576789856,False,-1.1879712343215942,domates_late_blight_meyve,0.995667576789856,False,domates_late_blight_meyve,0.9607667326927185,False,False,-0.03490084409713745,225.48707500027376,success
dual_view_inference,/content/bitirmeprojesi/data/prepared_runtime_datasets/tomato__fruit/test/domates_late_blight_meyve/Kaggle_train_buck12_jpg.rf.8fae2b952a77d7b941b6543e7247b61e.jpg,domates_late_blight_meyve,tomato,fruit,ok,0.7401233315467834,tomato,fruit,honeydew,unknown,"[117.86884307861328, 21.932125091552734, 541.5184936523438, 557.9159545898438]",0.5543685597659203,roi_ok,True,True,True,full_image_primary_with_roi_evidence,full_image,supports_full,False,,0.7,grounding_dino,True,router_then_grounding_dino,fruit on tomato plant.,0.7401233315467834,grounding_dino,15,ok,,full_image,full_image,domates_late_blight_meyve,0.883732795715332,False,0.20064228773117065,domates_late_blight_meyve,0.883732795715332,False,domates_late_blight_meyve,0.7251107692718506,False,False,-0.15862202644348145,228.41942200102494,success
dual_view_inference,/content/bitirmeprojesi/data/prepared_runtime_datasets/tomato__fruit/test/domates_late_blight_meyve/Kaggle_train_buck13_jpeg.rf.99edae068d5681d76a8c683eb70f8417.jpg,domates_late_blight_meyve,tomato,fruit,ok,0.7659199237823486,tomato,fruit,eggplant,unknown,"[45.340824127197266, 212.391845703125, 294.0392150878906, 498.20941162109375]",0.17354093933618345,roi_ok,True,True,True,full_image_primary_with_roi_evidence,full_image,supports_full,False,,0.7,grounding_dino,True,router_then_grounding_dino,tomato plant fruit.,0.7659199237823486,grounding_dino,24,ok,,full_image,full_image,domates_late_blight_meyve,0.9881072640419006,False,-0.16595646739006042,domates_late_blight_meyve,0.9881072640419006,False,domates_late_blight_meyve,0.8955718278884888,False,False,-0.09253543615341187,221.67183400051726,success
dual_view_inference,/content/bitirmeprojesi/data/prepared_runtime_datasets/tomato__fruit/test/domates_late_blight_meyve/Kaggle_train_buck16_jpg.rf.fcebbbe6bdc274225a6d8f89fed2c32f.jpg,domates_late_blight_meyve,tomato,fruit,ok,0.8440854549407959,tomato,fruit,eggplant,unknown,"[111.9356918334961, 41.73379898071289, 550.7325439453125, 577.9173583984375]",0.5744034619790201,roi_ok,True,True,True,full_image_primary_with_roi_evidence,full_image,supports_full,False,,0.7,grounding_dino,True,router_then_grounding_dino,a tomato fruit.,0.8440854549407959,grounding_dino,20,ok,,full_image,full_image,domates_late_blight_meyve,0.8963892459869385,False,-0.8901281952857971,domates_late_blight_meyve,0.8963892459869385,False,domates_late_blight_meyve,0.943067729473114,False,False,0.04667848348617554,225.6073420003304,success
dual_view_inference,/content/bitirmeprojesi/data/prepared_runtime_datasets/tomato__fruit/test/domates_late_blight_meyve/Kaggle_train_buck19_jpg.rf.8dd2b7c9284d24a2d74c76a53e3b7578.jpg,domates_late_blight_meyve,tomato,fruit,ok,0.750007152557373,tomato,fruit,avocado,unknown,"[2.673473358154297, 6.180667877197266, 334.9298095703125, 637.2254638671875]",0.5118863083529859,roi_ok,True,True,True,full_image_primary_with_roi_evidence,full_image,supports_full,True,low_full_confidence,0.7,grounding_dino,True,router_then_grounding_dino,tomato plant fruit.,0.750007152557373,grounding_dino,22,ok,,full_image,full_image,domates_blossom_end_rot_meyve,0.5928450226783752,True,2.633584976196289,domates_blossom_end_rot_meyve,0.5928450226783752,True,domates_blossom_end_rot_meyve,0.9303762316703796,True,False,0.3375312089920044,224.17253000003257,success
dual_view_inference,/content/bitirmeprojesi/data/prepared_runtime_datasets/tomato__fruit/test/domates_late_blight_meyve/Kaggle_train_buck21_jpg.rf.5c521583815e9ac0bc2e2a8b98ce0e01.jpg,domates_late_blight_meyve,tomato,fruit,ok,0.7722821831703186,tomato,fruit,pepper,bud,"[62.198707580566406, 80.03007507324219, 300.89111328125, 593.9299926757812]",0.29947267485823514,roi_ok,True,True,True,full_image_primary_with_roi_evidence,full_image,supports_full,False,,0.7,grounding_dino,True,router_then_grounding_dino,tomato plant fruit.,0.7722821831703186,grounding_dino,19,ok,,full_image,full_image,domates_late_blight_meyve,0.8348552584648132,False,0.21274130046367645,domates_late_blight_meyve,0.8348552584648132,False,domates_late_blight_meyve,0.7296157479286194,False,False,-0.10523951053619385,224.39477300031285,success
dual_view_inference,/content/bitirmeprojesi/data/prepared_runtime_datasets/tomato__fruit/test/domates_late_blight_meyve/Kaggle_train_buck23_jpg.rf.7d2f18bf40f2f73186620e559986cb93.jpg,domates_late_blight_meyve,tomato,fruit,ok,0.9156190752983093,tomato,fruit,eggplant,unknown,"[98.02497863769531, 89.33860778808594, 493.18475341796875, 600.991943359375]",0.4936152755125153,roi_ok,True,True,True,full_image_primary_with_roi_evidence,full_image,supports_full,False,,0.7,grounding_dino,True,router_then_grounding_dino,tomato plant.,0.9156190752983093,grounding_dino,8,ok,,full_image,full_image,domates_late_blight_meyve,0.8304278254508972,False,1.503239393234253,domates_late_blight_meyve,0.8304278254508972,False,domates_late_blight_meyve,0.8845586180686951,False,False,0.05413079261779785,223.96764600034658,success
dual_view_inference,/content/bitirmeprojesi/data/prepared_runtime_datasets/tomato__fruit/test/domates_late_blight_meyve/Kaggle_train_buck2_jpg.rf.be8bd16e5d71f21893d60e89b288300a.jpg,domates_late_blight_meyve,tomato,fruit,ok,0.8197479844093323,tomato,fruit,mango,unknown,"[184.48280334472656, 79.56536865234375, 614.2638549804688, 472.173828125]",0.41195233543273163,roi_ok,True,True,True,full_image_primary_with_roi_evidence,full_image,supports_full,False,,0.7,grounding_dino,True,router_then_grounding_dino,fruit on tomato plant.,0.8197479844093323,grounding_dino,9,ok,,full_image,full_image,domates_blossom_end_rot_meyve,0.995799720287323,False,1.8652229309082031,domates_blossom_end_rot_meyve,0.995799720287323,False,domates_blossom_end_rot_meyve,0.9851657152175903,True,False,-0.010634005069732666,223.02024800046638,success
dual_view_inference,/content/bitirmeprojesi/data/prepared_runtime_datasets/tomato__fruit/test/domates_late_blight_meyve/Kaggle_valid_L_blight_16_jpg.rf.acd5f4eaff453da96782eb7a921422c6.jpg,domates_late_blight_meyve,tomato,fruit,ok,0.7981395689183743,tomato,fruit,tomato,fruit,"[67.23527526855469, 1.4544105529785156, 640.0, 638.777587890625]",0.8912017437323417,roi_ok,True,True,True,full_image_primary_with_roi_evidence,full_image,supports_full,False,,0.7,router_detection,True,router_then_grounding_dino,,0.7981395689183743,router_detection,0,,,full_image,full_image,domates_late_blight_meyve,0.8252087235450745,False,0.18401743471622467,domates_late_blight_meyve,0.8252087235450745,False,domates_late_blight_meyve,0.7718056440353394,False,False,-0.05340307950973511,225.33263799959968,success
dual_view_inference,/content/bitirmeprojesi/data/prepared_runtime_datasets/tomato__fruit/test/domates_late_blight_meyve/Kaggle_valid_L_blight_26_zoom_4_jpg.rf.be841a5840de1961887e845cb93d1747.jpg,domates_late_blight_meyve,tomato,fruit,ok,0.7462688088417053,tomato,fruit,eggplant,unknown,"[0.04802703857421875, 0.0, 640.0, 639.9689331054688]",0.9998764193722252,roi_too_large,True,True,False,full_image_primary_with_roi_evidence,full_image,roi_too_large,False,,0.7,grounding_dino,True,router_then_grounding_dino,tomato plant.,0.7462688088417053,grounding_dino,80,ok,,full_image,full_image,domates_late_blight_meyve,0.9499217867851257,False,-0.4662427008152008,domates_late_blight_meyve,0.9499217867851257,False,,,,False,,113.71990099996765,success
dual_view_inference,/content/bitirmeprojesi/data/prepared_runtime_datasets/tomato__fruit/test/domates_late_blight_meyve/Kaggle_valid_L_blight_32_zoom_2_jpg.rf.71ccf48d874c5766b352d3fc57b7b438.jpg,domates_late_blight_meyve,tomato,fruit,ok,0.7926749587059021,tomato,fruit,eggplant,unknown,"[24.847984313964844, 0.0435638427734375, 566.1112060546875, 640.0]",0.8456662168168251,roi_ok,True,True,True,full_image_primary_with_roi_evidence,full_image,supports_full,False,,0.7,grounding_dino,True,router_then_grounding_dino,tomato fruits.,0.7926749587059021,grounding_dino,17,ok,,full_image,full_image,domates_late_blight_meyve,0.9842290878295898,False,-1.16367769241333,domates_late_blight_meyve,0.9842290878295898,False,domates_late_blight_meyve,0.988856852054596,False,False,0.0046277642250061035,223.3825909997904,success
dual_view_inference,/content/bitirmeprojesi/data/prepared_runtime_datasets/tomato__fruit/test/domates_late_blight_meyve/Kaggle_valid_LateBlight_108_zoom_4_jpg.rf.6eb03a33b728c0a69216d8572bbf5d44.jpg,domates_late_blight_meyve,tomato,fruit,ok,0.35406099572211974,tomato,fruit,tomato,leaf,"[298.049560546875, 38.50522994995117, 405.0706787109375, 253.51531982421875]",0.056178272057860565,roi_ok,True,True,True,full_image_primary_with_roi_evidence,full_image,conflicts_with_full,False,,0.7,router_detection,True,router_then_grounding_dino,,0.35406099572211974,router_detection,0,,,full_image,full_image,domates_late_blight_meyve,0.9905439615249634,False,-0.7232373356819153,domates_late_blight_meyve,0.9905439615249634,False,domates_spotted_wilt_meyve,0.9821558594703674,True,True,-0.008388102054595947,225.88110600008804,success
dual_view_inference,/content/bitirmeprojesi/data/prepared_runtime_datasets/tomato__fruit/test/domates_late_blight_meyve/tomato_late_blight_168.jpg,domates_late_blight_meyve,tomato,fruit,ok,0.658976674079895,tomato,fruit,eggplant,unknown,"[0.0, 0.07426571846008301, 639.9341430664062, 373.71588134765625]",0.9530693044946477,roi_too_large,True,True,False,full_image_primary_with_roi_evidence,full_image,roi_too_large,True,low_full_confidence;roi_too_large,0.7,grounding_dino,True,router_then_grounding_dino,tomato plant fruit.,0.658976674079895,grounding_dino,53,ok,,full_image,full_image,domates_spotted_wilt_meyve,0.6258641481399536,True,6.851099014282227,domates_spotted_wilt_meyve,0.6258641481399536,True,,,,False,,113.44995599938557,success
dual_view_inference,/content/bitirmeprojesi/data/prepared_runtime_datasets/tomato__fruit/test/domates_late_blight_meyve/tomato_late_blight_186.jpg,domates_late_blight_meyve,tomato,fruit,ok,0.7187849283218384,tomato,fruit,eggplant,unknown,"[39.164371490478516, 80.73516845703125, 338.53271484375, 383.75439453125]",0.3163865921945777,roi_ok,True,True,True,full_image_primary_with_roi_evidence,full_image,conflicts_with_full,False,,0.7,grounding_dino,True,router_then_grounding_dino,tomato fruits.,0.7187849283218384,grounding_dino,36,ok,,full_image,full_image,domates_late_blight_meyve,0.7489234805107117,False,-0.1212327778339386,domates_late_blight_meyve,0.7489234805107117,False,domates_blossom_end_rot_meyve,0.6814573407173157,True,True,-0.067466139793396,224.11390300021594,success
dual_view_inference,/content/bitirmeprojesi/data/prepared_runtime_datasets/tomato__fruit/test/domates_late_blight_meyve/tomato_late_blight_220.jpg,domates_late_blight_meyve,tomato,fruit,ok,0.9169332385063171,tomato,fruit,pumpkin,unknown,"[98.15009307861328, 43.80949401855469, 402.408203125, 358.5529479980469]",0.5117608467990498,roi_ok,True,True,True,full_image_primary_with_roi_evidence,full_image,supports_full,False,,0.7,grounding_dino,True,router_then_grounding_dino,a tomato fruit.,0.9169332385063171,grounding_dino,11,ok,,full_image,full_image,domates_late_blight_meyve,0.8050310611724854,False,-0.09717968106269836,domates_late_blight_meyve,0.8050310611724854,False,domates_late_blight_meyve,0.6873069405555725,False,False,-0.11772412061691284,222.12239200052863,success
dual_view_inference,/content/bitirmeprojesi/data/prepared_runtime_datasets/tomato__fruit/test/domates_late_blight_meyve/tomato_late_blight_3.jpg,domates_late_blight_meyve,tomato,fruit,ok,0.7637287974357605,tomato,fruit,eggplant,unknown,"[797.3096923828125, 175.28346252441406, 1458.5574951171875, 807.5728149414062]",0.21776038800941508,roi_ok,True,True,True,full_image_primary_with_roi_evidence,full_image,supports_full,False,,0.7,grounding_dino,True,router_then_grounding_dino,fruit.,0.7637287974357605,grounding_dino,20,ok,,full_image,full_image,domates_spotted_wilt_meyve,0.9047978520393372,True,3.022554636001587,domates_spotted_wilt_meyve,0.9047978520393372,True,domates_spotted_wilt_meyve,0.93841153383255,True,False,0.03361368179321289,240.51905200030887,success
dual_view_inference,/content/bitirmeprojesi/data/prepared_runtime_datasets/tomato__fruit/test/domates_late_blight_meyve/tomato_late_blight_39.jpg,domates_late_blight_meyve,tomato,fruit,ok,0.9090502262115479,tomato,fruit,eggplant,unknown,"[180.96205139160156, 77.43816375732422, 499.876220703125, 382.8385009765625]",0.29654273185888597,roi_ok,True,True,True,full_image_primary_with_roi_evidence,full_image,supports_full,False,,0.7,grounding_dino,True,router_then_grounding_dino,a tomato fruit.,0.9090502262115479,grounding_dino,9,ok,,full_image,full_image,domates_blossom_end_rot_meyve,0.7533624768257141,True,3.2561745643615723,domates_blossom_end_rot_meyve,0.7533624768257141,True,domates_blossom_end_rot_meyve,0.8264517188072205,True,False,0.07308924198150635,228.01530600008846,success
dual_view_inference,/content/bitirmeprojesi/data/prepared_runtime_datasets/tomato__fruit/test/domates_late_blight_meyve/tomato_late_blight_83.jpg,domates_late_blight_meyve,tomato,fruit,ok,0.6204802393913269,tomato,fruit,eggplant,unknown,"[126.0813980102539, 62.33747482299805, 595.3374633789062, 478.8189392089844]",0.18095967895994672,roi_ok,True,True,True,full_image_primary_with_roi_evidence,full_image,supports_full,False,,0.7,grounding_dino,True,router_then_grounding_dino,fruit on tomato plant.,0.6204802393913269,grounding_dino,193,ok,,full_image,full_image,domates_late_blight_meyve,0.8550440669059753,False,-0.25471022725105286,domates_late_blight_meyve,0.8550440669059753,False,domates_late_blight_meyve,0.9875226616859436,False,False,0.13247859477996826,230.56654800075194,success
dual_view_inference,/content/bitirmeprojesi/data/prepared_runtime_datasets/tomato__fruit/test/domates_late_blight_meyve/tomato_late_blight_google_0044.jpg,domates_late_blight_meyve,tomato,fruit,ok,0.6802225708961487,tomato,fruit,eggplant,unknown,"[133.9691925048828, 223.81272888183594, 834.2666015625, 691.8432006835938]",0.3159953865314463,roi_ok,True,True,True,full_image_primary_with_roi_evidence,full_image,supports_full,False,,0.7,grounding_dino,True,router_then_grounding_dino,tomato plant.,0.6802225708961487,grounding_dino,66,ok,,full_image,full_image,domates_late_blight_meyve,0.935038149356842,False,-0.09695351123809814,domates_late_blight_meyve,0.935038149356842,False,domates_late_blight_meyve,0.9002321362495422,False,False,-0.034806013107299805,246.6103810011191,success
dual_view_inference,/content/bitirmeprojesi/data/prepared_runtime_datasets/tomato__fruit/test/domates_late_blight_meyve/tomato_late_blight_google_0092.jpg,domates_late_blight_meyve,tomato,fruit,ok,0.7911094427108765,tomato,fruit,pumpkin,unknown,"[286.0167541503906, 17.971317291259766, 916.3643188476562, 661.4553833007812]",0.5007637209019709,roi_ok,True,True,True,full_image_primary_with_roi_evidence,full_image,supports_full,False,,0.7,grounding_dino,True,router_then_grounding_dino,a tomato fruit.,0.7911094427108765,grounding_dino,19,ok,,full_image,full_image,domates_late_blight_meyve,0.8050397634506226,False,0.10571271181106567,domates_late_blight_meyve,0.8050397634506226,False,domates_late_blight_meyve,0.7009007334709167,False,False,-0.10413902997970581,237.94202099907125,success
dual_view_inference,/content/bitirmeprojesi/data/prepared_runtime_datasets/tomato__fruit/test/domates_late_blight_meyve/tomato_late_blight_google_0220.jpg,domates_late_blight_meyve,tomato,fruit,ok,0.8171776912094448,tomato,fruit,tomato,fruit,"[2.2386741638183594, 0.5075781345367432, 637.8758544921875, 520.9232177734375]",0.9882753638230626,roi_too_large,True,True,False,full_image_primary_with_roi_evidence,full_image,roi_too_large,True,low_full_confidence;roi_too_large,0.7,router_detection,True,router_then_grounding_dino,,0.8171776912094448,router_detection,0,,,full_image,full_image,domates_blossom_end_rot_meyve,0.6685355305671692,False,1.3203715085983276,domates_blossom_end_rot_meyve,0.6685355305671692,False,,,,False,,114.04832500011253,success
dual_view_inference,/content/bitirmeprojesi/data/prepared_runtime_datasets/tomato__fruit/test/domates_sağlıklı_meyve/Kaggle_train_h13_jpg.rf.da8819433f2f934fa2ff99ff0c7c5468.jpg,domates_sağlıklı_meyve,tomato,fruit,ok,0.738700019351001,tomato,fruit,tomato,fruit,"[394.20361328125, 336.0020446777344, 569.4635620117188, 428.69049072265625]",0.0396596003460445,roi_ok,True,True,True,full_image_primary_with_roi_evidence,full_image,conflicts_with_full,False,,0.7,router_detection,True,router_then_grounding_dino,,0.738700019351001,router_detection,0,,,full_image,full_image,domates_sağlıklı_meyve,0.9966157078742981,False,-0.2963610291481018,domates_sağlıklı_meyve,0.9966157078742981,False,domates_spotted_wilt_meyve,0.43385449051856995,True,True,-0.5627612173557281,222.5406549996478,success
dual_view_inference,/content/bitirmeprojesi/data/prepared_runtime_datasets/tomato__fruit/test/domates_sağlıklı_meyve/Kaggle_train_h52_jpg.rf.8846f3cd7c518474c7f643f09be00a2c.jpg,domates_sağlıklı_meyve,tomato,fruit,ok,0.5831297822471317,tomato,fruit,tomato,leaf,"[306.490966796875, 294.2658996582031, 369.74371337890625, 460.649169921875]",0.025693844798529427,roi_ok,True,True,True,full_image_primary_with_roi_evidence,full_image,conflicts_with_full,True,low_full_confidence;roi_conflict,0.7,router_detection,True,router_then_grounding_dino,,0.5831297822471317,router_detection,0,,,full_image,full_image,domates_sağlıklı_meyve,0.696429431438446,False,0.2009362131357193,domates_sağlıklı_meyve,0.696429431438446,False,domates_antraknoz_meyve,0.4545390009880066,True,True,-0.24189043045043945,224.23104100016644,success
dual_view_inference,/content/bitirmeprojesi/data/prepared_runtime_datasets/tomato__fruit/test/domates_sağlıklı_meyve/Kaggle_train_h58_jpg.rf.8ba5ca3389b8f3543400f0da664a73b5.jpg,domates_sağlıklı_meyve,tomato,fruit,ok,0.7973735332489014,tomato,fruit,eggplant,unknown,"[125.55408477783203, 18.19711685180664, 477.1072998046875, 578.7551879882812]",0.4811181448175791,roi_ok,True,True,True,full_image_primary_with_roi_evidence,full_image,supports_full,True,low_full_confidence,0.7,grounding_dino,True,router_then_grounding_dino,tomato plant fruit.,0.7973735332489014,grounding_dino,73,ok,,full_image,full_image,domates_blossom_end_rot_meyve,0.6198385953903198,False,2.0139827728271484,domates_blossom_end_rot_meyve,0.6198385953903198,False,domates_blossom_end_rot_meyve,0.6534505486488342,True,False,0.033611953258514404,225.48050599925773,success
dual_view_inference,/content/bitirmeprojesi/data/prepared_runtime_datasets/tomato__fruit/test/domates_sağlıklı_meyve/Kaggle_train_h61_jpg.rf.92ddde0419354ab344451683ba153c47.jpg,domates_sağlıklı_meyve,tomato,fruit,ok,0.7679527997970581,tomato,fruit,tomato,leaf,"[0.06328582763671875, 0.01903533935546875, 640.0, 640.0]",0.9998713761176568,roi_too_large,True,True,False,full_image_primary_with_roi_evidence,full_image,roi_too_large,True,low_full_confidence;roi_too_large,0.7,grounding_dino,True,router_then_grounding_dino,tomato plant.,0.7679527997970581,grounding_dino,96,ok,,full_image,full_image,domates_blossom_end_rot_meyve,0.5172994136810303,True,2.587972402572632,domates_blossom_end_rot_meyve,0.5172994136810303,True,,,,False,,114.33838399989327,success
dual_view_inference,/content/bitirmeprojesi/data/prepared_runtime_datasets/tomato__fruit/test/domates_sağlıklı_meyve/Kaggle_train_h68_jpg.rf.302b70de0fcfce8aee4dcff4ffab2664.jpg,domates_sağlıklı_meyve,tomato,fruit,ok,0.7128526568412781,tomato,fruit,honeydew,unknown,"[32.46337890625, 0.0, 541.1871337890625, 639.9052734375]",0.794763216485444,roi_ok,True,True,True,full_image_primary_with_roi_evidence,full_image,supports_full,True,low_full_confidence,0.7,grounding_dino,True,router_then_grounding_dino,tomato plant.,0.7128526568412781,grounding_dino,71,ok,,full_image,full_image,domates_sağlıklı_meyve,0.45324188470840454,False,1.4573190212249756,domates_sağlıklı_meyve,0.45324188470840454,False,domates_sağlıklı_meyve,0.3559049069881439,False,False,-0.09733697772026062,224.684713998613,success
dual_view_inference,/content/bitirmeprojesi/data/prepared_runtime_datasets/tomato__fruit/test/domates_sağlıklı_meyve/Kaggle_train_h72_jpg.rf.ea54c563e200d89fe640dc25d1de77b4.jpg,domates_sağlıklı_meyve,tomato,fruit,ok,0.7370330473801374,tomato,fruit,tomato,fruit,"[132.259521484375, 512.4954223632812, 194.97840881347656, 623.8958740234375]",0.01705789154317472,roi_too_small,True,True,False,full_image_primary_with_roi_evidence,full_image,roi_too_small,True,low_full_confidence;roi_too_small,0.7,router_detection,True,router_then_grounding_dino,,0.7370330473801374,router_detection,0,,,full_image,full_image,domates_sağlıklı_meyve,0.4264069199562073,False,0.03032192587852478,domates_sağlıklı_meyve,0.4264069199562073,False,,,,False,,113.90937899977871,success
dual_view_inference,/content/bitirmeprojesi/data/prepared_runtime_datasets/tomato__fruit/test/domates_sağlıklı_meyve/Kaggle_train_h79_jpg.rf.06c151efbe0092df302d1602f46c9228.jpg,domates_sağlıklı_meyve,tomato,fruit,ok,0.837631302495306,tomato,fruit,tomato,leaf,"[0.3380775451660156, 3.5190391540527344, 639.1198120117188, 637.547119140625]",0.98878309725176,roi_too_large,True,True,False,full_image_primary_with_roi_evidence,full_image,roi_too_large,True,low_full_confidence;roi_too_large,0.7,router_detection,True,router_then_grounding_dino,,0.837631302495306,router_detection,0,,,full_image,full_image,domates_sağlıklı_meyve,0.4562099575996399,False,-0.2570366859436035,domates_sağlıklı_meyve,0.4562099575996399,False,,,,False,,116.4256080000996,success
dual_view_inference,/content/bitirmeprojesi/data/prepared_runtime_datasets/tomato__fruit/test/domates_sağlıklı_meyve/Kaggle_train_h81_jpg.rf.f15cfb7dc7f11ca2938306902fd1cee9.jpg,domates_sağlıklı_meyve,tomato,fruit,ok,0.6816555857658386,tomato,fruit,eggplant,unknown,"[456.59912109375, 134.72547912597656, 633.1460571289062, 409.3666076660156]",0.11837658631098975,roi_ok,True,True,True,full_image_primary_with_roi_evidence,full_image,conflicts_with_full,True,low_full_confidence;roi_conflict;roi_confidence_leads,0.7,grounding_dino,True,router_then_grounding_dino,tomato fruit.,0.6816555857658386,grounding_dino,72,ok,,full_image,full_image,domates_sağlıklı_meyve,0.6466254591941833,False,1.0101906061172485,domates_sağlıklı_meyve,0.6466254591941833,False,domates_blossom_end_rot_meyve,0.99250727891922,True,True,0.3458818197250366,225.78189100022428,success
dual_view_inference,/content/bitirmeprojesi/data/prepared_runtime_datasets/tomato__fruit/test/domates_sağlıklı_meyve/Kaggle_valid_h1_jpg.rf.d97cd11c9079639c4bdc26d85ced5e19.jpg,domates_sağlıklı_meyve,tomato,fruit,ok,0.8610087633132935,tomato,fruit,walnut,unknown,"[24.095172882080078, 11.189289093017578, 617.9820556640625, 615.2607421875]",0.8758547662496696,roi_ok,True,True,True,full_image_primary_with_roi_evidence,full_image,supports_full,False,,0.7,grounding_dino,True,router_then_grounding_dino,tomato plant.,0.8610087633132935,grounding_dino,17,ok,,full_image,full_image,domates_sağlıklı_meyve,0.9940654039382935,False,0.5110102295875549,domates_sağlıklı_meyve,0.9940654039382935,False,domates_sağlıklı_meyve,0.9940654039382935,False,False,0.0,225.71503699964524,success
dual_view_inference,/content/bitirmeprojesi/data/prepared_runtime_datasets/tomato__fruit/test/domates_spotted_wilt_meyve/Kaggle_train_spot10-Copy-2-_jpg.rf.5d46b7e6ba93ae443458d036e27df4fd.jpg,domates_spotted_wilt_meyve,tomato,fruit,ok,0.825666069984436,tomato,fruit,banana,unknown,"[48.50687026977539, 0.19979476928710938, 560.96142578125, 638.5800170898438]",0.7986837233315361,roi_ok,True,True,True,full_image_primary_with_roi_evidence,full_image,supports_full,False,,0.7,grounding_dino,True,router_then_grounding_dino,a tomato fruit.,0.825666069984436,grounding_dino,22,ok,,full_image,full_image,domates_spotted_wilt_meyve,0.8759018778800964,True,3.050204277038574,domates_spotted_wilt_meyve,0.8759018778800964,True,domates_spotted_wilt_meyve,0.8609951734542847,True,False,-0.014906704425811768,225.58014999958687,success
dual_view_inference,/content/bitirmeprojesi/data/prepared_runtime_datasets/tomato__fruit/test/domates_spotted_wilt_meyve/Kaggle_train_spot21-Copy-2-_jpg.rf.a58777657e6c00e2598207aaa0cca4b9.jpg,domates_spotted_wilt_meyve,tomato,fruit,ok,0.6462183432452524,tomato,fruit,tomato,fruit,"[155.7398681640625, 366.67138671875, 252.98251342773438, 556.8569946289062]",0.04515173731509549,roi_ok,True,True,True,full_image_primary_with_roi_evidence,full_image,supports_full,False,,0.7,router_detection,True,router_then_grounding_dino,,0.6462183432452524,router_detection,0,,,full_image,full_image,domates_spotted_wilt_meyve,0.8208585381507874,True,6.642385482788086,domates_spotted_wilt_meyve,0.8208585381507874,True,domates_spotted_wilt_meyve,0.9953651428222656,True,False,0.17450660467147827,222.11350399993535,success
dual_view_inference,/content/bitirmeprojesi/data/prepared_runtime_datasets/tomato__fruit/test/domates_spotted_wilt_meyve/Kaggle_train_spot25-Copy-2-_jpg.rf.15c91668c7f559c22c7c440c845133cf.jpg,domates_spotted_wilt_meyve,tomato,fruit,ok,0.5800223246843843,tomato,fruit,tomato,fruit,"[7.133388519287109, 331.9543151855469, 300.4290466308594, 623.82177734375]",0.20899282078868311,roi_ok,True,True,True,full_image_primary_with_roi_evidence,full_image,supports_full,False,,0.7,router_detection,True,router_then_grounding_dino,,0.5800223246843843,router_detection,0,,,full_image,full_image,domates_spotted_wilt_meyve,0.9994027614593506,False,0.8686738014221191,domates_spotted_wilt_meyve,0.9994027614593506,False,domates_spotted_wilt_meyve,0.995672345161438,True,False,-0.0037304162979125977,221.7595939991952,success
dual_view_inference,/content/bitirmeprojesi/data/prepared_runtime_datasets/tomato__fruit/test/domates_spotted_wilt_meyve/Kaggle_train_spot8-Copy-2-_jpg.rf.15c0fa2610b7f2f1e06367f1aa9b08d0.jpg,domates_spotted_wilt_meyve,tomato,fruit,ok,0.9004233479499817,tomato,fruit,eggplant,unknown,"[108.94792175292969, 27.983932495117188, 494.8704528808594, 600.0341186523438]",0.5389820697607428,roi_ok,True,True,True,full_image_primary_with_roi_evidence,full_image,supports_full,False,,0.7,grounding_dino,True,router_then_grounding_dino,a tomato fruit.,0.9004233479499817,grounding_dino,10,ok,,full_image,full_image,domates_spotted_wilt_meyve,0.9913210272789001,False,2.3010873794555664,domates_spotted_wilt_meyve,0.9913210272789001,False,domates_spotted_wilt_meyve,0.9987912774085999,False,False,0.007470250129699707,224.66890899977443,success
