local_path,adapter_key,intended_split,slice_name,source_url,source_page,license/source_name,sha256,short_reason,width,height,source_kind
data\internet_image_candidates\20260520_targeted_quality_ood_oe_final\grape__fruit\ood\grape_fruit_failure_cases\20260520_targeted_quality_oo_bugwood_5608050_grape_fruit_failure_cases.jpg,grape__fruit,ood,grape_fruit_failure_cases,https://bugwoodcloud.org/images/768x512/5608050.jpg,https://www.invasive.org/browse/detail.cfm?imgnum=5608050,Bugwood/Invasive.org source page; review exact page license before publication; Bugwood/Invasive.org,40303daa25ad9262f2bae9400cd354b4edde53f8f6586f3f0b0aa948f116acfe,Grape fruit field-cluster failure case from Bugwood; useful for held-out unsupported fruit evidence.,512,768,bugwood
data\internet_image_candidates\20260520_targeted_quality_ood_oe_final\grape__fruit\ood\grape_fruit_failure_cases\20260520_targeted_quality_oo_bugwood_5608051_grape_fruit_failure_cases.jpg,grape__fruit,ood,grape_fruit_failure_cases,https://bugwoodcloud.org/images/768x512/5608051.jpg,https://www.invasive.org/browse/detail.cfm?imgnum=5608051,Bugwood/Invasive.org source page; review exact page license before publication; Bugwood/Invasive.org,05901fae9870f9e4a0b4f5a49f6f7ade6910a0b63ce2d83fba1e738bfc14c723,Grape fruit field-cluster failure case from Bugwood; useful for held-out unsupported fruit evidence.,768,512,bugwood
data\internet_image_candidates\20260520_targeted_quality_ood_oe_final\grape__fruit\ood\grape_fruit_failure_cases\20260520_targeted_quality_oo_bugwood_5608052_grape_fruit_failure_cases.jpg,grape__fruit,ood,grape_fruit_failure_cases,https://bugwoodcloud.org/images/768x512/5608052.jpg,https://www.invasive.org/browse/detail.cfm?imgnum=5608052,Bugwood/Invasive.org source page; review exact page license before publication; Bugwood/Invasive.org,1af4985b863294ba0ce36ce5da4759f044299d38b4043930fca89c0a473e52a9,Grape fruit field-cluster failure case from Bugwood; useful for held-out unsupported fruit evidence.,512,768,bugwood
data\internet_image_candidates\20260520_targeted_quality_ood_oe_final\grape__fruit\ood\grape_fruit_failure_cases\20260520_targeted_quality_oo_bugwood_5608055_grape_fruit_failure_cases.jpg,grape__fruit,ood,grape_fruit_failure_cases,https://bugwoodcloud.org/images/768x512/5608055.jpg,https://www.invasive.org/browse/detail.cfm?imgnum=5608055,Bugwood/Invasive.org source page; review exact page license before publication; Bugwood/Invasive.org,d4e2d779811207406c743fa11050ba9e7ed76e8bc638a1ceaaaeffd5b8b12797,Grape fruit field-cluster failure case from Bugwood; useful for held-out unsupported fruit evidence.,512,768,bugwood
data\internet_image_candidates\20260520_targeted_quality_ood_oe_final\grape__fruit\ood\grape_fruit_failure_cases\20260520_targeted_quality_oo_bugwood_5608056_grape_fruit_failure_cases.jpg,grape__fruit,ood,grape_fruit_failure_cases,https://bugwoodcloud.org/images/768x512/5608056.jpg,https://www.invasive.org/browse/detail.cfm?imgnum=5608056,Bugwood/Invasive.org source page; review exact page license before publication; Bugwood/Invasive.org,d3101386e27775a0b6b986cd1f1f15592efadacd08cb8e9127fbaf8c0a32b758,Grape fruit field-cluster failure case from Bugwood; useful for held-out unsupported fruit evidence.,512,768,bugwood
data\internet_image_candidates\20260520_targeted_quality_ood_oe_final\grape__fruit\ood\grape_fruit_failure_cases\20260520_targeted_quality_oo_bugwood_5608057_grape_fruit_failure_cases.jpg,grape__fruit,ood,grape_fruit_failure_cases,https://bugwoodcloud.org/images/768x512/5608057.jpg,https://www.invasive.org/browse/detail.cfm?imgnum=5608057,Bugwood/Invasive.org source page; review exact page license before publication; Bugwood/Invasive.org,2462147e26e1384d325b34a453384b352c6f8dd233d47f9e44ddf5f34d3e0167,Grape fruit field-cluster failure case from Bugwood; useful for held-out unsupported fruit evidence.,768,512,bugwood
data\internet_image_candidates\20260520_targeted_quality_ood_oe_final\grape__fruit\ood\grape_fruit_unknowns\20260520_targeted_quality_oo_bugwood_5459200_grape_fruit_unknowns.jpg,grape__fruit,ood,grape_fruit_unknowns,https://bugwoodcloud.org/images/768x512/5459200.jpg,https://www.invasive.org/browse/detail.cfm?imgnum=5459200,Bugwood/Invasive.org source page; review exact page license before publication; Bugwood/Invasive.org,b743f26c8ffe35a064a516a5875f55de4a6dd6d335b9de44a4e19330a32043df,Grape black-rot or rotted fruit candidate from Bugwood; unsupported fruit disease held out for OOD.,768,579,bugwood
data\internet_image_candidates\20260520_targeted_quality_ood_oe_final\grape__fruit\ood\grape_fruit_unknowns\20260520_targeted_quality_oo_bugwood_5459201_grape_fruit_unknowns.jpg,grape__fruit,ood,grape_fruit_unknowns,https://bugwoodcloud.org/images/768x512/5459201.jpg,https://www.invasive.org/browse/detail.cfm?imgnum=5459201,Bugwood/Invasive.org source page; review exact page license before publication; Bugwood/Invasive.org,f66c32709e2f506e612350c062692e8fbbcbaf05bc92ff1a47e5984e0be7626c,Grape black-rot or rotted fruit candidate from Bugwood; unsupported fruit disease held out for OOD.,768,579,bugwood
data\internet_image_candidates\20260520_targeted_quality_ood_oe_final\grape__fruit\ood\grape_fruit_unknowns\20260520_targeted_quality_oo_bugwood_5459202_grape_fruit_unknowns.jpg,grape__fruit,ood,grape_fruit_unknowns,https://bugwoodcloud.org/images/768x512/5459202.jpg,https://www.invasive.org/browse/detail.cfm?imgnum=5459202,Bugwood/Invasive.org source page; review exact page license before publication; Bugwood/Invasive.org,a4a0530ab6f6fbeeab4367db32b27b21da9e732d569853715e687e4f8600d958,Grape black-rot or rotted fruit candidate from Bugwood; unsupported fruit disease held out for OOD.,768,579,bugwood
data\internet_image_candidates\20260520_targeted_quality_ood_oe_final\grape__fruit\ood\grape_fruit_unknowns\20260520_targeted_quality_oo_bugwood_5459203_grape_fruit_unknowns.jpg,grape__fruit,ood,grape_fruit_unknowns,https://bugwoodcloud.org/images/768x512/5459203.jpg,https://www.invasive.org/browse/detail.cfm?imgnum=5459203,Bugwood/Invasive.org source page; review exact page license before publication; Bugwood/Invasive.org,468079a4e6c03545c510567eb01bae243dee2b9d68dc4b5a115d2b41f976c88f,Grape black-rot or rotted fruit candidate from Bugwood; unsupported fruit disease held out for OOD.,768,579,bugwood
data\internet_image_candidates\20260520_targeted_quality_ood_oe_final\grape__fruit\ood\grape_fruit_unknowns\20260520_targeted_quality_oo_bugwood_5459204_grape_fruit_unknowns.jpg,grape__fruit,ood,grape_fruit_unknowns,https://bugwoodcloud.org/images/768x512/5459204.jpg,https://www.invasive.org/browse/detail.cfm?imgnum=5459204,Bugwood/Invasive.org source page; review exact page license before publication; Bugwood/Invasive.org,8eedf66e52ae9497f6b468cb6dd97f7b41855d327773ee1966f5d4635485b2dc,Grape black-rot or rotted fruit candidate from Bugwood; unsupported fruit disease held out for OOD.,768,579,bugwood
data\internet_image_candidates\20260520_targeted_quality_ood_oe_final\grape__fruit\ood\grape_fruit_unknowns\20260520_targeted_quality_oo_bugwood_5459205_grape_fruit_unknowns.jpg,grape__fruit,ood,grape_fruit_unknowns,https://bugwoodcloud.org/images/768x512/5459205.jpg,https://www.invasive.org/browse/detail.cfm?imgnum=5459205,Bugwood/Invasive.org source page; review exact page license before publication; Bugwood/Invasive.org,396f438b4d2e3b043479cb6d0f2d5d93733996ce11f09a9ff37322c742e646d9,Grape black-rot or rotted fruit candidate from Bugwood; unsupported fruit disease held out for OOD.,768,579,bugwood
data\internet_image_candidates\20260520_targeted_quality_ood_oe_final\tomato__leaf\ood\tomato_leaf_failure_cases\20260520_targeted_quality_oo_bugwood_5077048_tomato_leaf_failure_cases.jpg,tomato__leaf,ood,tomato_leaf_failure_cases,https://bugwoodcloud.org/images/768x512/5077048.jpg,https://www.invasive.org/browse/detail.cfm?imgnum=5077048,Bugwood/Invasive.org source page; review exact page license before publication; Bugwood/Invasive.org,9e2fd6d63c4c694efba820a86a724cc2c99c3dde8e81fd18120d9b53f82a84a5,Tomato leaf unsupported disease or hard failure case from Bugwood; reserved as OOD.,541,768,bugwood
data\internet_image_candidates\20260520_targeted_quality_ood_oe_final\tomato__leaf\ood\tomato_leaf_failure_cases\20260520_targeted_quality_oo_bugwood_5077049_tomato_leaf_failure_cases.jpg,tomato__leaf,ood,tomato_leaf_failure_cases,https://bugwoodcloud.org/images/768x512/5077049.jpg,https://www.invasive.org/browse/detail.cfm?imgnum=5077049,Bugwood/Invasive.org source page; review exact page license before publication; Bugwood/Invasive.org,d94e6a64c0de60b119e4e88fb0407188c62253c8d14692af952392c4deb216e6,Tomato leaf unsupported disease or hard failure case from Bugwood; reserved as OOD.,768,567,bugwood
data\internet_image_candidates\20260520_targeted_quality_ood_oe_final\tomato__leaf\ood\tomato_leaf_failure_cases\20260520_targeted_quality_oo_bugwood_0176012_tomato_leaf_failure_cases.jpg,tomato__leaf,ood,tomato_leaf_failure_cases,https://bugwoodcloud.org/images/768x512/0176012.jpg,https://www.invasive.org/browse/detail.cfm?imgnum=0176012,Bugwood/Invasive.org source page; review exact page license before publication; Bugwood/Invasive.org,b0a961f2abd32f154cf17efcdd268425d0ccbaddfbb4d218d8c1f20f7aba76fd,Tomato leaf unsupported disease or hard failure case from Bugwood; reserved as OOD.,512,768,bugwood
data\internet_image_candidates\20260520_targeted_quality_ood_oe_final\tomato__leaf\ood\tomato_leaf_failure_cases\20260520_targeted_quality_oo_bugwood_5411489_tomato_leaf_failure_cases.jpg,tomato__leaf,ood,tomato_leaf_failure_cases,https://bugwoodcloud.org/images/768x512/5411489.jpg,https://www.invasive.org/browse/detail.cfm?imgnum=5411489,Bugwood/Invasive.org source page; review exact page license before publication; Bugwood/Invasive.org,2159c85131ce660b1eacb8796b9459862f753f7c0b3e0a4c10376799ec364b2a,Tomato leaf unsupported disease or hard failure case from Bugwood; reserved as OOD.,768,576,bugwood
data\internet_image_candidates\20260520_targeted_quality_ood_oe_final\tomato__leaf\ood\tomato_leaf_failure_cases\20260520_targeted_quality_oo_bugwood_5551691_tomato_leaf_failure_cases.jpg,tomato__leaf,ood,tomato_leaf_failure_cases,https://bugwoodcloud.org/images/768x512/5551691.jpg,https://www.invasive.org/browse/detail.cfm?imgnum=5551691,Bugwood/Invasive.org source page; review exact page license before publication; Bugwood/Invasive.org,435ee4e1c217084ae56095f61bbfa32f680e72ccc3c2feab2d7717c10c5dd01d,Tomato leaf unsupported disease or hard failure case from Bugwood; reserved as OOD.,768,576,bugwood
data\internet_image_candidates\20260520_targeted_quality_ood_oe_final\tomato__leaf\ood\tomato_leaf_failure_cases\20260520_targeted_quality_oo_bugwood_1265082_tomato_leaf_failure_cases.jpg,tomato__leaf,ood,tomato_leaf_failure_cases,https://bugwoodcloud.org/images/768x512/1265082.jpg,https://www.invasive.org/browse/detail.cfm?imgnum=1265082,Bugwood/Invasive.org source page; review exact page license before publication; Bugwood/Invasive.org,77695e3e0e19d39020e7c403422fe4255b699c6318ebe20211321b8c8db6d7c9,Tomato leaf unsupported disease or hard failure case from Bugwood; reserved as OOD.,542,768,bugwood
data\internet_image_candidates\20260520_targeted_quality_ood_oe_final\tomato__leaf\ood\tomato_leaf_failure_cases\20260520_targeted_quality_oo_bugwood_5411467_tomato_leaf_failure_cases.jpg,tomato__leaf,ood,tomato_leaf_failure_cases,https://bugwoodcloud.org/images/768x512/5411467.jpg,https://www.invasive.org/browse/detail.cfm?imgnum=5411467,Bugwood/Invasive.org source page; review exact page license before publication; Bugwood/Invasive.org,11122b2d70c96e8c25e5ea9f3600cdd4798d3c5a56838e680c90d3463f3b6951,Tomato leaf unsupported disease or hard failure case from Bugwood; reserved as OOD.,768,576,bugwood
data\internet_image_candidates\20260520_targeted_quality_ood_oe_final\tomato__leaf\ood\tomato_leaf_failure_cases\20260520_targeted_quality_oo_bugwood_5558708_tomato_leaf_failure_cases.jpg,tomato__leaf,ood,tomato_leaf_failure_cases,https://bugwoodcloud.org/images/768x512/5558708.jpg,https://www.invasive.org/browse/detail.cfm?imgnum=5558708,Bugwood/Invasive.org source page; review exact page license before publication; Bugwood/Invasive.org,5d21177f18c09b3104b2533f568925cee82b135cdd2c8f771f6c4e16e230b0a8,Tomato leaf unsupported disease or hard failure case from Bugwood; reserved as OOD.,768,576,bugwood
data\internet_image_candidates\20260520_targeted_quality_ood_oe_final\tomato__leaf\ood\tomato_leaf_failure_cases\20260520_targeted_quality_oo_bugwood_5265047_tomato_leaf_failure_cases.jpg,tomato__leaf,ood,tomato_leaf_failure_cases,https://bugwoodcloud.org/images/768x512/5265047.jpg,https://www.invasive.org/browse/detail.cfm?imgnum=5265047,Bugwood/Invasive.org source page; review exact page license before publication; Bugwood/Invasive.org,9446e83f35e08b70a6f37ea53af2603b42e6956bbff4a171f9b3827644898372,Tomato leaf unsupported disease or hard failure case from Bugwood; reserved as OOD.,768,515,bugwood
data\internet_image_candidates\20260520_targeted_quality_ood_oe_final\tomato__leaf\ood\tomato_leaf_failure_cases\20260520_targeted_quality_oo_bugwood_1265085_tomato_leaf_failure_cases.jpg,tomato__leaf,ood,tomato_leaf_failure_cases,https://bugwoodcloud.org/images/768x512/1265085.jpg,https://www.invasive.org/browse/detail.cfm?imgnum=1265085,Bugwood/Invasive.org source page; review exact page license before publication; Bugwood/Invasive.org,d90fa38d1fcec5d13e508c33981d8943c34f51495355786bb881c9d4ca8eb039,Tomato leaf unsupported disease or hard failure case from Bugwood; reserved as OOD.,768,576,bugwood
data\internet_image_candidates\20260520_targeted_quality_ood_oe_final\tomato__fruit\ood\tomato_fruit_failure_cases\20260520_targeted_quality_oo_bugwood_5543247_tomato_fruit_failure_cases.jpg,tomato__fruit,ood,tomato_fruit_failure_cases,https://bugwoodcloud.org/images/768x512/5543247.jpg,https://www.invasive.org/browse/detail.cfm?imgnum=5543247,Bugwood/Invasive.org source page; review exact page license before publication; Bugwood/Invasive.org,872008b04911f22e9443d22281be5ac9e570dde2a730e41aad43012ab56952d6,"Tomato fruit unsupported disease, pest, or abiotic damage image from Bugwood; final OOD evidence candidate.",768,576,bugwood
data\internet_image_candidates\20260520_targeted_quality_ood_oe_final\tomato__fruit\ood\tomato_fruit_failure_cases\20260520_targeted_quality_oo_bugwood_5076083_tomato_fruit_failure_cases.jpg,tomato__fruit,ood,tomato_fruit_failure_cases,https://bugwoodcloud.org/images/768x512/5076083.jpg,https://www.invasive.org/browse/detail.cfm?imgnum=5076083,Bugwood/Invasive.org source page; review exact page license before publication; Bugwood/Invasive.org,3501c3b40a5adf11a25a0a92eae941f5281a80b026c6c705fea76b1f17326f70,"Tomato fruit unsupported disease, pest, or abiotic damage image from Bugwood; final OOD evidence candidate.",768,523,bugwood
data\internet_image_candidates\20260520_targeted_quality_ood_oe_final\tomato__fruit\ood\tomato_fruit_failure_cases\20260520_targeted_quality_oo_bugwood_5475186_tomato_fruit_failure_cases.jpg,tomato__fruit,ood,tomato_fruit_failure_cases,https://bugwoodcloud.org/images/768x512/5475186.jpg,https://www.invasive.org/browse/detail.cfm?imgnum=5475186,Bugwood/Invasive.org source page; review exact page license before publication; Bugwood/Invasive.org,5df2252b30ec59ebe936c81938f9ba23efb97a233441d8dc6cd2e483fc093b82,"Tomato fruit unsupported disease, pest, or abiotic damage image from Bugwood; final OOD evidence candidate.",768,576,bugwood
data\internet_image_candidates\20260520_targeted_quality_ood_oe_final\tomato__fruit\ood\tomato_fruit_failure_cases\20260520_targeted_quality_oo_bugwood_5475187_tomato_fruit_failure_cases.jpg,tomato__fruit,ood,tomato_fruit_failure_cases,https://bugwoodcloud.org/images/768x512/5475187.jpg,https://www.invasive.org/browse/detail.cfm?imgnum=5475187,Bugwood/Invasive.org source page; review exact page license before publication; Bugwood/Invasive.org,64d124a280c212441537584a9c6860c84e895ebd4bfeff376a009eb67573537d,"Tomato fruit unsupported disease, pest, or abiotic damage image from Bugwood; final OOD evidence candidate.",768,576,bugwood
data\internet_image_candidates\20260520_targeted_quality_ood_oe_final\tomato__fruit\ood\tomato_fruit_failure_cases\20260520_targeted_quality_oo_bugwood_5402929_tomato_fruit_failure_cases.jpg,tomato__fruit,ood,tomato_fruit_failure_cases,https://bugwoodcloud.org/images/768x512/5402929.jpg,https://www.invasive.org/browse/detail.cfm?imgnum=5402929,Bugwood/Invasive.org source page; review exact page license before publication; Bugwood/Invasive.org,781fddb752dd8903d18a7b87ca4691f059d64268285c72e0f4c5443718a06e9e,"Tomato fruit unsupported disease, pest, or abiotic damage image from Bugwood; final OOD evidence candidate.",768,530,bugwood
data\internet_image_candidates\20260520_targeted_quality_ood_oe_final\tomato__fruit\ood\tomato_fruit_failure_cases\20260520_targeted_quality_oo_bugwood_5475190_tomato_fruit_failure_cases.jpg,tomato__fruit,ood,tomato_fruit_failure_cases,https://bugwoodcloud.org/images/768x512/5475190.jpg,https://www.invasive.org/browse/detail.cfm?imgnum=5475190,Bugwood/Invasive.org source page; review exact page license before publication; Bugwood/Invasive.org,92eb59e035f2f29d879c4f043adb5ad1cd3749f5ac7742328171c0274771b1d8,"Tomato fruit unsupported disease, pest, or abiotic damage image from Bugwood; final OOD evidence candidate.",768,576,bugwood
data\internet_image_candidates\20260520_targeted_quality_ood_oe_final\tomato__fruit\ood\tomato_fruit_failure_cases\20260520_targeted_quality_oo_bugwood_5333075_tomato_fruit_failure_cases.jpg,tomato__fruit,ood,tomato_fruit_failure_cases,https://bugwoodcloud.org/images/768x512/5333075.jpg,https://www.invasive.org/browse/detail.cfm?imgnum=5333075,Bugwood/Invasive.org source page; review exact page license before publication; Bugwood/Invasive.org,9df94c0ac2a2733b912a97e439944d265a4c7aaef2c90ea2acd11702eda84a63,"Tomato fruit unsupported disease, pest, or abiotic damage image from Bugwood; final OOD evidence candidate.",768,504,bugwood
data\internet_image_candidates\20260520_targeted_quality_ood_oe_final\tomato__fruit\ood\tomato_fruit_failure_cases\20260520_targeted_quality_oo_bugwood_1436107_tomato_fruit_failure_cases.jpg,tomato__fruit,ood,tomato_fruit_failure_cases,https://bugwoodcloud.org/images/768x512/1436107.jpg,https://www.invasive.org/browse/detail.cfm?imgnum=1436107,Bugwood/Invasive.org source page; review exact page license before publication; Bugwood/Invasive.org,746a4cefd723381657bbcbee50b89f554cf82b72b945b0e5401b3291144be099,"Tomato fruit unsupported disease, pest, or abiotic damage image from Bugwood; final OOD evidence candidate.",768,512,bugwood
data\internet_image_candidates\20260520_targeted_quality_ood_oe_final\tomato__fruit\ood\tomato_fruit_failure_cases\20260520_targeted_quality_oo_bugwood_1573604_tomato_fruit_failure_cases.jpg,tomato__fruit,ood,tomato_fruit_failure_cases,https://bugwoodcloud.org/images/768x512/1573604.jpg,https://www.invasive.org/browse/detail.cfm?imgnum=1573604,Bugwood/Invasive.org source page; review exact page license before publication; Bugwood/Invasive.org,9bec483797e404e67337401c93f45cb32b1f7c70000882bd615922fbd750c0bf,"Tomato fruit unsupported disease, pest, or abiotic damage image from Bugwood; final OOD evidence candidate.",767,519,bugwood
data\internet_image_candidates\20260520_targeted_quality_ood_oe_final\tomato__fruit\ood\tomato_fruit_failure_cases\20260520_targeted_quality_oo_bugwood_1243100_tomato_fruit_failure_cases.jpg,tomato__fruit,ood,tomato_fruit_failure_cases,https://bugwoodcloud.org/images/768x512/1243100.jpg,https://www.invasive.org/browse/detail.cfm?imgnum=1243100,Bugwood/Invasive.org source page; review exact page license before publication; Bugwood/Invasive.org,96cedae1283497f37977df00792d2903c8e4336804fe217f7e985cb67f7c6889,"Tomato fruit unsupported disease, pest, or abiotic damage image from Bugwood; final OOD evidence candidate.",768,512,bugwood
data\internet_image_candidates\20260520_targeted_quality_ood_oe_final\strawberry__leaf\ood\strawberry_leaf_unsupported\20260520_targeted_quality_oo_bugwood_1573009_strawberry_leaf_unsupported.jpg,strawberry__leaf,ood,strawberry_leaf_unsupported,https://bugwoodcloud.org/images/768x512/1573009.jpg,https://www.invasive.org/browse/detail.cfm?imgnum=1573009,Bugwood/Invasive.org source page; review exact page license before publication; Bugwood/Invasive.org,418aa45f6138f2e8c832074b6ec60dbebc47801db4834be03192fde4875101e7,Clean unsupported strawberry leaf disease image from Bugwood for low-priority OOD staging.,780,522,bugwood
data\internet_image_candidates\20260520_targeted_quality_ood_oe_final\strawberry__leaf\ood\strawberry_leaf_unsupported\20260520_targeted_quality_oo_bugwood_5543241_strawberry_leaf_unsupported.jpg,strawberry__leaf,ood,strawberry_leaf_unsupported,https://bugwoodcloud.org/images/768x512/5543241.jpg,https://www.invasive.org/browse/detail.cfm?imgnum=5543241,Bugwood/Invasive.org source page; review exact page license before publication; Bugwood/Invasive.org,840f6cb0ca461fb55aeb8a532c3d65ad4043f4bd623cb465a2365a2f026027ea,Clean unsupported strawberry leaf disease image from Bugwood for low-priority OOD staging.,768,576,bugwood
data\internet_image_candidates\20260520_targeted_quality_ood_oe_final\strawberry__leaf\ood\strawberry_leaf_unsupported\20260520_targeted_quality_oo_bugwood_5369108_strawberry_leaf_unsupported.jpg,strawberry__leaf,ood,strawberry_leaf_unsupported,https://bugwoodcloud.org/images/768x512/5369108.jpg,https://www.invasive.org/browse/detail.cfm?imgnum=5369108,Bugwood/Invasive.org source page; review exact page license before publication; Bugwood/Invasive.org,cbf5c18d85d5036d59e04bf4e4689c29ea9f19768e66391b19d7c8873d421369,Clean unsupported strawberry leaf disease image from Bugwood for low-priority OOD staging.,767,575,bugwood
data\internet_image_candidates\20260520_targeted_quality_ood_oe_final\strawberry__leaf\ood\strawberry_leaf_unsupported\20260520_targeted_quality_oo_bugwood_5505623_strawberry_leaf_unsupported.jpg,strawberry__leaf,ood,strawberry_leaf_unsupported,https://bugwoodcloud.org/images/768x512/5505623.jpg,https://www.invasive.org/browse/detail.cfm?imgnum=5505623,Bugwood/Invasive.org source page; review exact page license before publication; Bugwood/Invasive.org,c10b6c6f7d4f42294b0fe6c2758f4c31b8217d823ef9ccfc3dcc59a5c3efa46f,Clean unsupported strawberry leaf disease image from Bugwood for low-priority OOD staging.,768,579,bugwood
data\internet_image_candidates\20260520_targeted_quality_ood_oe_final\strawberry__leaf\ood\strawberry_leaf_unsupported\20260520_targeted_quality_oo_bugwood_1436090_strawberry_leaf_unsupported.jpg,strawberry__leaf,ood,strawberry_leaf_unsupported,https://bugwoodcloud.org/images/768x512/1436090.jpg,https://www.invasive.org/browse/detail.cfm?imgnum=1436090,Bugwood/Invasive.org source page; review exact page license before publication; Bugwood/Invasive.org,4e4f93f93c0e4021cab9f023121cc12644074730a85aabc43e2c9dcc983b7683,Clean unsupported strawberry leaf disease image from Bugwood for low-priority OOD staging.,768,512,bugwood
data\internet_image_candidates\20260520_targeted_quality_ood_oe_final\strawberry__leaf\ood\strawberry_leaf_unsupported\20260520_targeted_quality_oo_bugwood_1496539_strawberry_leaf_unsupported.jpg,strawberry__leaf,ood,strawberry_leaf_unsupported,https://bugwoodcloud.org/images/768x512/1496539.jpg,https://www.invasive.org/browse/detail.cfm?imgnum=1496539,Bugwood/Invasive.org source page; review exact page license before publication; Bugwood/Invasive.org,60a13bf456f3e455074d9566c8cb80e9555a3001ecacba65539dc250dbc00c16,Clean unsupported strawberry leaf disease image from Bugwood for low-priority OOD staging.,799,533,bugwood
data\internet_image_candidates\20260520_targeted_quality_ood_oe_final\strawberry__leaf\ood\strawberry_leaf_unsupported\20260520_targeted_quality_oo_bugwood_5369114_strawberry_leaf_unsupported.jpg,strawberry__leaf,ood,strawberry_leaf_unsupported,https://bugwoodcloud.org/images/768x512/5369114.jpg,https://www.invasive.org/browse/detail.cfm?imgnum=5369114,Bugwood/Invasive.org source page; review exact page license before publication; Bugwood/Invasive.org,4a7db937d069110692efc867ddc99b45b42cb73e7cab73b2e2658d28cbe4e5d8,Clean unsupported strawberry leaf disease image from Bugwood for low-priority OOD staging.,768,576,bugwood
data\internet_image_candidates\20260520_targeted_quality_ood_oe_final\strawberry__leaf\ood\strawberry_leaf_unsupported\20260520_targeted_quality_oo_bugwood_5369115_strawberry_leaf_unsupported.jpg,strawberry__leaf,ood,strawberry_leaf_unsupported,https://bugwoodcloud.org/images/768x512/5369115.jpg,https://www.invasive.org/browse/detail.cfm?imgnum=5369115,Bugwood/Invasive.org source page; review exact page license before publication; Bugwood/Invasive.org,b5e1fa06ed36e9c5726c5f106ff4d4bbe312dc63f215ef106fbea3ae8fd60a2f,Clean unsupported strawberry leaf disease image from Bugwood for low-priority OOD staging.,768,576,bugwood
data\internet_image_candidates\20260520_targeted_quality_ood_oe_final\grape__leaf\oe\unsupported_same_crop\20260520_targeted_quality_oo_plantdoc_000gb.jpg,grape__leaf,oe,unsupported_same_crop,https://raw.githubusercontent.com/pratikkayal/PlantDoc-Dataset/master/train/grape%20leaf%20black%20rot/000gb.jpg,https://github.com/pratikkayal/PlantDoc-Dataset,PlantDoc-Dataset GitHub; review repository license before publication; PlantDoc-Dataset GitHub,5d635bd714e3e3bf5cc232b00366dc53be4be334192a69b0fa713adfe9659835,PlantDoc grape leaf black-rot auxiliary negative; separate OE pool.,3264,2448,plantdoc
data\internet_image_candidates\20260520_targeted_quality_ood_oe_final\grape__leaf\oe\unsupported_same_crop\20260520_targeted_quality_oo_plantdoc_0gb.jpg,grape__leaf,oe,unsupported_same_crop,https://raw.githubusercontent.com/pratikkayal/PlantDoc-Dataset/master/train/grape%20leaf%20black%20rot/0gb.jpg,https://github.com/pratikkayal/PlantDoc-Dataset,PlantDoc-Dataset GitHub; review repository license before publication; PlantDoc-Dataset GitHub,dea02bade670a40c3d217085c1ad104b1c47155151f8204a1a8486c916300f0b,PlantDoc grape leaf black-rot auxiliary negative; separate OE pool.,300,300,plantdoc
data\internet_image_candidates\20260520_targeted_quality_ood_oe_final\grape__leaf\oe\unsupported_same_crop\20260520_targeted_quality_oo_plantdoc_35327886795_6f608e0eaa_b.jpg,grape__leaf,oe,unsupported_same_crop,https://raw.githubusercontent.com/pratikkayal/PlantDoc-Dataset/master/train/grape%20leaf%20black%20rot/35327886795_6f608e0eaa_b.jpg,https://github.com/pratikkayal/PlantDoc-Dataset,PlantDoc-Dataset GitHub; review repository license before publication; PlantDoc-Dataset GitHub,925ab32eb081d5c1b91c7aadeea99bf7079e20e2f689564ebc926cce9e86994a,PlantDoc grape leaf black-rot auxiliary negative; separate OE pool.,768,1024,plantdoc
data\internet_image_candidates\20260520_targeted_quality_ood_oe_final\grape__leaf\oe\unsupported_same_crop\20260520_targeted_quality_oo_plantdoc_80111791.jpg,grape__leaf,oe,unsupported_same_crop,https://raw.githubusercontent.com/pratikkayal/PlantDoc-Dataset/master/train/grape%20leaf%20black%20rot/80111791.jpg,https://github.com/pratikkayal/PlantDoc-Dataset,PlantDoc-Dataset GitHub; review repository license before publication; PlantDoc-Dataset GitHub,fdce78ab1e3b331f17a276ca285f28eb7cfa140fd6b09b46fc06ac819bdf498e,PlantDoc grape leaf black-rot auxiliary negative; separate OE pool.,700,482,plantdoc
data\internet_image_candidates\20260520_targeted_quality_ood_oe_final\grape__leaf\oe\unsupported_same_crop\20260520_targeted_quality_oo_plantdoc_Black_Rot_of_Grapes1166.jpg,grape__leaf,oe,unsupported_same_crop,https://raw.githubusercontent.com/pratikkayal/PlantDoc-Dataset/master/train/grape%20leaf%20black%20rot/Black_Rot_of_Grapes1166.jpg,https://github.com/pratikkayal/PlantDoc-Dataset,PlantDoc-Dataset GitHub; review repository license before publication; PlantDoc-Dataset GitHub,2c645a70d335fa632956b38e4cd32588d518c55835f0e047e9ca3b3f320b7335,PlantDoc grape leaf black-rot auxiliary negative; separate OE pool.,800,600,plantdoc
data\internet_image_candidates\20260520_targeted_quality_ood_oe_final\grape__leaf\oe\unsupported_same_crop\20260520_targeted_quality_oo_plantdoc_Black_Rot_of_Grapes152.jpg,grape__leaf,oe,unsupported_same_crop,https://raw.githubusercontent.com/pratikkayal/PlantDoc-Dataset/master/train/grape%20leaf%20black%20rot/Black_Rot_of_Grapes152.jpg,https://github.com/pratikkayal/PlantDoc-Dataset,PlantDoc-Dataset GitHub; review repository license before publication; PlantDoc-Dataset GitHub,b1310b3ba77e854c043bd6fdbbdf26c5730d7c1b2e11642c8170c23ca4b36d0a,PlantDoc grape leaf black-rot auxiliary negative; separate OE pool.,600,720,plantdoc
data\internet_image_candidates\20260520_targeted_quality_ood_oe_final\grape__leaf\oe\unsupported_same_crop\20260520_targeted_quality_oo_plantdoc_Guignardia-vigne44.jpg,grape__leaf,oe,unsupported_same_crop,https://raw.githubusercontent.com/pratikkayal/PlantDoc-Dataset/master/train/grape%20leaf%20black%20rot/Guignardia-vigne44.jpg,https://github.com/pratikkayal/PlantDoc-Dataset,PlantDoc-Dataset GitHub; review repository license before publication; PlantDoc-Dataset GitHub,f5cf0ddac5f092135de6924ff60f978ebc6a8d88c59d4db5c704fae28f4fd5b3,PlantDoc grape leaf black-rot auxiliary negative; separate OE pool.,544,520,plantdoc
data\internet_image_candidates\20260520_targeted_quality_ood_oe_final\grape__leaf\oe\unsupported_same_crop\20260520_targeted_quality_oo_plantdoc_apr-2016_bryan_black-rot-leaf.jpg,grape__leaf,oe,unsupported_same_crop,https://raw.githubusercontent.com/pratikkayal/PlantDoc-Dataset/master/train/grape%20leaf%20black%20rot/apr-2016_bryan_black-rot-leaf.jpg,https://github.com/pratikkayal/PlantDoc-Dataset,PlantDoc-Dataset GitHub; review repository license before publication; PlantDoc-Dataset GitHub,a06d767c70d2744ee24cf9fdc1f8b052b59ab888a0c03298263971b17e381d1c,PlantDoc grape leaf black-rot auxiliary negative; separate OE pool.,977,538,plantdoc
data\internet_image_candidates\20260520_targeted_quality_ood_oe_final\grape__leaf\oe\unsupported_same_crop\20260520_targeted_quality_oo_plantdoc_black-rot-leaves.jpg,grape__leaf,oe,unsupported_same_crop,https://raw.githubusercontent.com/pratikkayal/PlantDoc-Dataset/master/train/grape%20leaf%20black%20rot/black-rot-leaves.jpg,https://github.com/pratikkayal/PlantDoc-Dataset,PlantDoc-Dataset GitHub; review repository license before publication; PlantDoc-Dataset GitHub,3b7e2ad428033189152e64e04d359f079ae943d75bb851dc6438f3e54c0159f2,PlantDoc grape leaf black-rot auxiliary negative; separate OE pool.,500,321,plantdoc
data\internet_image_candidates\20260520_targeted_quality_ood_oe_final\grape__leaf\oe\unsupported_same_crop\20260520_targeted_quality_oo_plantdoc_br-ocw-phom.jpg,grape__leaf,oe,unsupported_same_crop,https://raw.githubusercontent.com/pratikkayal/PlantDoc-Dataset/master/train/grape%20leaf%20black%20rot/br-ocw-phom.jpg,https://github.com/pratikkayal/PlantDoc-Dataset,PlantDoc-Dataset GitHub; review repository license before publication; PlantDoc-Dataset GitHub,4efc09cce0ce1935dda23cec2fd554186bcf298a3318c17cd816bf717015f946,PlantDoc grape leaf black-rot auxiliary negative; separate OE pool.,930,414,plantdoc
data\internet_image_candidates\20260520_targeted_quality_ood_oe_final\grape__leaf\oe\unsupported_same_crop\20260520_targeted_quality_oo_plantdoc_image66.jpg,grape__leaf,oe,unsupported_same_crop,https://raw.githubusercontent.com/pratikkayal/PlantDoc-Dataset/master/train/grape%20leaf%20black%20rot/image66.jpg,https://github.com/pratikkayal/PlantDoc-Dataset,PlantDoc-Dataset GitHub; review repository license before publication; PlantDoc-Dataset GitHub,c1ab3dd261eb05629bef6837c5971f8018384767613794e1c2fa4bed4a96206f,PlantDoc grape leaf black-rot auxiliary negative; separate OE pool.,231,159,plantdoc
data\internet_image_candidates\20260520_targeted_quality_ood_oe_final\apricot__leaf\ood\prunus_leaf_unknowns\20260520_targeted_quality_oo_plantdoc_00pe.jpg,apricot__leaf,ood,prunus_leaf_unknowns,https://raw.githubusercontent.com/pratikkayal/PlantDoc-Dataset/master/test/Peach%20leaf/00pe.jpg,https://github.com/pratikkayal/PlantDoc-Dataset,PlantDoc-Dataset GitHub; review repository license before publication; PlantDoc-Dataset GitHub,01e7a14d5e9c07839861e7133487cba62ba19a545a16787a2f4e9586db272421,PlantDoc Prunus leaf unknown; held out as apricot/Prunus OOD.,720,1000,plantdoc
data\internet_image_candidates\20260520_targeted_quality_ood_oe_final\apricot__leaf\ood\prunus_leaf_unknowns\20260520_targeted_quality_oo_plantdoc_7190f27ead55c0f6e3ff8b982972810a544.jpg,apricot__leaf,ood,prunus_leaf_unknowns,https://raw.githubusercontent.com/pratikkayal/PlantDoc-Dataset/master/test/Peach%20leaf/7190f27ead55c0f6e3ff8b982972810a5446a9713a49d_1260x1260.jpg,https://github.com/pratikkayal/PlantDoc-Dataset,PlantDoc-Dataset GitHub; review repository license before publication; PlantDoc-Dataset GitHub,53fca3cd946cac3fcaea259ae389a1f2df669f6849471e98626125b14e97b84e,PlantDoc Prunus leaf unknown; held out as apricot/Prunus OOD.,1056,1260,plantdoc
data\internet_image_candidates\20260520_targeted_quality_ood_oe_final\apricot__leaf\ood\prunus_leaf_unknowns\20260520_targeted_quality_oo_plantdoc_depositphotos_3786198-Peach-leaf.jpg,apricot__leaf,ood,prunus_leaf_unknowns,https://raw.githubusercontent.com/pratikkayal/PlantDoc-Dataset/master/test/Peach%20leaf/depositphotos_3786198-Peach-leaf.jpg,https://github.com/pratikkayal/PlantDoc-Dataset,PlantDoc-Dataset GitHub; review repository license before publication; PlantDoc-Dataset GitHub,46528bd24cc3bce72552e73d97c0f0daf2258857b13ea0489c2eeb9d9e0166ab,PlantDoc Prunus leaf unknown; held out as apricot/Prunus OOD.,1024,1024,plantdoc
data\internet_image_candidates\20260520_targeted_quality_ood_oe_final\apricot__leaf\ood\prunus_leaf_unknowns\20260520_targeted_quality_oo_plantdoc_peach-leaf-10223898.jpg,apricot__leaf,ood,prunus_leaf_unknowns,https://raw.githubusercontent.com/pratikkayal/PlantDoc-Dataset/master/test/Peach%20leaf/peach-leaf-10223898.jpg,https://github.com/pratikkayal/PlantDoc-Dataset,PlantDoc-Dataset GitHub; review repository license before publication; PlantDoc-Dataset GitHub,dc80439d761734bb2b04630c8aca81c530aba10544fe3f0d9f47f723523766c0,PlantDoc Prunus leaf unknown; held out as apricot/Prunus OOD.,957,1300,plantdoc
data\internet_image_candidates\20260520_targeted_quality_ood_oe_final\apricot__leaf\ood\prunus_leaf_unknowns\20260520_targeted_quality_oo_plantdoc_peach-leaf-16690421.jpg,apricot__leaf,ood,prunus_leaf_unknowns,https://raw.githubusercontent.com/pratikkayal/PlantDoc-Dataset/master/test/Peach%20leaf/peach-leaf-16690421.jpg,https://github.com/pratikkayal/PlantDoc-Dataset,PlantDoc-Dataset GitHub; review repository license before publication; PlantDoc-Dataset GitHub,729e786c8b0c184f89aa15de96d606eb28c6140699780403beddb2c220b59626,PlantDoc Prunus leaf unknown; held out as apricot/Prunus OOD.,1300,954,plantdoc
data\internet_image_candidates\20260520_targeted_quality_ood_oe_final\apricot__leaf\ood\prunus_leaf_unknowns\20260520_targeted_quality_oo_plantdoc_peach-leaf-isolated-white-backgroun.jpg,apricot__leaf,ood,prunus_leaf_unknowns,https://raw.githubusercontent.com/pratikkayal/PlantDoc-Dataset/master/test/Peach%20leaf/peach-leaf-isolated-white-background-42295220.jpg,https://github.com/pratikkayal/PlantDoc-Dataset,PlantDoc-Dataset GitHub; review repository license before publication; PlantDoc-Dataset GitHub,46d853515c91e91f6d3c3d10a2392824611e3afeccfdaa3145cbf0be7688e86a,PlantDoc Prunus leaf unknown; held out as apricot/Prunus OOD.,1300,994,plantdoc
data\internet_image_candidates\20260520_targeted_quality_ood_oe_final\apricot__leaf\ood\prunus_leaf_unknowns\20260520_targeted_quality_oo_plantdoc_rose_tree_220430.jpg,apricot__leaf,ood,prunus_leaf_unknowns,https://raw.githubusercontent.com/pratikkayal/PlantDoc-Dataset/master/test/Peach%20leaf/rose_tree_220430.jpg,https://github.com/pratikkayal/PlantDoc-Dataset,PlantDoc-Dataset GitHub; review repository license before publication; PlantDoc-Dataset GitHub,1f6c103e0367c54262ff328368f12e37d5584439477713717b46c4b37cbd3eee,PlantDoc Prunus leaf unknown; held out as apricot/Prunus OOD.,500,500,plantdoc
data\internet_image_candidates\20260520_targeted_quality_ood_oe_final\apricot__leaf\oe\prunus_leaf_aux_negatives\20260520_targeted_quality_oo_plantdoc_0052.jpg,apricot__leaf,oe,prunus_leaf_aux_negatives,https://raw.githubusercontent.com/pratikkayal/PlantDoc-Dataset/master/train/Peach%20leaf/0052.jpg,https://github.com/pratikkayal/PlantDoc-Dataset,PlantDoc-Dataset GitHub; review repository license before publication; PlantDoc-Dataset GitHub,0cb205548b8a3c86ebc253a50a5f3751f5a49c4b006572dccc9e21740444da12,PlantDoc peach/cherry Prunus leaf auxiliary negative for OE.,2304,3072,plantdoc
data\internet_image_candidates\20260520_targeted_quality_ood_oe_final\apricot__leaf\oe\prunus_leaf_aux_negatives\20260520_targeted_quality_oo_plantdoc_300117.jpg,apricot__leaf,oe,prunus_leaf_aux_negatives,https://raw.githubusercontent.com/pratikkayal/PlantDoc-Dataset/master/train/Peach%20leaf/300117.jpg,https://github.com/pratikkayal/PlantDoc-Dataset,PlantDoc-Dataset GitHub; review repository license before publication; PlantDoc-Dataset GitHub,5292d136ab794c117ec49f1d51394a3a21b2b6094f643b6315e09e2496fd916f,PlantDoc peach/cherry Prunus leaf auxiliary negative for OE.,500,500,plantdoc
data\internet_image_candidates\20260520_targeted_quality_ood_oe_final\apricot__leaf\oe\prunus_leaf_aux_negatives\20260520_targeted_quality_oo_plantdoc_P1010703.JPG.jpg,apricot__leaf,oe,prunus_leaf_aux_negatives,https://raw.githubusercontent.com/pratikkayal/PlantDoc-Dataset/master/train/Peach%20leaf/P1010703.JPG.jpg,https://github.com/pratikkayal/PlantDoc-Dataset,PlantDoc-Dataset GitHub; review repository license before publication; PlantDoc-Dataset GitHub,57b6d995b8a62d7f346b2fdaf66f179f724202c46a1eb89c48430d52ddaff744,PlantDoc peach/cherry Prunus leaf auxiliary negative for OE.,1024,768,plantdoc
data\internet_image_candidates\20260520_targeted_quality_ood_oe_final\apricot__leaf\oe\prunus_leaf_aux_negatives\20260520_targeted_quality_oo_plantdoc_depositphotos_4009139-stock-photo-r.jpg,apricot__leaf,oe,prunus_leaf_aux_negatives,https://raw.githubusercontent.com/pratikkayal/PlantDoc-Dataset/master/train/Peach%20leaf/depositphotos_4009139-stock-photo-ripe-peach-with-leaves.jpg,https://github.com/pratikkayal/PlantDoc-Dataset,PlantDoc-Dataset GitHub; review repository license before publication; PlantDoc-Dataset GitHub,bc1501649dbfdaadeaa3aef486fef46d0255a8089682ad686d458c1860b89de4,PlantDoc peach/cherry Prunus leaf auxiliary negative for OE.,1023,996,plantdoc
data\internet_image_candidates\20260520_targeted_quality_ood_oe_final\apricot__leaf\oe\prunus_leaf_aux_negatives\20260520_targeted_quality_oo_plantdoc_peach-and-leaf-stock-picture-280927.jpg,apricot__leaf,oe,prunus_leaf_aux_negatives,https://raw.githubusercontent.com/pratikkayal/PlantDoc-Dataset/master/train/Peach%20leaf/peach-and-leaf-stock-picture-2809277.jpg,https://github.com/pratikkayal/PlantDoc-Dataset,PlantDoc-Dataset GitHub; review repository license before publication; PlantDoc-Dataset GitHub,861de0b05b56b91e452b671a7bc410ea80f4658b9a12cc2bec1283193b90beb6,PlantDoc peach/cherry Prunus leaf auxiliary negative for OE.,1300,1131,plantdoc
data\internet_image_candidates\20260520_targeted_quality_ood_oe_final\apricot__leaf\oe\prunus_leaf_aux_negatives\20260520_targeted_quality_oo_plantdoc_peach-leaves-26807890.jpg,apricot__leaf,oe,prunus_leaf_aux_negatives,https://raw.githubusercontent.com/pratikkayal/PlantDoc-Dataset/master/train/Peach%20leaf/peach-leaves-26807890.jpg,https://github.com/pratikkayal/PlantDoc-Dataset,PlantDoc-Dataset GitHub; review repository license before publication; PlantDoc-Dataset GitHub,6a75d0ba09d99ff58b324ea1d322e9e5266460b0862e284d7ca3e6e35a5bea38,PlantDoc peach/cherry Prunus leaf auxiliary negative for OE.,1300,1367,plantdoc
data\internet_image_candidates\20260520_targeted_quality_ood_oe_final\apricot__leaf\oe\prunus_leaf_aux_negatives\20260520_targeted_quality_oo_plantdoc_peach.jpg,apricot__leaf,oe,prunus_leaf_aux_negatives,https://raw.githubusercontent.com/pratikkayal/PlantDoc-Dataset/master/train/Peach%20leaf/peach.jpg,https://github.com/pratikkayal/PlantDoc-Dataset,PlantDoc-Dataset GitHub; review repository license before publication; PlantDoc-Dataset GitHub,470d723bf8fec5d509d526e00c7f5256235576c84f502afc306ebe4378099b74,PlantDoc peach/cherry Prunus leaf auxiliary negative for OE.,1650,1257,plantdoc
data\internet_image_candidates\20260520_targeted_quality_ood_oe_final\apricot__leaf\oe\prunus_leaf_aux_negatives\20260520_targeted_quality_oo_plantdoc_stock-photo-peach-leaf-isolated-370.jpg,apricot__leaf,oe,prunus_leaf_aux_negatives,https://raw.githubusercontent.com/pratikkayal/PlantDoc-Dataset/master/train/Peach%20leaf/stock-photo-peach-leaf-isolated-370117730.jpg,https://github.com/pratikkayal/PlantDoc-Dataset,PlantDoc-Dataset GitHub; review repository license before publication; PlantDoc-Dataset GitHub,6a62495e30f1fbb3ae33a10904fbc4d8ce78323ae366b57ceefdec3f95c7e147,PlantDoc peach/cherry Prunus leaf auxiliary negative for OE.,1500,1321,plantdoc
data\internet_image_candidates\20260520_targeted_quality_ood_oe_final\apricot__leaf\oe\prunus_leaf_aux_negatives\20260520_targeted_quality_oo_plantdoc_stock-photo-peach-with-leaf-isolate.jpg,apricot__leaf,oe,prunus_leaf_aux_negatives,https://raw.githubusercontent.com/pratikkayal/PlantDoc-Dataset/master/train/Peach%20leaf/stock-photo-peach-with-leaf-isolated-on-white-168119267.jpg,https://github.com/pratikkayal/PlantDoc-Dataset,PlantDoc-Dataset GitHub; review repository license before publication; PlantDoc-Dataset GitHub,3adb09089464ade7b388845560db43371198be791e238491d643c67c381da93b,PlantDoc peach/cherry Prunus leaf auxiliary negative for OE.,450,470,plantdoc
data\internet_image_candidates\20260520_targeted_quality_ood_oe_final\apricot__leaf\oe\prunus_leaf_aux_negatives\20260520_targeted_quality_oo_plantdoc_1b9155649757248759cdbe7d83cc94c0.jpg,apricot__leaf,oe,prunus_leaf_aux_negatives,https://raw.githubusercontent.com/pratikkayal/PlantDoc-Dataset/master/train/Cherry%20leaf/1b9155649757248759cdbe7d83cc94c0.jpg,https://github.com/pratikkayal/PlantDoc-Dataset,PlantDoc-Dataset GitHub; review repository license before publication; PlantDoc-Dataset GitHub,8f0a0dae956337789c47d5f17601e254cb12a123f3b23f3474309d5962f61f8c,PlantDoc peach/cherry Prunus leaf auxiliary negative for OE.,736,981,plantdoc
data\internet_image_candidates\20260520_targeted_quality_ood_oe_final\apricot__leaf\oe\prunus_leaf_aux_negatives\20260520_targeted_quality_oo_plantdoc_cherry_tree.jpg,apricot__leaf,oe,prunus_leaf_aux_negatives,https://raw.githubusercontent.com/pratikkayal/PlantDoc-Dataset/master/train/Cherry%20leaf/cherry%2Btree.jpg,https://github.com/pratikkayal/PlantDoc-Dataset,PlantDoc-Dataset GitHub; review repository license before publication; PlantDoc-Dataset GitHub,55e7192e61943eee3eae3a29d85aa3f6fb0529c97abed693fc1e5e2687db99e8,PlantDoc peach/cherry Prunus leaf auxiliary negative for OE.,800,600,plantdoc
data\internet_image_candidates\20260520_targeted_quality_ood_oe_final\apricot__leaf\oe\prunus_leaf_aux_negatives\20260520_targeted_quality_oo_plantdoc_radish-black-cherry-fruits-leaves.jpg,apricot__leaf,oe,prunus_leaf_aux_negatives,https://raw.githubusercontent.com/pratikkayal/PlantDoc-Dataset/master/train/Cherry%20leaf/radish-black-cherry-fruits-leaves.jpg,https://github.com/pratikkayal/PlantDoc-Dataset,PlantDoc-Dataset GitHub; review repository license before publication; PlantDoc-Dataset GitHub,d3cf3451f1db1e5ab7cc498cad5a0a3f6619f3f6b1c282909e14b2e4e315db20,PlantDoc peach/cherry Prunus leaf auxiliary negative for OE.,4000,3000,plantdoc
data\internet_image_candidates\20260520_targeted_quality_ood_oe_final\apricot__leaf\oe\prunus_leaf_aux_negatives\20260520_targeted_quality_oo_plantvillage_00130039-8425-42e9-9dd9-15aead7.jpg,apricot__leaf,oe,prunus_leaf_aux_negatives,https://raw.githubusercontent.com/gabrieldgf4/PlantVillage-Dataset/master/Peach___Bacterial_spot/00130039-8425-42e9-9dd9-15aead7271ff___Rut._Bact.S%203421.JPG,https://github.com/gabrieldgf4/PlantVillage-Dataset,PlantVillage-Dataset GitHub mirror; review repository license before publication; PlantVillage-Dataset GitHub mirror,bf80227790a6bc9df02e25cb9e0ef24142c25d12665f6da216b7b26bb2781ff6,PlantVillage Prunus leaf disease auxiliary negative for OE.,256,256,plantvillage
data\internet_image_candidates\20260520_targeted_quality_ood_oe_final\apricot__leaf\oe\prunus_leaf_aux_negatives\20260520_targeted_quality_oo_plantvillage_1fa437f6-bf82-4b01-b3ce-d07ebff.jpg,apricot__leaf,oe,prunus_leaf_aux_negatives,https://raw.githubusercontent.com/gabrieldgf4/PlantVillage-Dataset/master/Peach___Bacterial_spot/1fa437f6-bf82-4b01-b3ce-d07ebffdacc3___Rutg._Bact.S%202131.JPG,https://github.com/gabrieldgf4/PlantVillage-Dataset,PlantVillage-Dataset GitHub mirror; review repository license before publication; PlantVillage-Dataset GitHub mirror,42b601f4cf539ac3bcbe93128231c819ea236ea3a578b27729e509f889133517,PlantVillage Prunus leaf disease auxiliary negative for OE.,256,256,plantvillage
data\internet_image_candidates\20260520_targeted_quality_ood_oe_final\apricot__leaf\oe\prunus_leaf_aux_negatives\20260520_targeted_quality_oo_plantvillage_3f4666d6-a48f-4d9b-8c02-92fe0b8.jpg,apricot__leaf,oe,prunus_leaf_aux_negatives,https://raw.githubusercontent.com/gabrieldgf4/PlantVillage-Dataset/master/Peach___Bacterial_spot/3f4666d6-a48f-4d9b-8c02-92fe0b81b3c7___Rutg._Bact.S%202136.JPG,https://github.com/gabrieldgf4/PlantVillage-Dataset,PlantVillage-Dataset GitHub mirror; review repository license before publication; PlantVillage-Dataset GitHub mirror,ee4eba516f0e0c05bd74fd72050cb37136dba9f0c32b2aad4bf53d0ad144800f,PlantVillage Prunus leaf disease auxiliary negative for OE.,256,256,plantvillage
data\internet_image_candidates\20260520_targeted_quality_ood_oe_final\apricot__leaf\oe\prunus_leaf_aux_negatives\20260520_targeted_quality_oo_plantvillage_60d2611b-515f-4f0b-8be5-adced3a.jpg,apricot__leaf,oe,prunus_leaf_aux_negatives,https://raw.githubusercontent.com/gabrieldgf4/PlantVillage-Dataset/master/Peach___Bacterial_spot/60d2611b-515f-4f0b-8be5-adced3aa00ab___Rutg._Bact.S%201560.JPG,https://github.com/gabrieldgf4/PlantVillage-Dataset,PlantVillage-Dataset GitHub mirror; review repository license before publication; PlantVillage-Dataset GitHub mirror,0b4584dfb83066d505accc3d2118de100d36710f823cba79f32d951944acf423,PlantVillage Prunus leaf disease auxiliary negative for OE.,256,256,plantvillage
data\internet_image_candidates\20260520_targeted_quality_ood_oe_final\apricot__leaf\oe\prunus_leaf_aux_negatives\20260520_targeted_quality_oo_plantvillage_804724bb-d93f-42a2-bc21-f6da32f.jpg,apricot__leaf,oe,prunus_leaf_aux_negatives,https://raw.githubusercontent.com/gabrieldgf4/PlantVillage-Dataset/master/Peach___Bacterial_spot/804724bb-d93f-42a2-bc21-f6da32f37e6d___Rutg._Bact.S%202124.JPG,https://github.com/gabrieldgf4/PlantVillage-Dataset,PlantVillage-Dataset GitHub mirror; review repository license before publication; PlantVillage-Dataset GitHub mirror,964505d9daa6d82bc0992c6dd2d3d38ff7cacfae214161072e5b67bbf0db0ab8,PlantVillage Prunus leaf disease auxiliary negative for OE.,256,256,plantvillage
data\internet_image_candidates\20260520_targeted_quality_ood_oe_final\apricot__leaf\oe\prunus_leaf_aux_negatives\20260520_targeted_quality_oo_plantvillage_9de75cf1-80f7-4504-af09-f9273db.jpg,apricot__leaf,oe,prunus_leaf_aux_negatives,https://raw.githubusercontent.com/gabrieldgf4/PlantVillage-Dataset/master/Peach___Bacterial_spot/9de75cf1-80f7-4504-af09-f9273db8c9c1___Rut._Bact.S%200971.JPG,https://github.com/gabrieldgf4/PlantVillage-Dataset,PlantVillage-Dataset GitHub mirror; review repository license before publication; PlantVillage-Dataset GitHub mirror,0780302e9b5dd78119f9c025eac30c53076031876481ac19e9fb63e47e18248e,PlantVillage Prunus leaf disease auxiliary negative for OE.,256,256,plantvillage
data\internet_image_candidates\20260520_targeted_quality_ood_oe_final\tomato__leaf\oe\unsupported_same_crop\20260520_targeted_quality_oo_plantdoc_100_4542.jpg,tomato__leaf,oe,unsupported_same_crop,https://raw.githubusercontent.com/pratikkayal/PlantDoc-Dataset/master/train/Tomato%20mold%20leaf/100_4542.jpg,https://github.com/pratikkayal/PlantDoc-Dataset,PlantDoc-Dataset GitHub; review repository license before publication; PlantDoc-Dataset GitHub,994a98b9a750ac0e28590e8709d49830611d295ac40864021cfe641fa94d30f4,PlantDoc tomato leaf unsupported disease auxiliary negative for OE.,2160,1440,plantdoc
data\internet_image_candidates\20260520_targeted_quality_ood_oe_final\tomato__leaf\oe\unsupported_same_crop\20260520_targeted_quality_oo_plantdoc_Botrytis-Tomato-Seedlings-2-copy-50.jpg,tomato__leaf,oe,unsupported_same_crop,https://raw.githubusercontent.com/pratikkayal/PlantDoc-Dataset/master/train/Tomato%20mold%20leaf/Botrytis-Tomato-Seedlings-2-copy-50QUALITY-17wck0d.jpg,https://github.com/pratikkayal/PlantDoc-Dataset,PlantDoc-Dataset GitHub; review repository license before publication; PlantDoc-Dataset GitHub,8f9bcbec7701d74a5e37583d937301c6bacaab68a04422564f14df37860acc28,PlantDoc tomato leaf unsupported disease auxiliary negative for OE.,667,500,plantdoc
data\internet_image_candidates\20260520_targeted_quality_ood_oe_final\tomato__leaf\oe\unsupported_same_crop\20260520_targeted_quality_oo_plantdoc_OLU13.jpg,tomato__leaf,oe,unsupported_same_crop,https://raw.githubusercontent.com/pratikkayal/PlantDoc-Dataset/master/train/Tomato%20mold%20leaf/OLU13.jpg,https://github.com/pratikkayal/PlantDoc-Dataset,PlantDoc-Dataset GitHub; review repository license before publication; PlantDoc-Dataset GitHub,5db2258092459bfb96f22719f9bd463ae4f224f5d21b1368141fa57549647b0c,PlantDoc tomato leaf unsupported disease auxiliary negative for OE.,6000,4000,plantdoc
data\internet_image_candidates\20260520_targeted_quality_ood_oe_final\tomato__leaf\oe\unsupported_same_crop\20260520_targeted_quality_oo_plantdoc_image233.jpg,tomato__leaf,oe,unsupported_same_crop,https://raw.githubusercontent.com/pratikkayal/PlantDoc-Dataset/master/train/Tomato%20mold%20leaf/image233.jpg,https://github.com/pratikkayal/PlantDoc-Dataset,PlantDoc-Dataset GitHub; review repository license before publication; PlantDoc-Dataset GitHub,4b03b5b6bab9fb1c6e59fe0af29b370c7066e8f84beba38ed1007e3fb86f8dee,PlantDoc tomato leaf unsupported disease auxiliary negative for OE.,250,188,plantdoc
data\internet_image_candidates\20260520_targeted_quality_ood_oe_final\tomato__leaf\oe\unsupported_same_crop\20260520_targeted_quality_oo_plantdoc_leafmoldtomato2.jpg,tomato__leaf,oe,unsupported_same_crop,https://raw.githubusercontent.com/pratikkayal/PlantDoc-Dataset/master/train/Tomato%20mold%20leaf/leafmoldtomato2.jpg,https://github.com/pratikkayal/PlantDoc-Dataset,PlantDoc-Dataset GitHub; review repository license before publication; PlantDoc-Dataset GitHub,b350ccb7a2eeb6bf71b5049f99d0eafd64ea0b92bc02cda7332923ee197daa6b,PlantDoc tomato leaf unsupported disease auxiliary negative for OE.,800,600,plantdoc
data\internet_image_candidates\20260520_targeted_quality_ood_oe_final\tomato__leaf\oe\unsupported_same_crop\20260520_targeted_quality_oo_plantdoc_tomato_leaf-mold_03_zoom.jpg,tomato__leaf,oe,unsupported_same_crop,https://raw.githubusercontent.com/pratikkayal/PlantDoc-Dataset/master/train/Tomato%20mold%20leaf/tomato_leaf-mold_03_zoom.jpg,https://github.com/pratikkayal/PlantDoc-Dataset,PlantDoc-Dataset GitHub; review repository license before publication; PlantDoc-Dataset GitHub,56102c38d7233e05cc46519ca141789359b250099ccab7f59b3841f03023c8e4,PlantDoc tomato leaf unsupported disease auxiliary negative for OE.,900,675,plantdoc
data\internet_image_candidates\20260520_targeted_quality_ood_oe_final\tomato__leaf\oe\unsupported_same_crop\20260520_targeted_quality_oo_plantdoc_8.--Virus-Damaged-foliage-at-top-ve.jpg,tomato__leaf,oe,unsupported_same_crop,"https://raw.githubusercontent.com/pratikkayal/PlantDoc-Dataset/master/train/Tomato%20leaf%20yellow%20virus/8.--Virus-Damaged-foliage-at-top-versus-healthy,-non-infected-bottom-foliage.jpg",https://github.com/pratikkayal/PlantDoc-Dataset,PlantDoc-Dataset GitHub; review repository license before publication; PlantDoc-Dataset GitHub,4c3bc70973781954241e5d2298661d2edd222f502b2412ab0b75463a5e3aea4a,PlantDoc tomato leaf unsupported disease auxiliary negative for OE.,1800,1200,plantdoc
data\internet_image_candidates\20260520_targeted_quality_ood_oe_final\tomato__leaf\oe\unsupported_same_crop\20260520_targeted_quality_oo_plantdoc_TYLCV-tomate-DB-445-171.jpg,tomato__leaf,oe,unsupported_same_crop,https://raw.githubusercontent.com/pratikkayal/PlantDoc-Dataset/master/train/Tomato%20leaf%20yellow%20virus/TYLCV-tomate-DB-445-171.jpg,https://github.com/pratikkayal/PlantDoc-Dataset,PlantDoc-Dataset GitHub; review repository license before publication; PlantDoc-Dataset GitHub,46188507af8d46d0ba432f053342b7f3e96b4ff56470830d8fda9decffd1c349,PlantDoc tomato leaf unsupported disease auxiliary negative for OE.,700,520,plantdoc
data\internet_image_candidates\20260520_targeted_quality_ood_oe_final\tomato__leaf\oe\unsupported_same_crop\20260520_targeted_quality_oo_plantdoc_role-of-whitefly-in-plant-virus-tra.jpg,tomato__leaf,oe,unsupported_same_crop,https://raw.githubusercontent.com/pratikkayal/PlantDoc-Dataset/master/train/Tomato%20leaf%20yellow%20virus/role-of-whitefly-in-plant-virus-transmission-by-pmanikandan-25-638.jpg,https://github.com/pratikkayal/PlantDoc-Dataset,PlantDoc-Dataset GitHub; review repository license before publication; PlantDoc-Dataset GitHub,3321fde1625675ecbf50cb76c845b2764b289be476ee7ca39a61afbcb5ec884e,PlantDoc tomato leaf unsupported disease auxiliary negative for OE.,638,479,plantdoc
data\internet_image_candidates\20260520_targeted_quality_ood_oe_final\tomato__leaf\oe\unsupported_same_crop\20260520_targeted_quality_oo_plantdoc_tomato-yellow-leaf-curl-virus-tylcv.jpg,tomato__leaf,oe,unsupported_same_crop,https://raw.githubusercontent.com/pratikkayal/PlantDoc-Dataset/master/train/Tomato%20leaf%20yellow%20virus/tomato-yellow-leaf-curl-virus-tylcv_950983.jpg,https://github.com/pratikkayal/PlantDoc-Dataset,PlantDoc-Dataset GitHub; review repository license before publication; PlantDoc-Dataset GitHub,a99cc4ee53e387d8f11a64974498b317e68c9c57e3b4b471050951a1bdb3379d,PlantDoc tomato leaf unsupported disease auxiliary negative for OE.,620,273,plantdoc
data\internet_image_candidates\20260520_targeted_quality_ood_oe_final\tomato__leaf\oe\unsupported_same_crop\20260520_targeted_quality_oo_plantdoc_DSC02246.JPG.jpg,tomato__leaf,oe,unsupported_same_crop,https://raw.githubusercontent.com/pratikkayal/PlantDoc-Dataset/master/train/Tomato%20leaf%20mosaic%20virus/DSC02246.JPG.jpg,https://github.com/pratikkayal/PlantDoc-Dataset,PlantDoc-Dataset GitHub; review repository license before publication; PlantDoc-Dataset GitHub,c0f9632cc1dfcda18679da5a60076c13548e311aa74dfc5613794ee71da36989,PlantDoc tomato leaf unsupported disease auxiliary negative for OE.,1600,1200,plantdoc
data\internet_image_candidates\20260520_targeted_quality_ood_oe_final\tomato__leaf\oe\unsupported_same_crop\20260520_targeted_quality_oo_plantdoc_mosaic_virus_tomato.jpg,tomato__leaf,oe,unsupported_same_crop,https://raw.githubusercontent.com/pratikkayal/PlantDoc-Dataset/master/train/Tomato%20leaf%20mosaic%20virus/mosaic_virus_tomato.jpg,https://github.com/pratikkayal/PlantDoc-Dataset,PlantDoc-Dataset GitHub; review repository license before publication; PlantDoc-Dataset GitHub,3470169f9e7c197b03c1f2ee1f1fb1600d67a594f58e6dcddf72b7d4a0117bff,PlantDoc tomato leaf unsupported disease auxiliary negative for OE.,756,575,plantdoc
data\internet_image_candidates\20260520_targeted_quality_ood_oe_final\tomato__leaf\oe\unsupported_same_crop\20260520_targeted_quality_oo_plantvillage_00694db7-3327-45e0-b4da-a8bb7ab.jpg,tomato__leaf,oe,unsupported_same_crop,https://raw.githubusercontent.com/gabrieldgf4/PlantVillage-Dataset/master/Tomato___Leaf_Mold/00694db7-3327-45e0-b4da-a8bb7ab6a4b7___Crnl_L.Mold%206923.JPG,https://github.com/gabrieldgf4/PlantVillage-Dataset,PlantVillage-Dataset GitHub mirror; review repository license before publication; PlantVillage-Dataset GitHub mirror,494089bab621be90de66470833f9931d7b05997ffe473429beef02adc10b3448,PlantVillage tomato leaf unsupported disease auxiliary negative for OE.,256,256,plantvillage
data\internet_image_candidates\20260520_targeted_quality_ood_oe_final\tomato__leaf\oe\unsupported_same_crop\20260520_targeted_quality_oo_plantvillage_8cd36896-f066-47f4-a965-d5bf0c5.jpg,tomato__leaf,oe,unsupported_same_crop,https://raw.githubusercontent.com/gabrieldgf4/PlantVillage-Dataset/master/Tomato___Leaf_Mold/8cd36896-f066-47f4-a965-d5bf0c58f954___Crnl_L.Mold%207042.JPG,https://github.com/gabrieldgf4/PlantVillage-Dataset,PlantVillage-Dataset GitHub mirror; review repository license before publication; PlantVillage-Dataset GitHub mirror,9d044611726d684aad4c380ee30baba212c4d24f3497dee5c70dd858456b91db,PlantVillage tomato leaf unsupported disease auxiliary negative for OE.,256,256,plantvillage
data\internet_image_candidates\20260520_targeted_quality_ood_oe_final\tomato__leaf\oe\unsupported_same_crop\20260520_targeted_quality_oo_plantvillage_0223bec0-2d13-42aa-b653-3aa3ee5.jpg,tomato__leaf,oe,unsupported_same_crop,https://raw.githubusercontent.com/gabrieldgf4/PlantVillage-Dataset/master/Tomato___Tomato_Yellow_Leaf_Curl_Virus/0223bec0-2d13-42aa-b653-3aa3ee502b85___YLCV_GCREC%202507.JPG,https://github.com/gabrieldgf4/PlantVillage-Dataset,PlantVillage-Dataset GitHub mirror; review repository license before publication; PlantVillage-Dataset GitHub mirror,0bcb94c70cbd4e78fd55dbb7ebb9ab330f396dbc18da5f10c3194c3103fe06e9,PlantVillage tomato leaf unsupported disease auxiliary negative for OE.,256,256,plantvillage
data\internet_image_candidates\20260520_targeted_quality_ood_oe_final\tomato__leaf\oe\unsupported_same_crop\20260520_targeted_quality_oo_plantvillage_193f32a3-11a4-4d39-a88c-a1bc44e.jpg,tomato__leaf,oe,unsupported_same_crop,https://raw.githubusercontent.com/gabrieldgf4/PlantVillage-Dataset/master/Tomato___Tomato_Yellow_Leaf_Curl_Virus/193f32a3-11a4-4d39-a88c-a1bc44e61d66___UF.GRC_YLCV_Lab%2002863.JPG,https://github.com/gabrieldgf4/PlantVillage-Dataset,PlantVillage-Dataset GitHub mirror; review repository license before publication; PlantVillage-Dataset GitHub mirror,c25ab5ed22d2ca8ffeb902f9b380bade0b82d51b9c99c88ca4a6ac06f43c5a62,PlantVillage tomato leaf unsupported disease auxiliary negative for OE.,256,256,plantvillage
data\internet_image_candidates\20260520_targeted_quality_ood_oe_final\tomato__leaf\oe\unsupported_same_crop\20260520_targeted_quality_oo_plantvillage_3039dc2b-b7a3-4b48-bae9-3a917ab.jpg,tomato__leaf,oe,unsupported_same_crop,https://raw.githubusercontent.com/gabrieldgf4/PlantVillage-Dataset/master/Tomato___Tomato_Yellow_Leaf_Curl_Virus/3039dc2b-b7a3-4b48-bae9-3a917ab4ec00___YLCV_NREC%202423.JPG,https://github.com/gabrieldgf4/PlantVillage-Dataset,PlantVillage-Dataset GitHub mirror; review repository license before publication; PlantVillage-Dataset GitHub mirror,06cdc54ee87feb10c37024a7a950d6b19909ef4bb9eb567c3028d55f7f0708ad,PlantVillage tomato leaf unsupported disease auxiliary negative for OE.,256,256,plantvillage
data\internet_image_candidates\20260520_targeted_quality_ood_oe_final\tomato__leaf\oe\unsupported_same_crop\20260520_targeted_quality_oo_plantvillage_4759193c-2492-4e0b-8d02-1f047cb.jpg,tomato__leaf,oe,unsupported_same_crop,https://raw.githubusercontent.com/gabrieldgf4/PlantVillage-Dataset/master/Tomato___Tomato_Yellow_Leaf_Curl_Virus/4759193c-2492-4e0b-8d02-1f047cb1792d___UF.GRC_YLCV_Lab%2002934.JPG,https://github.com/gabrieldgf4/PlantVillage-Dataset,PlantVillage-Dataset GitHub mirror; review repository license before publication; PlantVillage-Dataset GitHub mirror,49883d0404ebd9adefc6786910bd9e1b20e76908b2e395d9170193bcae310c0e,PlantVillage tomato leaf unsupported disease auxiliary negative for OE.,256,256,plantvillage
data\internet_image_candidates\20260520_targeted_quality_ood_oe_final\tomato__leaf\oe\unsupported_same_crop\20260520_targeted_quality_oo_plantvillage_5f30574a-e6e1-416b-aa31-4990f4a.jpg,tomato__leaf,oe,unsupported_same_crop,https://raw.githubusercontent.com/gabrieldgf4/PlantVillage-Dataset/master/Tomato___Tomato_Yellow_Leaf_Curl_Virus/5f30574a-e6e1-416b-aa31-4990f4a27748___YLCV_NREC%202046.JPG,https://github.com/gabrieldgf4/PlantVillage-Dataset,PlantVillage-Dataset GitHub mirror; review repository license before publication; PlantVillage-Dataset GitHub mirror,ebe49d1ff0ba196e6beebf5f7eca7687423d7d98d9cb060e5c6c0f4b4aa64421,PlantVillage tomato leaf unsupported disease auxiliary negative for OE.,256,256,plantvillage
data\internet_image_candidates\20260520_targeted_quality_ood_oe_final\strawberry__fruit\oe\unsupported_same_crop\20260506_wikimedia_strawberry_fruit_rot.jpg,strawberry__fruit,oe,unsupported_same_crop,https://commons.wikimedia.org/wiki/File:Strawberry_Fruit_Rot.jpg,https://commons.wikimedia.org/wiki/File:Strawberry_Fruit_Rot.jpg,CC BY 3.0 US; internet source,042ba1b0041485675b7ba8b838d6d4a13ceda7ce8d9cf865f106255623fcf8c1,"fruit image for strawberry leaf reject/OE, not leaf ID; downloaded via Wikimedia thumbnail redirect width=1280",1280,1280,20260506
data\internet_image_candidates\20260520_targeted_quality_ood_oe_final\strawberry__fruit\ood\unsupported_unknowns\20260506_wikimedia_uncinula_necator_on_grapes.jpg,strawberry__fruit,ood,unsupported_unknowns,https://commons.wikimedia.org/wiki/File:UncinulaNecatorOnGrapes.jpg,https://commons.wikimedia.org/wiki/File:UncinulaNecatorOnGrapes.jpg,CC BY-SA 3.0 or GFDL; internet source,5ba634a168c5fddb23323e5c7ec0f136d14455260e8b3541aecc24011c49f6b0,powdery mildew on grape fruit; downloaded via Wikimedia thumbnail redirect width=1280,1280,960,20260506
data\internet_image_candidates\20260520_targeted_quality_ood_oe_final\strawberry__fruit\ood\unsupported_unknowns\20260506_bugwood_1235040_grape_anthracnose.jpg,strawberry__fruit,ood,unsupported_unknowns,https://commons.wikimedia.org/wiki/File:Grapeanthracnose.jpg,https://commons.wikimedia.org/wiki/File:Grapeanthracnose.jpg,CC BY 3.0 US; internet source,a6b4742e3fdc4b27a7436eeb3d2e5f2eb2fdf9082a527147b43d1288059672e9,grape anthracnose; Bugwood direct alternative after Wikimedia 429,768,768,20260506
data\internet_image_candidates\20260520_targeted_quality_ood_oe_final\strawberry__fruit\ood\unsupported_unknowns\20260506_bugwood_5622695_tomato_spotted_wilt.jpg,strawberry__fruit,ood,unsupported_unknowns,https://www.invasive.org/browse/detail.cfm?imgnum=5622695,https://www.invasive.org/browse/detail.cfm?imgnum=5622695,CC BY 3.0; internet source,081c8da61f5f54fb4742a1f0ad98f40db002bf87eceac3707a51fffdc54e50e5,tomato spotted wilt fruit/symptoms,768,512,20260506
data\internet_image_candidates\20260520_targeted_quality_ood_oe_final\strawberry__fruit\ood\unsupported_unknowns\20260506_bugwood_1243053_tomato_spotted_wilt.jpg,strawberry__fruit,ood,unsupported_unknowns,https://www.invasive.org/browse/detail.cfm?imgnum=1243053,https://www.invasive.org/browse/detail.cfm?imgnum=1243053,CC BY 3.0; internet source,9462d6394d2edc28967ae854a91addb98b30fc39723029b52a1c9175ed0080f8,tomato spotted wilt fruit,768,512,20260506
data\internet_image_candidates\20260520_targeted_quality_ood_oe_final\strawberry__fruit\ood\unsupported_unknowns\20260506_wikimedia_blossom_end_rot.jpg,strawberry__fruit,ood,unsupported_unknowns,https://commons.wikimedia.org/wiki/File:Blossom_end_rot.JPG,https://commons.wikimedia.org/wiki/File:Blossom_end_rot.JPG,CC BY-SA 3.0; internet source,542feb3084b60ecf11ac93eed0b5a9afeb19ccefecb7194b4f4212ea1acc25ee,tomato blossom end rot; downloaded via Wikimedia thumbnail redirect width=1280,1280,853,20260506
data\internet_image_candidates\20260520_targeted_quality_ood_oe_final\apricot__fruit\ood\prunus_fruit_unknowns\commons_File_Annual_report_of_the_Fruit_Growers_Association_of_Ontario_1898_1899_14759670766_.jp.jpg,apricot__fruit,ood,prunus_fruit_unknowns,https://upload.wikimedia.org/wikipedia/commons/d/d3/Annual_report_of_the_Fruit_Growers%27_Association_of_Ontario%2C_1898_%281899%29_%2814759670766%29.jpg,"https://commons.wikimedia.org/wiki/File:Annual_report_of_the_Fruit_Growers%27_Association_of_Ontario,_1898_(1899)_(14759670766).jpg",Wikimedia Commons; No restrictions; Wikimedia Commons; Internet Archive Book Images,c54413c110c1aa2055296206ede7074112e7ac63def5e07b4561ba2dd7bffe38,Wikimedia Prunus brown-rot fruit unknown held out as OOD.,2713,1977,wikimedia_commons
data\internet_image_candidates\20260520_targeted_quality_ood_oe_final\apricot__fruit\ood\prunus_fruit_unknowns\commons_File_Annual_report_of_the_Fruit_Growers_Association_of_Ontario_1900_1901_14785672183_.jp.jpg,apricot__fruit,ood,prunus_fruit_unknowns,https://upload.wikimedia.org/wikipedia/commons/9/93/Annual_report_of_the_Fruit_Growers%27_Association_of_Ontario%2C_1900_%281901%29_%2814785672183%29.jpg,"https://commons.wikimedia.org/wiki/File:Annual_report_of_the_Fruit_Growers%27_Association_of_Ontario,_1900_(1901)_(14785672183).jpg",Wikimedia Commons; No restrictions; Wikimedia Commons; Internet Archive Book Images,589632c660137eb11552c6cbcbc743a603bdbe2476487b8666bf144e96ea7ec3,Wikimedia Prunus brown-rot fruit unknown held out as OOD.,2496,2292,wikimedia_commons
data\internet_image_candidates\20260520_targeted_quality_ood_oe_final\apricot__fruit\ood\prunus_fruit_unknowns\commons_File_Annual_report_of_the_Fruit_Growers_Association_of_Ontario_1901_1902_19178088829_.jp.jpg,apricot__fruit,ood,prunus_fruit_unknowns,https://upload.wikimedia.org/wikipedia/commons/a/a4/Annual_report_of_the_Fruit_Growers%27_Association_of_Ontario%2C_1901_%281902%29_%2819178088829%29.jpg,"https://commons.wikimedia.org/wiki/File:Annual_report_of_the_Fruit_Growers%27_Association_of_Ontario,_1901_(1902)_(19178088829).jpg",Wikimedia Commons; No restrictions; Wikimedia Commons; Internet Archive Book Images,1e54cbf3d20d9e6c22a5f5707c3b805dad18006f4e189220f5111bf113d133f6,Wikimedia Prunus brown-rot fruit unknown held out as OOD.,2827,4491,wikimedia_commons
data\internet_image_candidates\20260520_targeted_quality_ood_oe_final\strawberry__fruit\oe\unsupported_same_crop\commons_File_Aardbei_Lambada_vruchtrot_Botrytis_cinerea.jpg.jpg,strawberry__fruit,oe,unsupported_same_crop,https://upload.wikimedia.org/wikipedia/commons/e/e4/Aardbei_Lambada_vruchtrot_Botrytis_cinerea.jpg,https://commons.wikimedia.org/wiki/File:Aardbei_Lambada_vruchtrot_Botrytis_cinerea.jpg,Wikimedia Commons; CC BY-SA 3.0; Wikimedia Commons; Rasbak,392f1f5318fa75d3f1bbe92582b2197d32d5743f1df6e4395162c014dfcde712,Wikimedia strawberry gray-mold auxiliary negative for OE.,751,940,wikimedia_commons
