adapter,target_role,slice_name,candidate_path,target_path,source_url,source_page,license,source_note,sha256,short_rationale,width,height,format,source_kind
grape__fruit,ood,grape_fruit_failure_cases,data\internet_image_candidates\20260520_more_aads_ood_oe_readiness\grape__fruit\ood\grape_fruit_failure_cases\bugwood_bugwood_5608050_grape_field_cluster_or_hard_condition.jpg,data\prepared_runtime_datasets\grape__fruit\ood\grape_fruit_failure_cases\internet_20260520_bugwood_bugwood_5608050_grape_field_cluster_or_hard_condition.jpg,https://bugwoodcloud.org/images/768x512/5608050.jpg,https://www.invasive.org/browse/detail.cfm?imgnum=5608050,Bugwood/Invasive.org source page; review page license before publication,Bugwood/Invasive.org source page; review page license before publication,325549ef362955811b5c863abee308ee9be01490037bf9a53bbd07bb5f8806c2,"Additional grape fruit OOD failure candidate: field clutter, unusual cluster/berry view, damaged fruit, pest/harvest context, or non-diagnostic composition.",512,768,,bugwood
grape__fruit,ood,grape_fruit_failure_cases,data\internet_image_candidates\20260520_more_aads_ood_oe_readiness\grape__fruit\ood\grape_fruit_failure_cases\bugwood_bugwood_5608051_grape_field_cluster_or_hard_condition.jpg,data\prepared_runtime_datasets\grape__fruit\ood\grape_fruit_failure_cases\internet_20260520_bugwood_bugwood_5608051_grape_field_cluster_or_hard_condition.jpg,https://bugwoodcloud.org/images/768x512/5608051.jpg,https://www.invasive.org/browse/detail.cfm?imgnum=5608051,Bugwood/Invasive.org source page; review page license before publication,Bugwood/Invasive.org source page; review page license before publication,4b7b514bcac12a50c2fe54a7fc8ab5367e4647f1c108cc0bbfc9156e6615e254,"Additional grape fruit OOD failure candidate: field clutter, unusual cluster/berry view, damaged fruit, pest/harvest context, or non-diagnostic composition.",768,512,,bugwood
grape__fruit,ood,grape_fruit_failure_cases,data\internet_image_candidates\20260520_more_aads_ood_oe_readiness\grape__fruit\ood\grape_fruit_failure_cases\bugwood_bugwood_5608052_grape_field_cluster_or_hard_condition.jpg,data\prepared_runtime_datasets\grape__fruit\ood\grape_fruit_failure_cases\internet_20260520_bugwood_bugwood_5608052_grape_field_cluster_or_hard_condition.jpg,https://bugwoodcloud.org/images/768x512/5608052.jpg,https://www.invasive.org/browse/detail.cfm?imgnum=5608052,Bugwood/Invasive.org source page; review page license before publication,Bugwood/Invasive.org source page; review page license before publication,148c3d75326c9ab88c5ebeb879fe7c0142402c052dce8ef87f07bf3002b37c43,"Additional grape fruit OOD failure candidate: field clutter, unusual cluster/berry view, damaged fruit, pest/harvest context, or non-diagnostic composition.",512,768,,bugwood
grape__fruit,ood,grape_fruit_failure_cases,data\internet_image_candidates\20260520_more_aads_ood_oe_readiness\grape__fruit\ood\grape_fruit_failure_cases\bugwood_bugwood_5608055_grape_field_cluster_or_hard_condition.jpg,data\prepared_runtime_datasets\grape__fruit\ood\grape_fruit_failure_cases\internet_20260520_bugwood_bugwood_5608055_grape_field_cluster_or_hard_condition.jpg,https://bugwoodcloud.org/images/768x512/5608055.jpg,https://www.invasive.org/browse/detail.cfm?imgnum=5608055,Bugwood/Invasive.org source page; review page license before publication,Bugwood/Invasive.org source page; review page license before publication,711614fa94fc0989762f260027e554ce6fd8f1c38c18d8861dc5798cabcda7f1,"Additional grape fruit OOD failure candidate: field clutter, unusual cluster/berry view, damaged fruit, pest/harvest context, or non-diagnostic composition.",512,768,,bugwood
grape__fruit,ood,grape_fruit_failure_cases,data\internet_image_candidates\20260520_more_aads_ood_oe_readiness\grape__fruit\ood\grape_fruit_failure_cases\bugwood_bugwood_5608056_grape_field_cluster_or_hard_condition.jpg,data\prepared_runtime_datasets\grape__fruit\ood\grape_fruit_failure_cases\internet_20260520_bugwood_bugwood_5608056_grape_field_cluster_or_hard_condition.jpg,https://bugwoodcloud.org/images/768x512/5608056.jpg,https://www.invasive.org/browse/detail.cfm?imgnum=5608056,Bugwood/Invasive.org source page; review page license before publication,Bugwood/Invasive.org source page; review page license before publication,8c5355293cb002c05381d08d1ff0b8a6f2189490a6dbae4fc05b046f2d3b2792,"Additional grape fruit OOD failure candidate: field clutter, unusual cluster/berry view, damaged fruit, pest/harvest context, or non-diagnostic composition.",512,768,,bugwood
grape__fruit,ood,grape_fruit_failure_cases,data\internet_image_candidates\20260520_more_aads_ood_oe_readiness\grape__fruit\ood\grape_fruit_failure_cases\bugwood_bugwood_5608057_grape_field_cluster_or_hard_condition.jpg,data\prepared_runtime_datasets\grape__fruit\ood\grape_fruit_failure_cases\internet_20260520_bugwood_bugwood_5608057_grape_field_cluster_or_hard_condition.jpg,https://bugwoodcloud.org/images/768x512/5608057.jpg,https://www.invasive.org/browse/detail.cfm?imgnum=5608057,Bugwood/Invasive.org source page; review page license before publication,Bugwood/Invasive.org source page; review page license before publication,1aae29a2585d8d7de7f22e68216ed3357d3b92277e5dbfe6f87c74e90ea887ec,"Additional grape fruit OOD failure candidate: field clutter, unusual cluster/berry view, damaged fruit, pest/harvest context, or non-diagnostic composition.",768,512,,bugwood
grape__fruit,ood,grape_fruit_unknowns,data\internet_image_candidates\20260520_more_aads_ood_oe_readiness\grape__fruit\ood\grape_fruit_unknowns\bugwood_bugwood_5459200_grape_black_rot_fruit.jpg,data\prepared_runtime_datasets\grape__fruit\ood\grape_fruit_unknowns\internet_20260520_bugwood_bugwood_5459200_grape_black_rot_fruit.jpg,https://bugwoodcloud.org/images/768x512/5459200.jpg,https://www.invasive.org/browse/detail.cfm?imgnum=5459200,Bugwood/Invasive.org source page; review page license before publication,Bugwood/Invasive.org source page; review page license before publication,4dbc28f6030db0e915bd952da5e4de93a9235996663db50b96ea8702cd953972,"Additional unsupported grape fruit disease/condition candidate for grape_fruit_unknowns; final OOD evidence candidate, not OE.",768,579,,bugwood
grape__fruit,ood,grape_fruit_unknowns,data\internet_image_candidates\20260520_more_aads_ood_oe_readiness\grape__fruit\ood\grape_fruit_unknowns\bugwood_bugwood_5459201_grape_black_rot_fruit.jpg,data\prepared_runtime_datasets\grape__fruit\ood\grape_fruit_unknowns\internet_20260520_bugwood_bugwood_5459201_grape_black_rot_fruit.jpg,https://bugwoodcloud.org/images/768x512/5459201.jpg,https://www.invasive.org/browse/detail.cfm?imgnum=5459201,Bugwood/Invasive.org source page; review page license before publication,Bugwood/Invasive.org source page; review page license before publication,2245bdfd4399dfba0b80bdcfefc082714f026a9703baca6bc45893b975e67317,"Additional unsupported grape fruit disease/condition candidate for grape_fruit_unknowns; final OOD evidence candidate, not OE.",768,579,,bugwood
grape__fruit,ood,grape_fruit_unknowns,data\internet_image_candidates\20260520_more_aads_ood_oe_readiness\grape__fruit\ood\grape_fruit_unknowns\bugwood_bugwood_5459202_grape_black_rot_fruit.jpg,data\prepared_runtime_datasets\grape__fruit\ood\grape_fruit_unknowns\internet_20260520_bugwood_bugwood_5459202_grape_black_rot_fruit.jpg,https://bugwoodcloud.org/images/768x512/5459202.jpg,https://www.invasive.org/browse/detail.cfm?imgnum=5459202,Bugwood/Invasive.org source page; review page license before publication,Bugwood/Invasive.org source page; review page license before publication,85304c9743cf4d2719c415985e5f778e9ab94a21ef4dc23eb85a41b1a4cae504,"Additional unsupported grape fruit disease/condition candidate for grape_fruit_unknowns; final OOD evidence candidate, not OE.",768,579,,bugwood
grape__fruit,ood,grape_fruit_unknowns,data\internet_image_candidates\20260520_more_aads_ood_oe_readiness\grape__fruit\ood\grape_fruit_unknowns\bugwood_bugwood_5459203_grape_black_rot_fruit.jpg,data\prepared_runtime_datasets\grape__fruit\ood\grape_fruit_unknowns\internet_20260520_bugwood_bugwood_5459203_grape_black_rot_fruit.jpg,https://bugwoodcloud.org/images/768x512/5459203.jpg,https://www.invasive.org/browse/detail.cfm?imgnum=5459203,Bugwood/Invasive.org source page; review page license before publication,Bugwood/Invasive.org source page; review page license before publication,3804c874c9334a3b1a2dbf79824927381ca95e10ab1cc12bf05ff8926530d6d9,"Additional unsupported grape fruit disease/condition candidate for grape_fruit_unknowns; final OOD evidence candidate, not OE.",768,579,,bugwood
grape__fruit,ood,grape_fruit_unknowns,data\internet_image_candidates\20260520_more_aads_ood_oe_readiness\grape__fruit\ood\grape_fruit_unknowns\bugwood_bugwood_5459204_grape_black_rot_fruit.jpg,data\prepared_runtime_datasets\grape__fruit\ood\grape_fruit_unknowns\internet_20260520_bugwood_bugwood_5459204_grape_black_rot_fruit.jpg,https://bugwoodcloud.org/images/768x512/5459204.jpg,https://www.invasive.org/browse/detail.cfm?imgnum=5459204,Bugwood/Invasive.org source page; review page license before publication,Bugwood/Invasive.org source page; review page license before publication,004ae108ad0c0640db3a0948c9f28ac7228037804f986505646fccc7248c26ea,"Additional unsupported grape fruit disease/condition candidate for grape_fruit_unknowns; final OOD evidence candidate, not OE.",768,579,,bugwood
grape__fruit,ood,grape_fruit_unknowns,data\internet_image_candidates\20260520_more_aads_ood_oe_readiness\grape__fruit\ood\grape_fruit_unknowns\bugwood_bugwood_5459205_grape_black_rot_fruit.jpg,data\prepared_runtime_datasets\grape__fruit\ood\grape_fruit_unknowns\internet_20260520_bugwood_bugwood_5459205_grape_black_rot_fruit.jpg,https://bugwoodcloud.org/images/768x512/5459205.jpg,https://www.invasive.org/browse/detail.cfm?imgnum=5459205,Bugwood/Invasive.org source page; review page license before publication,Bugwood/Invasive.org source page; review page license before publication,37bac5001645030adeec86f03baa4e31461bedd465b6bc670ffe9621425ccefe,"Additional unsupported grape fruit disease/condition candidate for grape_fruit_unknowns; final OOD evidence candidate, not OE.",768,579,,bugwood
grape__fruit,ood,grape_fruit_unknowns,data\internet_image_candidates\20260520_more_aads_ood_oe_readiness\grape__fruit\ood\grape_fruit_unknowns\bugwood_bugwood_5459206_grape_black_rot_fruit.jpg,data\prepared_runtime_datasets\grape__fruit\ood\grape_fruit_unknowns\internet_20260520_bugwood_bugwood_5459206_grape_black_rot_fruit.jpg,https://bugwoodcloud.org/images/768x512/5459206.jpg,https://www.invasive.org/browse/detail.cfm?imgnum=5459206,Bugwood/Invasive.org source page; review page license before publication,Bugwood/Invasive.org source page; review page license before publication,0f68dcb95b5a651f6f3e69e9eea8f37298ae605bdb2bd9a2af8966c3e0171572,"Additional unsupported grape fruit disease/condition candidate for grape_fruit_unknowns; final OOD evidence candidate, not OE.",768,579,,bugwood
grape__fruit,ood,grape_fruit_unknowns,data\internet_image_candidates\20260520_more_aads_ood_oe_readiness\grape__fruit\ood\grape_fruit_unknowns\bugwood_bugwood_5459207_grape_black_rot_fruit.jpg,data\prepared_runtime_datasets\grape__fruit\ood\grape_fruit_unknowns\internet_20260520_bugwood_bugwood_5459207_grape_black_rot_fruit.jpg,https://bugwoodcloud.org/images/768x512/5459207.jpg,https://www.invasive.org/browse/detail.cfm?imgnum=5459207,Bugwood/Invasive.org source page; review page license before publication,Bugwood/Invasive.org source page; review page license before publication,46ddac9f0c0ff627c223fca7a5fecf63ce78381a6ed9e58e193789da18732f5e,"Additional unsupported grape fruit disease/condition candidate for grape_fruit_unknowns; final OOD evidence candidate, not OE.",768,579,,bugwood
grape__fruit,ood,grape_fruit_unknowns,data\internet_image_candidates\20260520_more_aads_ood_oe_readiness\grape__fruit\ood\grape_fruit_unknowns\bugwood_bugwood_5459208_grape_black_rot_fruit.jpg,data\prepared_runtime_datasets\grape__fruit\ood\grape_fruit_unknowns\internet_20260520_bugwood_bugwood_5459208_grape_black_rot_fruit.jpg,https://bugwoodcloud.org/images/768x512/5459208.jpg,https://www.invasive.org/browse/detail.cfm?imgnum=5459208,Bugwood/Invasive.org source page; review page license before publication,Bugwood/Invasive.org source page; review page license before publication,7d64c3c9b643a2f928dd19fb9319e0ae03033797b499ae4e2ea159f936a61083,"Additional unsupported grape fruit disease/condition candidate for grape_fruit_unknowns; final OOD evidence candidate, not OE.",768,579,,bugwood
grape__fruit,ood,grape_fruit_unknowns,data\internet_image_candidates\20260520_more_aads_ood_oe_readiness\grape__fruit\ood\grape_fruit_unknowns\bugwood_bugwood_5459209_grape_black_rot_fruit.jpg,data\prepared_runtime_datasets\grape__fruit\ood\grape_fruit_unknowns\internet_20260520_bugwood_bugwood_5459209_grape_black_rot_fruit.jpg,https://bugwoodcloud.org/images/768x512/5459209.jpg,https://www.invasive.org/browse/detail.cfm?imgnum=5459209,Bugwood/Invasive.org source page; review page license before publication,Bugwood/Invasive.org source page; review page license before publication,cdb6140ce65d0ebb8f944ce843decec574d1adf4db3c7fa20cfea095f13b43ea,"Additional unsupported grape fruit disease/condition candidate for grape_fruit_unknowns; final OOD evidence candidate, not OE.",768,595,,bugwood
grape__fruit,ood,grape_fruit_unknowns,data\internet_image_candidates\20260520_more_aads_ood_oe_readiness\grape__fruit\ood\grape_fruit_unknowns\bugwood_bugwood_5459210_grape_black_rot_fruit.jpg,data\prepared_runtime_datasets\grape__fruit\ood\grape_fruit_unknowns\internet_20260520_bugwood_bugwood_5459210_grape_black_rot_fruit.jpg,https://bugwoodcloud.org/images/768x512/5459210.jpg,https://www.invasive.org/browse/detail.cfm?imgnum=5459210,Bugwood/Invasive.org source page; review page license before publication,Bugwood/Invasive.org source page; review page license before publication,3786e9d757037e4e65683b4245ab6193b029977b3d04b1544a40f6771198cd49,"Additional unsupported grape fruit disease/condition candidate for grape_fruit_unknowns; final OOD evidence candidate, not OE.",768,576,,bugwood
grape__fruit,ood,grape_fruit_unknowns,data\internet_image_candidates\20260520_more_aads_ood_oe_readiness\grape__fruit\ood\grape_fruit_unknowns\bugwood_bugwood_5459212_grape_black_rot_fruit.jpg,data\prepared_runtime_datasets\grape__fruit\ood\grape_fruit_unknowns\internet_20260520_bugwood_bugwood_5459212_grape_black_rot_fruit.jpg,https://bugwoodcloud.org/images/768x512/5459212.jpg,https://www.invasive.org/browse/detail.cfm?imgnum=5459212,Bugwood/Invasive.org source page; review page license before publication,Bugwood/Invasive.org source page; review page license before publication,ce92acb64613c07dfb9045a731bc7f0f927f331e0d32dc3fd46eb064a2feceed,"Additional unsupported grape fruit disease/condition candidate for grape_fruit_unknowns; final OOD evidence candidate, not OE.",768,576,,bugwood
grape__fruit,ood,grape_fruit_unknowns,data\internet_image_candidates\20260520_more_aads_ood_oe_readiness\grape__fruit\ood\grape_fruit_unknowns\bugwood_bugwood_5222067_grape_black_rot_fruit.jpg,data\prepared_runtime_datasets\grape__fruit\ood\grape_fruit_unknowns\internet_20260520_bugwood_bugwood_5222067_grape_black_rot_fruit.jpg,https://bugwoodcloud.org/images/768x512/5222067.jpg,https://www.invasive.org/browse/detail.cfm?imgnum=5222067,Bugwood/Invasive.org source page; review page license before publication,Bugwood/Invasive.org source page; review page license before publication,7722d2761d0cb4ada988a511a5323226e6ef1fcf43bdf300ac39676d02f9ec73,"Additional unsupported grape fruit disease/condition candidate for grape_fruit_unknowns; final OOD evidence candidate, not OE.",524,768,,bugwood
grape__fruit,ood,grape_fruit_unknowns,data\internet_image_candidates\20260520_more_aads_ood_oe_readiness\grape__fruit\ood\grape_fruit_unknowns\bugwood_bugwood_5222068_grape_black_rot_fruit.jpg,data\prepared_runtime_datasets\grape__fruit\ood\grape_fruit_unknowns\internet_20260520_bugwood_bugwood_5222068_grape_black_rot_fruit.jpg,https://bugwoodcloud.org/images/768x512/5222068.jpg,https://www.invasive.org/browse/detail.cfm?imgnum=5222068,Bugwood/Invasive.org source page; review page license before publication,Bugwood/Invasive.org source page; review page license before publication,bdc5066470dab31365b1944132a19fbe0753fb8e18cff3537b4325ff5595630a,"Additional unsupported grape fruit disease/condition candidate for grape_fruit_unknowns; final OOD evidence candidate, not OE.",518,768,,bugwood
grape__fruit,ood,grape_fruit_unknowns,data\internet_image_candidates\20260520_more_aads_ood_oe_readiness\grape__fruit\ood\grape_fruit_unknowns\bugwood_bugwood_5222069_grape_black_rot_fruit.jpg,data\prepared_runtime_datasets\grape__fruit\ood\grape_fruit_unknowns\internet_20260520_bugwood_bugwood_5222069_grape_black_rot_fruit.jpg,https://bugwoodcloud.org/images/768x512/5222069.jpg,https://www.invasive.org/browse/detail.cfm?imgnum=5222069,Bugwood/Invasive.org source page; review page license before publication,Bugwood/Invasive.org source page; review page license before publication,82357b515d23a27ebe5b44ad6c3419a49cf5e7b3d3f0cef0cad6f3db587a11f6,"Additional unsupported grape fruit disease/condition candidate for grape_fruit_unknowns; final OOD evidence candidate, not OE.",768,753,,bugwood
grape__fruit,ood,grape_fruit_unknowns,data\internet_image_candidates\20260520_more_aads_ood_oe_readiness\grape__fruit\ood\grape_fruit_unknowns\bugwood_bugwood_5222071_grape_black_rot_fruit.jpg,data\prepared_runtime_datasets\grape__fruit\ood\grape_fruit_unknowns\internet_20260520_bugwood_bugwood_5222071_grape_black_rot_fruit.jpg,https://bugwoodcloud.org/images/768x512/5222071.jpg,https://www.invasive.org/browse/detail.cfm?imgnum=5222071,Bugwood/Invasive.org source page; review page license before publication,Bugwood/Invasive.org source page; review page license before publication,c0facbcac76209520c1d3bcf74bb213b091e4691f5f6a9c499d3a7dcef49797d,"Additional unsupported grape fruit disease/condition candidate for grape_fruit_unknowns; final OOD evidence candidate, not OE.",545,768,,bugwood
grape__leaf,ood,grape_failure_cases,data\internet_image_candidates\20260520_more_aads_ood_oe_readiness\grape__leaf\ood\grape_failure_cases\plantdoc_plantdoc_test_grape_leaf_0000.jpg.jpg,data\prepared_runtime_datasets\grape__leaf\ood\grape_failure_cases\internet_20260520_plantdoc_plantdoc_test_grape_leaf_0000.jpg.jpg,https://raw.githubusercontent.com/pratikkayal/PlantDoc-Dataset/master/test/grape%20leaf/0000.jpg,https://github.com/pratikkayal/PlantDoc-Dataset/blob/master/test/grape%20leaf/0000.jpg,PlantDoc GitHub dataset source; review repository LICENSE.txt before publication,PlantDoc GitHub dataset source; review repository LICENSE.txt before publication,420433aad07a69dbba27df1b1db4693058daef37698b93f0461724bb8767ba6d,"Additional grape leaf OOD failure candidate: unsupported black rot/galls/pest damage, cluttered, partial, or unusual leaf view.",1000,1000,,plantdoc
grape__leaf,ood,grape_failure_cases,data\internet_image_candidates\20260520_more_aads_ood_oe_readiness\grape__leaf\ood\grape_failure_cases\plantdoc_plantdoc_test_grape_leaf_730-grape-leaf-2560x1600-nature-wallpaper.jpg.jpg,data\prepared_runtime_datasets\grape__leaf\ood\grape_failure_cases\internet_20260520_plantdoc_plantdoc_test_grape_leaf_730-grape-leaf-2560x1600-nature-wallpaper.jpg.jpg,https://raw.githubusercontent.com/pratikkayal/PlantDoc-Dataset/master/test/grape%20leaf/730-grape-leaf-2560x1600-nature-wallpaper.jpg,https://github.com/pratikkayal/PlantDoc-Dataset/blob/master/test/grape%20leaf/730-grape-leaf-2560x1600-nature-wallpaper.jpg,PlantDoc GitHub dataset source; review repository LICENSE.txt before publication,PlantDoc GitHub dataset source; review repository LICENSE.txt before publication,468f656f6c89d8f241f07246300acb790a11f3e288e9c3750dac1b4da9405577,"Additional grape leaf OOD failure candidate: unsupported black rot/galls/pest damage, cluttered, partial, or unusual leaf view.",2560,1600,,plantdoc
grape__leaf,ood,grape_failure_cases,data\internet_image_candidates\20260520_more_aads_ood_oe_readiness\grape__leaf\ood\grape_failure_cases\plantdoc_plantdoc_test_grape_leaf_DSCN7317.JPG.jpg.jpg,data\prepared_runtime_datasets\grape__leaf\ood\grape_failure_cases\internet_20260520_plantdoc_plantdoc_test_grape_leaf_DSCN7317.JPG.jpg.jpg,https://raw.githubusercontent.com/pratikkayal/PlantDoc-Dataset/master/test/grape%20leaf/DSCN7317.JPG.jpg,https://github.com/pratikkayal/PlantDoc-Dataset/blob/master/test/grape%20leaf/DSCN7317.JPG.jpg,PlantDoc GitHub dataset source; review repository LICENSE.txt before publication,PlantDoc GitHub dataset source; review repository LICENSE.txt before publication,650324392a33c2c1e1ca4a076176d6b060b86ae62fbe098756b052b5546d9240,"Additional grape leaf OOD failure candidate: unsupported black rot/galls/pest damage, cluttered, partial, or unusual leaf view.",1530,1600,,plantdoc
grape__leaf,ood,grape_failure_cases,data\internet_image_candidates\20260520_more_aads_ood_oe_readiness\grape__leaf\ood\grape_failure_cases\plantdoc_plantdoc_test_grape_leaf_P1130286.jpg.jpg,data\prepared_runtime_datasets\grape__leaf\ood\grape_failure_cases\internet_20260520_plantdoc_plantdoc_test_grape_leaf_P1130286.jpg.jpg,https://raw.githubusercontent.com/pratikkayal/PlantDoc-Dataset/master/test/grape%20leaf/P1130286.jpg,https://github.com/pratikkayal/PlantDoc-Dataset/blob/master/test/grape%20leaf/P1130286.jpg,PlantDoc GitHub dataset source; review repository LICENSE.txt before publication,PlantDoc GitHub dataset source; review repository LICENSE.txt before publication,499dc9edb0c55b3c4344111aa83a4e49023a78cbde05e0092c86f3e0e5168366,"Additional grape leaf OOD failure candidate: unsupported black rot/galls/pest damage, cluttered, partial, or unusual leaf view.",1536,2048,,plantdoc
grape__leaf,ood,grape_failure_cases,data\internet_image_candidates\20260520_more_aads_ood_oe_readiness\grape__leaf\ood\grape_failure_cases\plantdoc_plantdoc_test_grape_leaf_depositphotos_3443387-stock-photo-the-green-grape-leaf-on.jpg.jpg,data\prepared_runtime_datasets\grape__leaf\ood\grape_failure_cases\internet_20260520_plantdoc_plantdoc_test_grape_leaf_depositphotos_3443387-stock-photo-the-green-grape-leaf-on.jpg.jpg,https://raw.githubusercontent.com/pratikkayal/PlantDoc-Dataset/master/test/grape%20leaf/depositphotos_3443387-stock-photo-the-green-grape-leaf-on.jpg,https://github.com/pratikkayal/PlantDoc-Dataset/blob/master/test/grape%20leaf/depositphotos_3443387-stock-photo-the-green-grape-leaf-on.jpg,PlantDoc GitHub dataset source; review repository LICENSE.txt before publication,PlantDoc GitHub dataset source; review repository LICENSE.txt before publication,94af80a5965f800fc0b878eb4091d7c1af7e25d90011ee02a8d768639f0a38d4,"Additional grape leaf OOD failure candidate: unsupported black rot/galls/pest damage, cluttered, partial, or unusual leaf view.",1024,768,,plantdoc
grape__leaf,ood,grape_failure_cases,data\internet_image_candidates\20260520_more_aads_ood_oe_readiness\grape__leaf\ood\grape_failure_cases\plantdoc_plantdoc_test_grape_leaf_depositphotos_6898486-stock-photo-grape-leaves.jpg.jpg,data\prepared_runtime_datasets\grape__leaf\ood\grape_failure_cases\internet_20260520_plantdoc_plantdoc_test_grape_leaf_depositphotos_6898486-stock-photo-grape-leaves.jpg.jpg,https://raw.githubusercontent.com/pratikkayal/PlantDoc-Dataset/master/test/grape%20leaf/depositphotos_6898486-stock-photo-grape-leaves.jpg,https://github.com/pratikkayal/PlantDoc-Dataset/blob/master/test/grape%20leaf/depositphotos_6898486-stock-photo-grape-leaves.jpg,PlantDoc GitHub dataset source; review repository LICENSE.txt before publication,PlantDoc GitHub dataset source; review repository LICENSE.txt before publication,d6d169bb7c76997d2e58a2864842cd4747f2a6b98daf106bf322be4b0467eff0,"Additional grape leaf OOD failure candidate: unsupported black rot/galls/pest damage, cluttered, partial, or unusual leaf view.",1023,751,,plantdoc
grape__leaf,ood,grape_failure_cases,data\internet_image_candidates\20260520_more_aads_ood_oe_readiness\grape__leaf\ood\grape_failure_cases\plantdoc_plantdoc_test_grape_leaf_grape-leaf-14309623.jpg.jpg,data\prepared_runtime_datasets\grape__leaf\ood\grape_failure_cases\internet_20260520_plantdoc_plantdoc_test_grape_leaf_grape-leaf-14309623.jpg.jpg,https://raw.githubusercontent.com/pratikkayal/PlantDoc-Dataset/master/test/grape%20leaf/grape-leaf-14309623.jpg,https://github.com/pratikkayal/PlantDoc-Dataset/blob/master/test/grape%20leaf/grape-leaf-14309623.jpg,PlantDoc GitHub dataset source; review repository LICENSE.txt before publication,PlantDoc GitHub dataset source; review repository LICENSE.txt before publication,4ffafa5924ddbabf1b460680417ac978efb7cc54de78bbfe031fbabd2c8db221,"Additional grape leaf OOD failure candidate: unsupported black rot/galls/pest damage, cluttered, partial, or unusual leaf view.",1369,1300,,plantdoc
grape__leaf,ood,grape_failure_cases,data\internet_image_candidates\20260520_more_aads_ood_oe_readiness\grape__leaf\ood\grape_failure_cases\plantdoc_plantdoc_test_grape_leaf_grape-leaf-picture-id119212425_k_6_m_119212425_s_612x612_w_0_h_8RZBWGcvXe4t.jpg,data\prepared_runtime_datasets\grape__leaf\ood\grape_failure_cases\internet_20260520_plantdoc_plantdoc_test_grape_leaf_grape-leaf-picture-id119212425_k_6_m_119212425_s_612x612_w_0_h_8RZBWGcvXe4t.jpg,https://raw.githubusercontent.com/pratikkayal/PlantDoc-Dataset/master/test/grape%20leaf/grape-leaf-picture-id119212425%3Fk%3D6%26m%3D119212425%26s%3D612x612%26w%3D0%26h%3D8RZBWGcvXe4tAwhhvYZVFzWyRyiN5iTxKfWBpPT1FcU%3D.jpg,https://github.com/pratikkayal/PlantDoc-Dataset/blob/master/test/grape%20leaf/grape-leaf-picture-id119212425%3Fk=6&m=119212425&s=612x612&w=0&h=8RZBWGcvXe4tAwhhvYZVFzWyRyiN5iTxKfWBpPT1FcU=.jpg,PlantDoc GitHub dataset source; review repository LICENSE.txt before publication,PlantDoc GitHub dataset source; review repository LICENSE.txt before publication,533765ed2041617bd33411f448db7b567665d4439078bfbfa0701a92a9b1425e,"Additional grape leaf OOD failure candidate: unsupported black rot/galls/pest damage, cluttered, partial, or unusual leaf view.",470,612,,plantdoc
grape__leaf,ood,grape_failure_cases,data\internet_image_candidates\20260520_more_aads_ood_oe_readiness\grape__leaf\ood\grape_failure_cases\plantdoc_plantdoc_test_grape_leaf_grapes-leaves.jpg.jpg,data\prepared_runtime_datasets\grape__leaf\ood\grape_failure_cases\internet_20260520_plantdoc_plantdoc_test_grape_leaf_grapes-leaves.jpg.jpg,https://raw.githubusercontent.com/pratikkayal/PlantDoc-Dataset/master/test/grape%20leaf/grapes-leaves.jpg,https://github.com/pratikkayal/PlantDoc-Dataset/blob/master/test/grape%20leaf/grapes-leaves.jpg,PlantDoc GitHub dataset source; review repository LICENSE.txt before publication,PlantDoc GitHub dataset source; review repository LICENSE.txt before publication,4154590f1c69e97f554ebbbbd9b84e0e191d4c706dce1036d9f1fa5630286076,"Additional grape leaf OOD failure candidate: unsupported black rot/galls/pest damage, cluttered, partial, or unusual leaf view.",1024,768,,plantdoc
grape__leaf,ood,grape_failure_cases,data\internet_image_candidates\20260520_more_aads_ood_oe_readiness\grape__leaf\ood\grape_failure_cases\plantdoc_plantdoc_test_grape_leaf_grapevine-leaf-7466071.jpg.jpg,data\prepared_runtime_datasets\grape__leaf\ood\grape_failure_cases\internet_20260520_plantdoc_plantdoc_test_grape_leaf_grapevine-leaf-7466071.jpg.jpg,https://raw.githubusercontent.com/pratikkayal/PlantDoc-Dataset/master/test/grape%20leaf/grapevine-leaf-7466071.jpg,https://github.com/pratikkayal/PlantDoc-Dataset/blob/master/test/grape%20leaf/grapevine-leaf-7466071.jpg,PlantDoc GitHub dataset source; review repository LICENSE.txt before publication,PlantDoc GitHub dataset source; review repository LICENSE.txt before publication,c8c261b0a733913fcc6a120739bf46f52bbe26bfaa5a75582184ef45e3fac6b8,"Additional grape leaf OOD failure candidate: unsupported black rot/galls/pest damage, cluttered, partial, or unusual leaf view.",1219,1300,,plantdoc
grape__leaf,ood,grape_failure_cases,data\internet_image_candidates\20260520_more_aads_ood_oe_readiness\grape__leaf\ood\grape_failure_cases\plantdoc_plantdoc_test_grape_leaf_latest_cb_20100621160325.jpg.jpg,data\prepared_runtime_datasets\grape__leaf\ood\grape_failure_cases\internet_20260520_plantdoc_plantdoc_test_grape_leaf_latest_cb_20100621160325.jpg.jpg,https://raw.githubusercontent.com/pratikkayal/PlantDoc-Dataset/master/test/grape%20leaf/latest%3Fcb%3D20100621160325.jpg,https://github.com/pratikkayal/PlantDoc-Dataset/blob/master/test/grape%20leaf/latest%3Fcb=20100621160325.jpg,PlantDoc GitHub dataset source; review repository LICENSE.txt before publication,PlantDoc GitHub dataset source; review repository LICENSE.txt before publication,7013d4ba8af2ad9de143f47732b28a7315480f359b6f48f225e11a91af6599e5,"Additional grape leaf OOD failure candidate: unsupported black rot/galls/pest damage, cluttered, partial, or unusual leaf view.",530,700,,plantdoc
grape__leaf,ood,grape_failure_cases,data\internet_image_candidates\20260520_more_aads_ood_oe_readiness\grape__leaf\ood\grape_failure_cases\plantdoc_plantdoc_test_grape_leaf_vitis-riparia-le-ahaines-b.jpg.jpg,data\prepared_runtime_datasets\grape__leaf\ood\grape_failure_cases\internet_20260520_plantdoc_plantdoc_test_grape_leaf_vitis-riparia-le-ahaines-b.jpg.jpg,https://raw.githubusercontent.com/pratikkayal/PlantDoc-Dataset/master/test/grape%20leaf/vitis-riparia-le-ahaines-b.jpg,https://github.com/pratikkayal/PlantDoc-Dataset/blob/master/test/grape%20leaf/vitis-riparia-le-ahaines-b.jpg,PlantDoc GitHub dataset source; review repository LICENSE.txt before publication,PlantDoc GitHub dataset source; review repository LICENSE.txt before publication,bee75e5955d643b47cb6ad64d31421c685c282093f726d01ebea0744f2218292,"Additional grape leaf OOD failure candidate: unsupported black rot/galls/pest damage, cluttered, partial, or unusual leaf view.",1000,812,,plantdoc
tomato__leaf,ood,tomato_failure_cases,data\internet_image_candidates\20260520_more_aads_ood_oe_readiness\tomato__leaf\ood\tomato_failure_cases\plantdoc_plantdoc_train_Tomato_leaf_tomato-leaf-6291945.jpg.jpg,data\prepared_runtime_datasets\tomato__leaf\ood\tomato_failure_cases\internet_20260520_plantdoc_plantdoc_train_Tomato_leaf_tomato-leaf-6291945.jpg.jpg,https://raw.githubusercontent.com/pratikkayal/PlantDoc-Dataset/master/train/Tomato%20leaf/tomato-leaf-6291945.jpg,https://github.com/pratikkayal/PlantDoc-Dataset/blob/master/train/Tomato%20leaf/tomato-leaf-6291945.jpg,PlantDoc GitHub dataset source; review repository LICENSE.txt before publication,PlantDoc GitHub dataset source; review repository LICENSE.txt before publication,19a4c21f943ad7cd4748ddc3e5a095e7920188033c65b7312e1d38904ff45284,"Additional tomato leaf OOD failure candidate: unsupported mite/miner/pest damage, cluttered, partial, or non-diagnostic leaf view.",862,1300,,plantdoc
tomato__leaf,ood,tomato_failure_cases,data\internet_image_candidates\20260520_more_aads_ood_oe_readiness\tomato__leaf\ood\tomato_failure_cases\plantdoc_plantdoc_train_Tomato_leaf_tomato-leaf-6424287.jpg.jpg,data\prepared_runtime_datasets\tomato__leaf\ood\tomato_failure_cases\internet_20260520_plantdoc_plantdoc_train_Tomato_leaf_tomato-leaf-6424287.jpg.jpg,https://raw.githubusercontent.com/pratikkayal/PlantDoc-Dataset/master/train/Tomato%20leaf/tomato-leaf-6424287.jpg,https://github.com/pratikkayal/PlantDoc-Dataset/blob/master/train/Tomato%20leaf/tomato-leaf-6424287.jpg,PlantDoc GitHub dataset source; review repository LICENSE.txt before publication,PlantDoc GitHub dataset source; review repository LICENSE.txt before publication,ea9330cbbc2ad244f89a7484e5516abf711425aa2002916ac8222415fa48792b,"Additional tomato leaf OOD failure candidate: unsupported mite/miner/pest damage, cluttered, partial, or non-diagnostic leaf view.",1300,960,,plantdoc
tomato__leaf,ood,tomato_failure_cases,data\internet_image_candidates\20260520_more_aads_ood_oe_readiness\tomato__leaf\ood\tomato_failure_cases\plantdoc_plantdoc_train_Tomato_leaf_tomato-leaf-close-up.jpg.jpg,data\prepared_runtime_datasets\tomato__leaf\ood\tomato_failure_cases\internet_20260520_plantdoc_plantdoc_train_Tomato_leaf_tomato-leaf-close-up.jpg.jpg,https://raw.githubusercontent.com/pratikkayal/PlantDoc-Dataset/master/train/Tomato%20leaf/tomato-leaf-close-up.jpg,https://github.com/pratikkayal/PlantDoc-Dataset/blob/master/train/Tomato%20leaf/tomato-leaf-close-up.jpg,PlantDoc GitHub dataset source; review repository LICENSE.txt before publication,PlantDoc GitHub dataset source; review repository LICENSE.txt before publication,83ba49f39d83eb903b9fdec333503d8f1fee102ba20da4e6c931990517f39a05,"Additional tomato leaf OOD failure candidate: unsupported mite/miner/pest damage, cluttered, partial, or non-diagnostic leaf view.",3264,2448,,plantdoc
tomato__leaf,ood,tomato_failure_cases,data\internet_image_candidates\20260520_more_aads_ood_oe_readiness\tomato__leaf\ood\tomato_failure_cases\plantdoc_plantdoc_train_Tomato_leaf_tomato-leaf-isolated-white-34309524.jpg.jpg,data\prepared_runtime_datasets\tomato__leaf\ood\tomato_failure_cases\internet_20260520_plantdoc_plantdoc_train_Tomato_leaf_tomato-leaf-isolated-white-34309524.jpg.jpg,https://raw.githubusercontent.com/pratikkayal/PlantDoc-Dataset/master/train/Tomato%20leaf/tomato-leaf-isolated-white-34309524.jpg,https://github.com/pratikkayal/PlantDoc-Dataset/blob/master/train/Tomato%20leaf/tomato-leaf-isolated-white-34309524.jpg,PlantDoc GitHub dataset source; review repository LICENSE.txt before publication,PlantDoc GitHub dataset source; review repository LICENSE.txt before publication,b5719cc0600fb92d4884f2d2b38edb05b37006203af26a740ba5b2498b46af0b,"Additional tomato leaf OOD failure candidate: unsupported mite/miner/pest damage, cluttered, partial, or non-diagnostic leaf view.",987,1300,,plantdoc
tomato__leaf,ood,tomato_failure_cases,data\internet_image_candidates\20260520_more_aads_ood_oe_readiness\tomato__leaf\ood\tomato_failure_cases\plantdoc_plantdoc_train_Tomato_leaf_tomato-leaf.jpg.jpg,data\prepared_runtime_datasets\tomato__leaf\ood\tomato_failure_cases\internet_20260520_plantdoc_plantdoc_train_Tomato_leaf_tomato-leaf.jpg.jpg,https://raw.githubusercontent.com/pratikkayal/PlantDoc-Dataset/master/train/Tomato%20leaf/tomato-leaf.jpg,https://github.com/pratikkayal/PlantDoc-Dataset/blob/master/train/Tomato%20leaf/tomato-leaf.jpg,PlantDoc GitHub dataset source; review repository LICENSE.txt before publication,PlantDoc GitHub dataset source; review repository LICENSE.txt before publication,2395bf9a596792fab2c36473e68a899531bcaee99af03ffd5664db8b083338ba,"Additional tomato leaf OOD failure candidate: unsupported mite/miner/pest damage, cluttered, partial, or non-diagnostic leaf view.",1200,900,,plantdoc
tomato__leaf,ood,tomato_failure_cases,data\internet_image_candidates\20260520_more_aads_ood_oe_readiness\tomato__leaf\ood\tomato_failure_cases\plantdoc_plantdoc_train_Tomato_leaf_tomato-leaves-17427786.jpg.jpg,data\prepared_runtime_datasets\tomato__leaf\ood\tomato_failure_cases\internet_20260520_plantdoc_plantdoc_train_Tomato_leaf_tomato-leaves-17427786.jpg.jpg,https://raw.githubusercontent.com/pratikkayal/PlantDoc-Dataset/master/train/Tomato%20leaf/tomato-leaves-17427786.jpg,https://github.com/pratikkayal/PlantDoc-Dataset/blob/master/train/Tomato%20leaf/tomato-leaves-17427786.jpg,PlantDoc GitHub dataset source; review repository LICENSE.txt before publication,PlantDoc GitHub dataset source; review repository LICENSE.txt before publication,d32b8374e798fb701fb46a06b2744062d853b9b5077884811ac208123c18e14f,"Additional tomato leaf OOD failure candidate: unsupported mite/miner/pest damage, cluttered, partial, or non-diagnostic leaf view.",1300,1175,,plantdoc
tomato__leaf,ood,tomato_failure_cases,data\internet_image_candidates\20260520_more_aads_ood_oe_readiness\tomato__leaf\ood\tomato_failure_cases\plantdoc_plantdoc_train_Tomato_leaf_tomato-leaves-9025906.jpg.jpg,data\prepared_runtime_datasets\tomato__leaf\ood\tomato_failure_cases\internet_20260520_plantdoc_plantdoc_train_Tomato_leaf_tomato-leaves-9025906.jpg.jpg,https://raw.githubusercontent.com/pratikkayal/PlantDoc-Dataset/master/train/Tomato%20leaf/tomato-leaves-9025906.jpg,https://github.com/pratikkayal/PlantDoc-Dataset/blob/master/train/Tomato%20leaf/tomato-leaves-9025906.jpg,PlantDoc GitHub dataset source; review repository LICENSE.txt before publication,PlantDoc GitHub dataset source; review repository LICENSE.txt before publication,dcdedb1003e4f57fbf236ee2009af392bb08ef2fe049db1c83d307a49e9f6251,"Additional tomato leaf OOD failure candidate: unsupported mite/miner/pest damage, cluttered, partial, or non-diagnostic leaf view.",1300,957,,plantdoc
tomato__leaf,ood,tomato_failure_cases,data\internet_image_candidates\20260520_more_aads_ood_oe_readiness\tomato__leaf\ood\tomato_failure_cases\plantdoc_plantdoc_train_Tomato_leaf_tomato-leaves.jpg.jpg,data\prepared_runtime_datasets\tomato__leaf\ood\tomato_failure_cases\internet_20260520_plantdoc_plantdoc_train_Tomato_leaf_tomato-leaves.jpg.jpg,https://raw.githubusercontent.com/pratikkayal/PlantDoc-Dataset/master/train/Tomato%20leaf/tomato-leaves.jpg,https://github.com/pratikkayal/PlantDoc-Dataset/blob/master/train/Tomato%20leaf/tomato-leaves.jpg,PlantDoc GitHub dataset source; review repository LICENSE.txt before publication,PlantDoc GitHub dataset source; review repository LICENSE.txt before publication,d18871798c866d452749fc1b54a53eff916e997ccd663622f17077fc375d480b,"Additional tomato leaf OOD failure candidate: unsupported mite/miner/pest damage, cluttered, partial, or non-diagnostic leaf view.",3872,2592,,plantdoc
tomato__leaf,ood,tomato_failure_cases,data\internet_image_candidates\20260520_more_aads_ood_oe_readiness\tomato__leaf\ood\tomato_failure_cases\plantdoc_plantdoc_test_Tomato_leaf_1684.jpg.jpg,data\prepared_runtime_datasets\tomato__leaf\ood\tomato_failure_cases\internet_20260520_plantdoc_plantdoc_test_Tomato_leaf_1684.jpg.jpg,https://raw.githubusercontent.com/pratikkayal/PlantDoc-Dataset/master/test/Tomato%20leaf/1684.jpg,https://github.com/pratikkayal/PlantDoc-Dataset/blob/master/test/Tomato%20leaf/1684.jpg,PlantDoc GitHub dataset source; review repository LICENSE.txt before publication,PlantDoc GitHub dataset source; review repository LICENSE.txt before publication,bc0ec6abdabe070a8e98749360809fc8cca196e21661f93a038d75b45e13b18d,"Additional tomato leaf OOD failure candidate: unsupported mite/miner/pest damage, cluttered, partial, or non-diagnostic leaf view.",563,631,,plantdoc
tomato__leaf,ood,tomato_failure_cases,data\internet_image_candidates\20260520_more_aads_ood_oe_readiness\tomato__leaf\ood\tomato_failure_cases\plantdoc_plantdoc_test_Tomato_leaf_2013-08-20-06.jpg.jpg,data\prepared_runtime_datasets\tomato__leaf\ood\tomato_failure_cases\internet_20260520_plantdoc_plantdoc_test_Tomato_leaf_2013-08-20-06.jpg.jpg,https://raw.githubusercontent.com/pratikkayal/PlantDoc-Dataset/master/test/Tomato%20leaf/2013-08-20-06.jpg,https://github.com/pratikkayal/PlantDoc-Dataset/blob/master/test/Tomato%20leaf/2013-08-20-06.jpg,PlantDoc GitHub dataset source; review repository LICENSE.txt before publication,PlantDoc GitHub dataset source; review repository LICENSE.txt before publication,f462b769606f79703c44a2c595f57269924bb41ea335b94cbff099bc5c2525a2,"Additional tomato leaf OOD failure candidate: unsupported mite/miner/pest damage, cluttered, partial, or non-diagnostic leaf view.",1600,1200,,plantdoc
tomato__leaf,ood,tomato_failure_cases,data\internet_image_candidates\20260520_more_aads_ood_oe_readiness\tomato__leaf\ood\tomato_failure_cases\plantdoc_plantdoc_test_Tomato_leaf_90e2c0.jpg.jpg,data\prepared_runtime_datasets\tomato__leaf\ood\tomato_failure_cases\internet_20260520_plantdoc_plantdoc_test_Tomato_leaf_90e2c0.jpg.jpg,https://raw.githubusercontent.com/pratikkayal/PlantDoc-Dataset/master/test/Tomato%20leaf/90e2c0.jpg,https://github.com/pratikkayal/PlantDoc-Dataset/blob/master/test/Tomato%20leaf/90e2c0.jpg,PlantDoc GitHub dataset source; review repository LICENSE.txt before publication,PlantDoc GitHub dataset source; review repository LICENSE.txt before publication,e990d6c955434857b52b7904fdcc48893ff0b0cebcbc839db143bc301ec7b191,"Additional tomato leaf OOD failure candidate: unsupported mite/miner/pest damage, cluttered, partial, or non-diagnostic leaf view.",1000,1333,,plantdoc
tomato__leaf,ood,tomato_failure_cases,data\internet_image_candidates\20260520_more_aads_ood_oe_readiness\tomato__leaf\ood\tomato_failure_cases\plantdoc_plantdoc_test_Tomato_leaf_DSCN1015.JPG.jpg.jpg,data\prepared_runtime_datasets\tomato__leaf\ood\tomato_failure_cases\internet_20260520_plantdoc_plantdoc_test_Tomato_leaf_DSCN1015.JPG.jpg.jpg,https://raw.githubusercontent.com/pratikkayal/PlantDoc-Dataset/master/test/Tomato%20leaf/DSCN1015.JPG.jpg,https://github.com/pratikkayal/PlantDoc-Dataset/blob/master/test/Tomato%20leaf/DSCN1015.JPG.jpg,PlantDoc GitHub dataset source; review repository LICENSE.txt before publication,PlantDoc GitHub dataset source; review repository LICENSE.txt before publication,66e581feb1714e0cfd3e2afdc8f90dcf0394b897886233aa515b7dea1390da1a,"Additional tomato leaf OOD failure candidate: unsupported mite/miner/pest damage, cluttered, partial, or non-diagnostic leaf view.",1600,1200,,plantdoc
tomato__leaf,ood,tomato_failure_cases,data\internet_image_candidates\20260520_more_aads_ood_oe_readiness\tomato__leaf\ood\tomato_failure_cases\plantdoc_plantdoc_test_Tomato_leaf_IMG_1246.jpg.jpg,data\prepared_runtime_datasets\tomato__leaf\ood\tomato_failure_cases\internet_20260520_plantdoc_plantdoc_test_Tomato_leaf_IMG_1246.jpg.jpg,https://raw.githubusercontent.com/pratikkayal/PlantDoc-Dataset/master/test/Tomato%20leaf/IMG_1246.jpg,https://github.com/pratikkayal/PlantDoc-Dataset/blob/master/test/Tomato%20leaf/IMG_1246.jpg,PlantDoc GitHub dataset source; review repository LICENSE.txt before publication,PlantDoc GitHub dataset source; review repository LICENSE.txt before publication,d119deb0673b049551857318a686c6ecab5c2aa2607fc349ac25424d4ce636c2,"Additional tomato leaf OOD failure candidate: unsupported mite/miner/pest damage, cluttered, partial, or non-diagnostic leaf view.",1600,1200,,plantdoc
tomato__leaf,ood,tomato_failure_cases,data\internet_image_candidates\20260520_more_aads_ood_oe_readiness\tomato__leaf\ood\tomato_failure_cases\plantdoc_plantdoc_test_Tomato_leaf_Tomato59.JPG.jpg.jpg,data\prepared_runtime_datasets\tomato__leaf\ood\tomato_failure_cases\internet_20260520_plantdoc_plantdoc_test_Tomato_leaf_Tomato59.JPG.jpg.jpg,https://raw.githubusercontent.com/pratikkayal/PlantDoc-Dataset/master/test/Tomato%20leaf/Tomato59.JPG.jpg,https://github.com/pratikkayal/PlantDoc-Dataset/blob/master/test/Tomato%20leaf/Tomato59.JPG.jpg,PlantDoc GitHub dataset source; review repository LICENSE.txt before publication,PlantDoc GitHub dataset source; review repository LICENSE.txt before publication,36d4cf67739d3d7b079eed20331535674781886f75abbf7f010999a45b00980f,"Additional tomato leaf OOD failure candidate: unsupported mite/miner/pest damage, cluttered, partial, or non-diagnostic leaf view.",1600,1205,,plantdoc
tomato__leaf,ood,tomato_failure_cases,data\internet_image_candidates\20260520_more_aads_ood_oe_readiness\tomato__leaf\ood\tomato_failure_cases\plantdoc_plantdoc_test_Tomato_leaf_Tomato_leaf.jpg.jpg,data\prepared_runtime_datasets\tomato__leaf\ood\tomato_failure_cases\internet_20260520_plantdoc_plantdoc_test_Tomato_leaf_Tomato_leaf.jpg.jpg,https://raw.githubusercontent.com/pratikkayal/PlantDoc-Dataset/master/test/Tomato%20leaf/Tomato_leaf.jpg,https://github.com/pratikkayal/PlantDoc-Dataset/blob/master/test/Tomato%20leaf/Tomato_leaf.jpg,PlantDoc GitHub dataset source; review repository LICENSE.txt before publication,PlantDoc GitHub dataset source; review repository LICENSE.txt before publication,9cffe92d5f898fa2bb96e78f63ef46059b710a0f2d97054f1e534a5619778b13,"Additional tomato leaf OOD failure candidate: unsupported mite/miner/pest damage, cluttered, partial, or non-diagnostic leaf view.",2144,2143,,plantdoc
tomato__leaf,ood,tomato_failure_cases,data\internet_image_candidates\20260520_more_aads_ood_oe_readiness\tomato__leaf\ood\tomato_failure_cases\plantdoc_plantdoc_test_Tomato_leaf_main-qimg-d9c2a93f60568485c989670d9bbf703b.jpg.jpg,data\prepared_runtime_datasets\tomato__leaf\ood\tomato_failure_cases\internet_20260520_plantdoc_plantdoc_test_Tomato_leaf_main-qimg-d9c2a93f60568485c989670d9bbf703b.jpg.jpg,https://raw.githubusercontent.com/pratikkayal/PlantDoc-Dataset/master/test/Tomato%20leaf/main-qimg-d9c2a93f60568485c989670d9bbf703b.jpg,https://github.com/pratikkayal/PlantDoc-Dataset/blob/master/test/Tomato%20leaf/main-qimg-d9c2a93f60568485c989670d9bbf703b.jpg,PlantDoc GitHub dataset source; review repository LICENSE.txt before publication,PlantDoc GitHub dataset source; review repository LICENSE.txt before publication,66d8d18b9bf9c8d83efd3a0cf09c53fbbd575795a518b57a66bc338c11c07069,"Additional tomato leaf OOD failure candidate: unsupported mite/miner/pest damage, cluttered, partial, or non-diagnostic leaf view.",602,462,,plantdoc
strawberry__leaf,ood,other_crop_disease,data\internet_image_candidates\20260520_more_aads_ood_oe_readiness\strawberry__leaf\ood\other_crop_disease\plantdoc_plantdoc_train_Potato_leaf_early_blight_00009.jpg.jpg,data\prepared_runtime_datasets\strawberry__leaf\ood\other_crop_disease\internet_20260520_plantdoc_plantdoc_train_Potato_leaf_early_blight_00009.jpg.jpg,https://raw.githubusercontent.com/pratikkayal/PlantDoc-Dataset/master/train/Potato%20leaf%20early%20blight/00009.jpg,https://github.com/pratikkayal/PlantDoc-Dataset/blob/master/train/Potato%20leaf%20early%20blight/00009.jpg,PlantDoc GitHub dataset source; review repository LICENSE.txt before publication,PlantDoc GitHub dataset source; review repository LICENSE.txt before publication,277201bacd26529175733458740c1181de800c7199dbb250a61bd361a34d078c,Additional strawberry leaf OOD other_crop_disease candidate: diseased non-strawberry crop leaf.,479,640,,plantdoc
strawberry__leaf,ood,other_crop_disease,data\internet_image_candidates\20260520_more_aads_ood_oe_readiness\strawberry__leaf\ood\other_crop_disease\plantdoc_plantdoc_train_Potato_leaf_early_blight_0042241.jpg.jpg,data\prepared_runtime_datasets\strawberry__leaf\ood\other_crop_disease\internet_20260520_plantdoc_plantdoc_train_Potato_leaf_early_blight_0042241.jpg.jpg,https://raw.githubusercontent.com/pratikkayal/PlantDoc-Dataset/master/train/Potato%20leaf%20early%20blight/0042241.jpg,https://github.com/pratikkayal/PlantDoc-Dataset/blob/master/train/Potato%20leaf%20early%20blight/0042241.jpg,PlantDoc GitHub dataset source; review repository LICENSE.txt before publication,PlantDoc GitHub dataset source; review repository LICENSE.txt before publication,f1b93ce7dede615c0a3e9638e86650a56c5b593d82a3d230b715b056d356ab5d,Additional strawberry leaf OOD other_crop_disease candidate: diseased non-strawberry crop leaf.,533,800,,plantdoc
strawberry__leaf,ood,other_crop_disease,data\internet_image_candidates\20260520_more_aads_ood_oe_readiness\strawberry__leaf\ood\other_crop_disease\plantdoc_plantdoc_train_Potato_leaf_early_blight_0061.jpg.jpg,data\prepared_runtime_datasets\strawberry__leaf\ood\other_crop_disease\internet_20260520_plantdoc_plantdoc_train_Potato_leaf_early_blight_0061.jpg.jpg,https://raw.githubusercontent.com/pratikkayal/PlantDoc-Dataset/master/train/Potato%20leaf%20early%20blight/0061.jpg,https://github.com/pratikkayal/PlantDoc-Dataset/blob/master/train/Potato%20leaf%20early%20blight/0061.jpg,PlantDoc GitHub dataset source; review repository LICENSE.txt before publication,PlantDoc GitHub dataset source; review repository LICENSE.txt before publication,dabdd2b332d328f67178173e5b0106bbbb0410bdd4f2111708050e4b52c8ecf1,Additional strawberry leaf OOD other_crop_disease candidate: diseased non-strawberry crop leaf.,448,336,,plantdoc
strawberry__leaf,ood,other_crop_disease,data\internet_image_candidates\20260520_more_aads_ood_oe_readiness\strawberry__leaf\ood\other_crop_disease\plantdoc_plantdoc_train_Potato_leaf_early_blight_1024_x_576_-_alternaria_early_infection_symptoms_spreading.j.jpg,data\prepared_runtime_datasets\strawberry__leaf\ood\other_crop_disease\internet_20260520_plantdoc_plantdoc_train_Potato_leaf_early_blight_1024_x_576_-_alternaria_early_infection_symptoms_spreading.j.jpg,https://raw.githubusercontent.com/pratikkayal/PlantDoc-Dataset/master/train/Potato%20leaf%20early%20blight/1024_x_576_-_alternaria_early_infection_symptoms_spreading.jpg,https://github.com/pratikkayal/PlantDoc-Dataset/blob/master/train/Potato%20leaf%20early%20blight/1024_x_576_-_alternaria_early_infection_symptoms_spreading.jpg,PlantDoc GitHub dataset source; review repository LICENSE.txt before publication,PlantDoc GitHub dataset source; review repository LICENSE.txt before publication,3eda2dadcc702184ce3f15001aafc996e6b1bb214da671fa373459a1c9489c66,Additional strawberry leaf OOD other_crop_disease candidate: diseased non-strawberry crop leaf.,1024,576,,plantdoc
strawberry__leaf,ood,other_crop_disease,data\internet_image_candidates\20260520_more_aads_ood_oe_readiness\strawberry__leaf\ood\other_crop_disease\plantdoc_plantdoc_train_Potato_leaf_early_blight_1200px-Late_blight_on_potato_leaf_2.jpg.jpg,data\prepared_runtime_datasets\strawberry__leaf\ood\other_crop_disease\internet_20260520_plantdoc_plantdoc_train_Potato_leaf_early_blight_1200px-Late_blight_on_potato_leaf_2.jpg.jpg,https://raw.githubusercontent.com/pratikkayal/PlantDoc-Dataset/master/train/Potato%20leaf%20early%20blight/1200px-Late_blight_on_potato_leaf_2.jpg,https://github.com/pratikkayal/PlantDoc-Dataset/blob/master/train/Potato%20leaf%20early%20blight/1200px-Late_blight_on_potato_leaf_2.jpg,PlantDoc GitHub dataset source; review repository LICENSE.txt before publication,PlantDoc GitHub dataset source; review repository LICENSE.txt before publication,e1df8209b89fd2c1bedbe907188aaca7f165fb7d7b873e3dcaba1cd4e089ae53,Additional strawberry leaf OOD other_crop_disease candidate: diseased non-strawberry crop leaf.,1200,753,,plantdoc
strawberry__leaf,ood,other_crop_disease,data\internet_image_candidates\20260520_more_aads_ood_oe_readiness\strawberry__leaf\ood\other_crop_disease\plantdoc_plantdoc_train_Potato_leaf_early_blight_1421_0.jpeg_itok_FMtmgePj.jpg.jpg,data\prepared_runtime_datasets\strawberry__leaf\ood\other_crop_disease\internet_20260520_plantdoc_plantdoc_train_Potato_leaf_early_blight_1421_0.jpeg_itok_FMtmgePj.jpg.jpg,https://raw.githubusercontent.com/pratikkayal/PlantDoc-Dataset/master/train/Potato%20leaf%20early%20blight/1421_0.jpeg%3Fitok%3DFMtmgePj.jpg,https://github.com/pratikkayal/PlantDoc-Dataset/blob/master/train/Potato%20leaf%20early%20blight/1421_0.jpeg%3Fitok=FMtmgePj.jpg,PlantDoc GitHub dataset source; review repository LICENSE.txt before publication,PlantDoc GitHub dataset source; review repository LICENSE.txt before publication,c53ad8d40c38debfbc0b79a87d0f3649c20b933a65f5b78a6931f59d06aad498,Additional strawberry leaf OOD other_crop_disease candidate: diseased non-strawberry crop leaf.,640,480,,plantdoc
strawberry__leaf,ood,other_crop_disease,data\internet_image_candidates\20260520_more_aads_ood_oe_readiness\strawberry__leaf\ood\other_crop_disease\plantdoc_plantdoc_train_Potato_leaf_early_blight_14321627273_58d893c3e2_potato-plant.jpg.jpg,data\prepared_runtime_datasets\strawberry__leaf\ood\other_crop_disease\internet_20260520_plantdoc_plantdoc_train_Potato_leaf_early_blight_14321627273_58d893c3e2_potato-plant.jpg.jpg,https://raw.githubusercontent.com/pratikkayal/PlantDoc-Dataset/master/train/Potato%20leaf%20early%20blight/14321627273_58d893c3e2_potato-plant.jpg,https://github.com/pratikkayal/PlantDoc-Dataset/blob/master/train/Potato%20leaf%20early%20blight/14321627273_58d893c3e2_potato-plant.jpg,PlantDoc GitHub dataset source; review repository LICENSE.txt before publication,PlantDoc GitHub dataset source; review repository LICENSE.txt before publication,9ed101561e6c03eff8eb46223dd423da83a9ccd74050e1dbf867374924b9d84b,Additional strawberry leaf OOD other_crop_disease candidate: diseased non-strawberry crop leaf.,500,333,,plantdoc
strawberry__leaf,ood,other_crop_disease,data\internet_image_candidates\20260520_more_aads_ood_oe_readiness\strawberry__leaf\ood\other_crop_disease\plantdoc_plantdoc_train_Potato_leaf_early_blight_1573852-Early-Blight-e1515624612559.jpg.jpg,data\prepared_runtime_datasets\strawberry__leaf\ood\other_crop_disease\internet_20260520_plantdoc_plantdoc_train_Potato_leaf_early_blight_1573852-Early-Blight-e1515624612559.jpg.jpg,https://raw.githubusercontent.com/pratikkayal/PlantDoc-Dataset/master/train/Potato%20leaf%20early%20blight/1573852-Early-Blight-e1515624612559.jpg,https://github.com/pratikkayal/PlantDoc-Dataset/blob/master/train/Potato%20leaf%20early%20blight/1573852-Early-Blight-e1515624612559.jpg,PlantDoc GitHub dataset source; review repository LICENSE.txt before publication,PlantDoc GitHub dataset source; review repository LICENSE.txt before publication,4caf285642d0f1b45811a41fd595c145403373720bb9c05980e8a541ea9952f0,Additional strawberry leaf OOD other_crop_disease candidate: diseased non-strawberry crop leaf.,665,450,,plantdoc
strawberry__leaf,ood,other_crop_disease,data\internet_image_candidates\20260520_more_aads_ood_oe_readiness\strawberry__leaf\ood\other_crop_disease\plantdoc_plantdoc_train_Potato_leaf_early_blight_15hrt15a1f1.jpg.jpg,data\prepared_runtime_datasets\strawberry__leaf\ood\other_crop_disease\internet_20260520_plantdoc_plantdoc_train_Potato_leaf_early_blight_15hrt15a1f1.jpg.jpg,https://raw.githubusercontent.com/pratikkayal/PlantDoc-Dataset/master/train/Potato%20leaf%20early%20blight/15hrt15a1f1.jpg,https://github.com/pratikkayal/PlantDoc-Dataset/blob/master/train/Potato%20leaf%20early%20blight/15hrt15a1f1.jpg,PlantDoc GitHub dataset source; review repository LICENSE.txt before publication,PlantDoc GitHub dataset source; review repository LICENSE.txt before publication,e8b5d2f224ccdbba1094528560f9d0afbc9f58540b8a6b2c5230f6a824ac4cff,Additional strawberry leaf OOD other_crop_disease candidate: diseased non-strawberry crop leaf.,600,472,,plantdoc
strawberry__leaf,ood,other_crop_disease,data\internet_image_candidates\20260520_more_aads_ood_oe_readiness\strawberry__leaf\ood\other_crop_disease\plantdoc_plantdoc_train_Potato_leaf_early_blight_18028_1.jpg.jpg,data\prepared_runtime_datasets\strawberry__leaf\ood\other_crop_disease\internet_20260520_plantdoc_plantdoc_train_Potato_leaf_early_blight_18028_1.jpg.jpg,https://raw.githubusercontent.com/pratikkayal/PlantDoc-Dataset/master/train/Potato%20leaf%20early%20blight/18028_1.jpg,https://github.com/pratikkayal/PlantDoc-Dataset/blob/master/train/Potato%20leaf%20early%20blight/18028_1.jpg,PlantDoc GitHub dataset source; review repository LICENSE.txt before publication,PlantDoc GitHub dataset source; review repository LICENSE.txt before publication,e5f14a70fc7a687a5846749d5499872c7c3320e81aea1358e481f7100b7ba242,Additional strawberry leaf OOD other_crop_disease candidate: diseased non-strawberry crop leaf.,832,624,,plantdoc
strawberry__leaf,ood,other_crop_disease,data\internet_image_candidates\20260520_more_aads_ood_oe_readiness\strawberry__leaf\ood\other_crop_disease\plantdoc_plantdoc_train_Potato_leaf_early_blight_20100816earlyblight.jpg.jpg,data\prepared_runtime_datasets\strawberry__leaf\ood\other_crop_disease\internet_20260520_plantdoc_plantdoc_train_Potato_leaf_early_blight_20100816earlyblight.jpg.jpg,https://raw.githubusercontent.com/pratikkayal/PlantDoc-Dataset/master/train/Potato%20leaf%20early%20blight/20100816earlyblight.jpg,https://github.com/pratikkayal/PlantDoc-Dataset/blob/master/train/Potato%20leaf%20early%20blight/20100816earlyblight.jpg,PlantDoc GitHub dataset source; review repository LICENSE.txt before publication,PlantDoc GitHub dataset source; review repository LICENSE.txt before publication,187bd18367544702713d98b7ace2818588726651373f37ad88b99f4f174d38cb,Additional strawberry leaf OOD other_crop_disease candidate: diseased non-strawberry crop leaf.,300,400,,plantdoc
strawberry__leaf,ood,other_crop_disease,data\internet_image_candidates\20260520_more_aads_ood_oe_readiness\strawberry__leaf\ood\other_crop_disease\plantdoc_plantdoc_train_Potato_leaf_early_blight_27013702151_95bd415ba9_o.jpg.jpg,data\prepared_runtime_datasets\strawberry__leaf\ood\other_crop_disease\internet_20260520_plantdoc_plantdoc_train_Potato_leaf_early_blight_27013702151_95bd415ba9_o.jpg.jpg,https://raw.githubusercontent.com/pratikkayal/PlantDoc-Dataset/master/train/Potato%20leaf%20early%20blight/27013702151_95bd415ba9_o.jpg,https://github.com/pratikkayal/PlantDoc-Dataset/blob/master/train/Potato%20leaf%20early%20blight/27013702151_95bd415ba9_o.jpg,PlantDoc GitHub dataset source; review repository LICENSE.txt before publication,PlantDoc GitHub dataset source; review repository LICENSE.txt before publication,4f1a8dec3cf61808c258c33437e394949db2a7eb7e5c556fa789c5132231bf01,Additional strawberry leaf OOD other_crop_disease candidate: diseased non-strawberry crop leaf.,800,500,,plantdoc
strawberry__leaf,ood,other_crop_disease,data\internet_image_candidates\20260520_more_aads_ood_oe_readiness\strawberry__leaf\ood\other_crop_disease\plantdoc_plantdoc_train_Potato_leaf_early_blight_2D1A9552.jpg.jpg,data\prepared_runtime_datasets\strawberry__leaf\ood\other_crop_disease\internet_20260520_plantdoc_plantdoc_train_Potato_leaf_early_blight_2D1A9552.jpg.jpg,https://raw.githubusercontent.com/pratikkayal/PlantDoc-Dataset/master/train/Potato%20leaf%20early%20blight/2D1A9552.jpg,https://github.com/pratikkayal/PlantDoc-Dataset/blob/master/train/Potato%20leaf%20early%20blight/2D1A9552.jpg,PlantDoc GitHub dataset source; review repository LICENSE.txt before publication,PlantDoc GitHub dataset source; review repository LICENSE.txt before publication,3f6885cc3a00a1f79836a833d04f7b8c3de0de67eab2aa076e73a001955192e1,Additional strawberry leaf OOD other_crop_disease candidate: diseased non-strawberry crop leaf.,500,336,,plantdoc
strawberry__leaf,ood,other_crop_disease,data\internet_image_candidates\20260520_more_aads_ood_oe_readiness\strawberry__leaf\ood\other_crop_disease\plantdoc_plantdoc_train_Potato_leaf_early_blight_2OBH_29_Gardening_early_blight.jpg.jpg,data\prepared_runtime_datasets\strawberry__leaf\ood\other_crop_disease\internet_20260520_plantdoc_plantdoc_train_Potato_leaf_early_blight_2OBH_29_Gardening_early_blight.jpg.jpg,https://raw.githubusercontent.com/pratikkayal/PlantDoc-Dataset/master/train/Potato%20leaf%20early%20blight/2OBH_29_Gardening_early_blight.jpg,https://github.com/pratikkayal/PlantDoc-Dataset/blob/master/train/Potato%20leaf%20early%20blight/2OBH_29_Gardening_early_blight.jpg,PlantDoc GitHub dataset source; review repository LICENSE.txt before publication,PlantDoc GitHub dataset source; review repository LICENSE.txt before publication,f748f35d0801ab88be6644598876bfc173fe281b0f01e2d12439eb53f9bde818,Additional strawberry leaf OOD other_crop_disease candidate: diseased non-strawberry crop leaf.,300,225,,plantdoc
strawberry__leaf,ood,other_crop_disease,data\internet_image_candidates\20260520_more_aads_ood_oe_readiness\strawberry__leaf\ood\other_crop_disease\plantdoc_plantdoc_train_Potato_leaf_early_blight_36-early-blight-concentric-rings.jpg.jpg,data\prepared_runtime_datasets\strawberry__leaf\ood\other_crop_disease\internet_20260520_plantdoc_plantdoc_train_Potato_leaf_early_blight_36-early-blight-concentric-rings.jpg.jpg,https://raw.githubusercontent.com/pratikkayal/PlantDoc-Dataset/master/train/Potato%20leaf%20early%20blight/36-early-blight-concentric-rings.jpg,https://github.com/pratikkayal/PlantDoc-Dataset/blob/master/train/Potato%20leaf%20early%20blight/36-early-blight-concentric-rings.jpg,PlantDoc GitHub dataset source; review repository LICENSE.txt before publication,PlantDoc GitHub dataset source; review repository LICENSE.txt before publication,3491d3cbff6a350106d4d1bc21766378d5d64825246cb1b416d69795d001042d,Additional strawberry leaf OOD other_crop_disease candidate: diseased non-strawberry crop leaf.,675,1013,,plantdoc
strawberry__leaf,ood,other_crop_disease,data\internet_image_candidates\20260520_more_aads_ood_oe_readiness\strawberry__leaf\ood\other_crop_disease\plantdoc_plantdoc_train_Potato_leaf_early_blight_3785483636_d888419c98_o.jpg.jpg,data\prepared_runtime_datasets\strawberry__leaf\ood\other_crop_disease\internet_20260520_plantdoc_plantdoc_train_Potato_leaf_early_blight_3785483636_d888419c98_o.jpg.jpg,https://raw.githubusercontent.com/pratikkayal/PlantDoc-Dataset/master/train/Potato%20leaf%20early%20blight/3785483636_d888419c98_o.jpg,https://github.com/pratikkayal/PlantDoc-Dataset/blob/master/train/Potato%20leaf%20early%20blight/3785483636_d888419c98_o.jpg,PlantDoc GitHub dataset source; review repository LICENSE.txt before publication,PlantDoc GitHub dataset source; review repository LICENSE.txt before publication,e2e59ad81dc4691fbe579e65b0ecafeed2f1d9a537383c8eee701dfb2ad53451,Additional strawberry leaf OOD other_crop_disease candidate: diseased non-strawberry crop leaf.,800,500,,plantdoc
strawberry__leaf,ood,other_crop_disease,data\internet_image_candidates\20260520_more_aads_ood_oe_readiness\strawberry__leaf\ood\other_crop_disease\plantdoc_plantdoc_train_Potato_leaf_early_blight_45035_1.jpg.jpg,data\prepared_runtime_datasets\strawberry__leaf\ood\other_crop_disease\internet_20260520_plantdoc_plantdoc_train_Potato_leaf_early_blight_45035_1.jpg.jpg,https://raw.githubusercontent.com/pratikkayal/PlantDoc-Dataset/master/train/Potato%20leaf%20early%20blight/45035_1.jpg,https://github.com/pratikkayal/PlantDoc-Dataset/blob/master/train/Potato%20leaf%20early%20blight/45035_1.jpg,PlantDoc GitHub dataset source; review repository LICENSE.txt before publication,PlantDoc GitHub dataset source; review repository LICENSE.txt before publication,adaee93874d17252870b7d4a49e8941af36309a0d1889afabd67aaf80fc0a261,Additional strawberry leaf OOD other_crop_disease candidate: diseased non-strawberry crop leaf.,1200,750,,plantdoc
strawberry__leaf,ood,other_crop_disease,data\internet_image_candidates\20260520_more_aads_ood_oe_readiness\strawberry__leaf\ood\other_crop_disease\plantdoc_plantdoc_train_Potato_leaf_early_blight_500px-Tomato_Early_Blight_Leaf.jpg.jpg,data\prepared_runtime_datasets\strawberry__leaf\ood\other_crop_disease\internet_20260520_plantdoc_plantdoc_train_Potato_leaf_early_blight_500px-Tomato_Early_Blight_Leaf.jpg.jpg,https://raw.githubusercontent.com/pratikkayal/PlantDoc-Dataset/master/train/Potato%20leaf%20early%20blight/500px-Tomato_Early_Blight_Leaf.jpg,https://github.com/pratikkayal/PlantDoc-Dataset/blob/master/train/Potato%20leaf%20early%20blight/500px-Tomato_Early_Blight_Leaf.jpg,PlantDoc GitHub dataset source; review repository LICENSE.txt before publication,PlantDoc GitHub dataset source; review repository LICENSE.txt before publication,ba58718f18314d0f17b0185a95f05643cf807a20067a95c24b208c7ee23a6464,Additional strawberry leaf OOD other_crop_disease candidate: diseased non-strawberry crop leaf.,500,333,,plantdoc
strawberry__leaf,ood,other_crop_disease,data\internet_image_candidates\20260520_more_aads_ood_oe_readiness\strawberry__leaf\ood\other_crop_disease\plantdoc_plantdoc_train_Potato_leaf_early_blight_5688742112_147f33b89d_Phytophthora-Infestans.jpg.jpg,data\prepared_runtime_datasets\strawberry__leaf\ood\other_crop_disease\internet_20260520_plantdoc_plantdoc_train_Potato_leaf_early_blight_5688742112_147f33b89d_Phytophthora-Infestans.jpg.jpg,https://raw.githubusercontent.com/pratikkayal/PlantDoc-Dataset/master/train/Potato%20leaf%20early%20blight/5688742112_147f33b89d_Phytophthora-Infestans.jpg,https://github.com/pratikkayal/PlantDoc-Dataset/blob/master/train/Potato%20leaf%20early%20blight/5688742112_147f33b89d_Phytophthora-Infestans.jpg,PlantDoc GitHub dataset source; review repository LICENSE.txt before publication,PlantDoc GitHub dataset source; review repository LICENSE.txt before publication,86d499067dd5d2e237424658ee36b238a09eb082088142a4e610e6979b468048,Additional strawberry leaf OOD other_crop_disease candidate: diseased non-strawberry crop leaf.,500,335,,plantdoc
strawberry__leaf,ood,other_crop_disease,data\internet_image_candidates\20260520_more_aads_ood_oe_readiness\strawberry__leaf\ood\other_crop_disease\plantdoc_plantdoc_train_Potato_leaf_early_blight_5816740026_d42ef24413_Phytophthora-Infestans.jpg.jpg,data\prepared_runtime_datasets\strawberry__leaf\ood\other_crop_disease\internet_20260520_plantdoc_plantdoc_train_Potato_leaf_early_blight_5816740026_d42ef24413_Phytophthora-Infestans.jpg.jpg,https://raw.githubusercontent.com/pratikkayal/PlantDoc-Dataset/master/train/Potato%20leaf%20early%20blight/5816740026_d42ef24413_Phytophthora-Infestans.jpg,https://github.com/pratikkayal/PlantDoc-Dataset/blob/master/train/Potato%20leaf%20early%20blight/5816740026_d42ef24413_Phytophthora-Infestans.jpg,PlantDoc GitHub dataset source; review repository LICENSE.txt before publication,PlantDoc GitHub dataset source; review repository LICENSE.txt before publication,a981ee59e5e1dcafd0d225f74369a05969200352c17743318c31987083ab6f4c,Additional strawberry leaf OOD other_crop_disease candidate: diseased non-strawberry crop leaf.,333,500,,plantdoc
strawberry__leaf,ood,other_crop_disease,data\internet_image_candidates\20260520_more_aads_ood_oe_readiness\strawberry__leaf\ood\other_crop_disease\plantdoc_plantdoc_train_Potato_leaf_early_blight_80109626.jpg.jpg,data\prepared_runtime_datasets\strawberry__leaf\ood\other_crop_disease\internet_20260520_plantdoc_plantdoc_train_Potato_leaf_early_blight_80109626.jpg.jpg,https://raw.githubusercontent.com/pratikkayal/PlantDoc-Dataset/master/train/Potato%20leaf%20early%20blight/80109626.jpg,https://github.com/pratikkayal/PlantDoc-Dataset/blob/master/train/Potato%20leaf%20early%20blight/80109626.jpg,PlantDoc GitHub dataset source; review repository LICENSE.txt before publication,PlantDoc GitHub dataset source; review repository LICENSE.txt before publication,8341af059ffb70b73bebb119a3943d5c96e3ee621437e3cca8b176aa81d563b4,Additional strawberry leaf OOD other_crop_disease candidate: diseased non-strawberry crop leaf.,677,700,,plantdoc
strawberry__leaf,ood,other_crop_disease,data\internet_image_candidates\20260520_more_aads_ood_oe_readiness\strawberry__leaf\ood\other_crop_disease\plantdoc_plantdoc_train_Potato_leaf_early_blight_87A_Pot_Early.jpg.jpg,data\prepared_runtime_datasets\strawberry__leaf\ood\other_crop_disease\internet_20260520_plantdoc_plantdoc_train_Potato_leaf_early_blight_87A_Pot_Early.jpg.jpg,https://raw.githubusercontent.com/pratikkayal/PlantDoc-Dataset/master/train/Potato%20leaf%20early%20blight/87A_Pot_Early.jpg,https://github.com/pratikkayal/PlantDoc-Dataset/blob/master/train/Potato%20leaf%20early%20blight/87A_Pot_Early.jpg,PlantDoc GitHub dataset source; review repository LICENSE.txt before publication,PlantDoc GitHub dataset source; review repository LICENSE.txt before publication,d6031dd60efad84167f6cba8ca253d211c0615720bb802c53833b7ef234a21d5,Additional strawberry leaf OOD other_crop_disease candidate: diseased non-strawberry crop leaf.,400,267,,plantdoc
strawberry__leaf,ood,other_crop_disease,data\internet_image_candidates\20260520_more_aads_ood_oe_readiness\strawberry__leaf\ood\other_crop_disease\plantdoc_plantdoc_train_Potato_leaf_early_blight_AF_news_p4_p5_p6_Blight.jpg.jpg,data\prepared_runtime_datasets\strawberry__leaf\ood\other_crop_disease\internet_20260520_plantdoc_plantdoc_train_Potato_leaf_early_blight_AF_news_p4_p5_p6_Blight.jpg.jpg,https://raw.githubusercontent.com/pratikkayal/PlantDoc-Dataset/master/train/Potato%20leaf%20early%20blight/AF_news_p4_p5_p6_Blight.jpg,https://github.com/pratikkayal/PlantDoc-Dataset/blob/master/train/Potato%20leaf%20early%20blight/AF_news_p4_p5_p6_Blight.jpg,PlantDoc GitHub dataset source; review repository LICENSE.txt before publication,PlantDoc GitHub dataset source; review repository LICENSE.txt before publication,a10d18383acf24fc659ef606a4df9d97e8fcd5427a9244162f46975a561e7d24,Additional strawberry leaf OOD other_crop_disease candidate: diseased non-strawberry crop leaf.,1100,619,,plantdoc
strawberry__leaf,ood,other_crop_disease,data\internet_image_candidates\20260520_more_aads_ood_oe_readiness\strawberry__leaf\ood\other_crop_disease\plantdoc_plantdoc_train_Potato_leaf_early_blight_AGS-154646-S-5801.jpg.jpg,data\prepared_runtime_datasets\strawberry__leaf\ood\other_crop_disease\internet_20260520_plantdoc_plantdoc_train_Potato_leaf_early_blight_AGS-154646-S-5801.jpg.jpg,https://raw.githubusercontent.com/pratikkayal/PlantDoc-Dataset/master/train/Potato%20leaf%20early%20blight/AGS-154646-S-5801.jpg,https://github.com/pratikkayal/PlantDoc-Dataset/blob/master/train/Potato%20leaf%20early%20blight/AGS-154646-S-5801.jpg,PlantDoc GitHub dataset source; review repository LICENSE.txt before publication,PlantDoc GitHub dataset source; review repository LICENSE.txt before publication,572e7706e2008ab58703883916e427934826cee4513efdcd46044ae737a944df,Additional strawberry leaf OOD other_crop_disease candidate: diseased non-strawberry crop leaf.,514,359,,plantdoc
strawberry__leaf,ood,other_crop_disease,data\internet_image_candidates\20260520_more_aads_ood_oe_readiness\strawberry__leaf\ood\other_crop_disease\plantdoc_plantdoc_train_Potato_leaf_early_blight_B2650214-Potato_leaf_blight-SPL.jpg.jpg,data\prepared_runtime_datasets\strawberry__leaf\ood\other_crop_disease\internet_20260520_plantdoc_plantdoc_train_Potato_leaf_early_blight_B2650214-Potato_leaf_blight-SPL.jpg.jpg,https://raw.githubusercontent.com/pratikkayal/PlantDoc-Dataset/master/train/Potato%20leaf%20early%20blight/B2650214-Potato_leaf_blight-SPL.jpg,https://github.com/pratikkayal/PlantDoc-Dataset/blob/master/train/Potato%20leaf%20early%20blight/B2650214-Potato_leaf_blight-SPL.jpg,PlantDoc GitHub dataset source; review repository LICENSE.txt before publication,PlantDoc GitHub dataset source; review repository LICENSE.txt before publication,18a91f30ec4c438806cdf5c8ae3d6d8be85870e7d05ea5bce0cc78023bfce5a9,Additional strawberry leaf OOD other_crop_disease candidate: diseased non-strawberry crop leaf.,800,580,,plantdoc
strawberry__leaf,ood,strawberry_failure_cases,data\internet_image_candidates\20260520_more_aads_ood_oe_readiness\strawberry__leaf\ood\strawberry_failure_cases\plantdoc_plantdoc_test_Strawberry_leaf_strawberry-leaf--stock-photo-1431216.jpg.jpg,data\prepared_runtime_datasets\strawberry__leaf\ood\strawberry_failure_cases\internet_20260520_plantdoc_plantdoc_test_Strawberry_leaf_strawberry-leaf--stock-photo-1431216.jpg.jpg,https://raw.githubusercontent.com/pratikkayal/PlantDoc-Dataset/master/test/Strawberry%20leaf/strawberry-leaf--stock-photo-1431216.jpg,https://github.com/pratikkayal/PlantDoc-Dataset/blob/master/test/Strawberry%20leaf/strawberry-leaf--stock-photo-1431216.jpg,PlantDoc GitHub dataset source; review repository LICENSE.txt before publication,PlantDoc GitHub dataset source; review repository LICENSE.txt before publication,2b1e04fb0167cda6984a1f168ec887d6898551642686e63935cc533069c0ab9e,"Additional strawberry leaf OOD failure candidate: cluttered, partial, damaged, or non-diagnostic strawberry leaf view.",1300,1248,,plantdoc
strawberry__leaf,ood,strawberry_failure_cases,data\internet_image_candidates\20260520_more_aads_ood_oe_readiness\strawberry__leaf\ood\strawberry_failure_cases\plantdoc_plantdoc_test_Strawberry_leaf_strawberry-leaf-22360816.jpg.jpg,data\prepared_runtime_datasets\strawberry__leaf\ood\strawberry_failure_cases\internet_20260520_plantdoc_plantdoc_test_Strawberry_leaf_strawberry-leaf-22360816.jpg.jpg,https://raw.githubusercontent.com/pratikkayal/PlantDoc-Dataset/master/test/Strawberry%20leaf/strawberry-leaf-22360816.jpg,https://github.com/pratikkayal/PlantDoc-Dataset/blob/master/test/Strawberry%20leaf/strawberry-leaf-22360816.jpg,PlantDoc GitHub dataset source; review repository LICENSE.txt before publication,PlantDoc GitHub dataset source; review repository LICENSE.txt before publication,cdef75f85823e13c782ab13417945edafd68f2253f13e1f35d7b86116cca3bcc,"Additional strawberry leaf OOD failure candidate: cluttered, partial, damaged, or non-diagnostic strawberry leaf view.",1300,1185,,plantdoc
strawberry__leaf,ood,strawberry_failure_cases,data\internet_image_candidates\20260520_more_aads_ood_oe_readiness\strawberry__leaf\ood\strawberry_failure_cases\plantdoc_plantdoc_test_Strawberry_leaf_strawberry-leaves-collection-white-background-36684676.jpg.jpg,data\prepared_runtime_datasets\strawberry__leaf\ood\strawberry_failure_cases\internet_20260520_plantdoc_plantdoc_test_Strawberry_leaf_strawberry-leaves-collection-white-background-36684676.jpg.jpg,https://raw.githubusercontent.com/pratikkayal/PlantDoc-Dataset/master/test/Strawberry%20leaf/strawberry-leaves-collection-white-background-36684676.jpg,https://github.com/pratikkayal/PlantDoc-Dataset/blob/master/test/Strawberry%20leaf/strawberry-leaves-collection-white-background-36684676.jpg,PlantDoc GitHub dataset source; review repository LICENSE.txt before publication,PlantDoc GitHub dataset source; review repository LICENSE.txt before publication,fd8e2d007ab7d6895f447cb48ae48db10c7bab6d6c18134df241fb6f9f945f23,"Additional strawberry leaf OOD failure candidate: cluttered, partial, damaged, or non-diagnostic strawberry leaf view.",800,571,,plantdoc
strawberry__leaf,ood,strawberry_failure_cases,data\internet_image_candidates\20260520_more_aads_ood_oe_readiness\strawberry__leaf\ood\strawberry_failure_cases\plantdoc_plantdoc_test_Strawberry_leaf_strawberry-leaves-isolated-white-17473157.jpg.jpg,data\prepared_runtime_datasets\strawberry__leaf\ood\strawberry_failure_cases\internet_20260520_plantdoc_plantdoc_test_Strawberry_leaf_strawberry-leaves-isolated-white-17473157.jpg.jpg,https://raw.githubusercontent.com/pratikkayal/PlantDoc-Dataset/master/test/Strawberry%20leaf/strawberry-leaves-isolated-white-17473157.jpg,https://github.com/pratikkayal/PlantDoc-Dataset/blob/master/test/Strawberry%20leaf/strawberry-leaves-isolated-white-17473157.jpg,PlantDoc GitHub dataset source; review repository LICENSE.txt before publication,PlantDoc GitHub dataset source; review repository LICENSE.txt before publication,aea238ab644bf26dfde18e6c62abedcb90ed03af78df7f5dc0751b6fe58dfc42,"Additional strawberry leaf OOD failure candidate: cluttered, partial, damaged, or non-diagnostic strawberry leaf view.",1274,1300,,plantdoc
strawberry__leaf,ood,strawberry_failure_cases,data\internet_image_candidates\20260520_more_aads_ood_oe_readiness\strawberry__leaf\ood\strawberry_failure_cases\plantdoc_plantdoc_test_Strawberry_leaf_strawberry-leaves-isolated-white-34722259.jpg.jpg,data\prepared_runtime_datasets\strawberry__leaf\ood\strawberry_failure_cases\internet_20260520_plantdoc_plantdoc_test_Strawberry_leaf_strawberry-leaves-isolated-white-34722259.jpg.jpg,https://raw.githubusercontent.com/pratikkayal/PlantDoc-Dataset/master/test/Strawberry%20leaf/strawberry-leaves-isolated-white-34722259.jpg,https://github.com/pratikkayal/PlantDoc-Dataset/blob/master/test/Strawberry%20leaf/strawberry-leaves-isolated-white-34722259.jpg,PlantDoc GitHub dataset source; review repository LICENSE.txt before publication,PlantDoc GitHub dataset source; review repository LICENSE.txt before publication,71fe6863521c8342592f98ab3c43ac349dd17263efa11bc528e41010557f2244,"Additional strawberry leaf OOD failure candidate: cluttered, partial, damaged, or non-diagnostic strawberry leaf view.",1300,1390,,plantdoc
strawberry__leaf,ood,strawberry_failure_cases,data\internet_image_candidates\20260520_more_aads_ood_oe_readiness\strawberry__leaf\ood\strawberry_failure_cases\plantdoc_plantdoc_test_Strawberry_leaf_strawberry-leaves-stock-image-948674.jpg.jpg,data\prepared_runtime_datasets\strawberry__leaf\ood\strawberry_failure_cases\internet_20260520_plantdoc_plantdoc_test_Strawberry_leaf_strawberry-leaves-stock-image-948674.jpg.jpg,https://raw.githubusercontent.com/pratikkayal/PlantDoc-Dataset/master/test/Strawberry%20leaf/strawberry-leaves-stock-image-948674.jpg,https://github.com/pratikkayal/PlantDoc-Dataset/blob/master/test/Strawberry%20leaf/strawberry-leaves-stock-image-948674.jpg,PlantDoc GitHub dataset source; review repository LICENSE.txt before publication,PlantDoc GitHub dataset source; review repository LICENSE.txt before publication,55c83b9af55c51d9fe59e6a4d76a46bcc11dbf29cca5425cdd5444c2ee8073ae,"Additional strawberry leaf OOD failure candidate: cluttered, partial, damaged, or non-diagnostic strawberry leaf view.",1300,1035,,plantdoc
strawberry__leaf,ood,strawberry_failure_cases,data\internet_image_candidates\20260520_more_aads_ood_oe_readiness\strawberry__leaf\ood\strawberry_failure_cases\plantdoc_plantdoc_test_Strawberry_leaf_strawberry-leaves-stock-picture-948708.jpg.jpg,data\prepared_runtime_datasets\strawberry__leaf\ood\strawberry_failure_cases\internet_20260520_plantdoc_plantdoc_test_Strawberry_leaf_strawberry-leaves-stock-picture-948708.jpg.jpg,https://raw.githubusercontent.com/pratikkayal/PlantDoc-Dataset/master/test/Strawberry%20leaf/strawberry-leaves-stock-picture-948708.jpg,https://github.com/pratikkayal/PlantDoc-Dataset/blob/master/test/Strawberry%20leaf/strawberry-leaves-stock-picture-948708.jpg,PlantDoc GitHub dataset source; review repository LICENSE.txt before publication,PlantDoc GitHub dataset source; review repository LICENSE.txt before publication,3d4dc882286ba25f66c6adb5d8066cdbbf31a377277699c1b35efe652fee93e0,"Additional strawberry leaf OOD failure candidate: cluttered, partial, damaged, or non-diagnostic strawberry leaf view.",1300,1035,,plantdoc
strawberry__leaf,ood,strawberry_failure_cases,data\internet_image_candidates\20260520_more_aads_ood_oe_readiness\strawberry__leaf\ood\strawberry_failure_cases\plantdoc_plantdoc_test_Strawberry_leaf_wild-strawberry-leaf-top-view-rotated-KTBXCY.jpg.jpg,data\prepared_runtime_datasets\strawberry__leaf\ood\strawberry_failure_cases\internet_20260520_plantdoc_plantdoc_test_Strawberry_leaf_wild-strawberry-leaf-top-view-rotated-KTBXCY.jpg.jpg,https://raw.githubusercontent.com/pratikkayal/PlantDoc-Dataset/master/test/Strawberry%20leaf/wild-strawberry-leaf-top-view-rotated-KTBXCY.jpg,https://github.com/pratikkayal/PlantDoc-Dataset/blob/master/test/Strawberry%20leaf/wild-strawberry-leaf-top-view-rotated-KTBXCY.jpg,PlantDoc GitHub dataset source; review repository LICENSE.txt before publication,PlantDoc GitHub dataset source; review repository LICENSE.txt before publication,f9143045c9180ab7ae754421d4f5400971995ae7c92a81cabbedb8f4cbfd7366,"Additional strawberry leaf OOD failure candidate: cluttered, partial, damaged, or non-diagnostic strawberry leaf view.",1300,1145,,plantdoc
strawberry__leaf,ood,strawberry_failure_cases,data\internet_image_candidates\20260520_more_aads_ood_oe_readiness\strawberry__leaf\ood\strawberry_failure_cases\plantdoc_plantdoc_train_Strawberry_leaf_5787ab74428a5fdc70e3defda7f00f0a4623876d.jpeg.jpg.jpg,data\prepared_runtime_datasets\strawberry__leaf\ood\strawberry_failure_cases\internet_20260520_plantdoc_plantdoc_train_Strawberry_leaf_5787ab74428a5fdc70e3defda7f00f0a4623876d.jpeg.jpg.jpg,https://raw.githubusercontent.com/pratikkayal/PlantDoc-Dataset/master/train/Strawberry%20leaf/5787ab74428a5fdc70e3defda7f00f0a4623876d.jpeg.jpg,https://github.com/pratikkayal/PlantDoc-Dataset/blob/master/train/Strawberry%20leaf/5787ab74428a5fdc70e3defda7f00f0a4623876d.jpeg.jpg,PlantDoc GitHub dataset source; review repository LICENSE.txt before publication,PlantDoc GitHub dataset source; review repository LICENSE.txt before publication,925ecd0108d578be6c667766fb395e6d82cfb537a3d085cc64a0e63be2eb0600,"Additional strawberry leaf OOD failure candidate: cluttered, partial, damaged, or non-diagnostic strawberry leaf view.",2448,3264,,plantdoc
strawberry__leaf,ood,strawberry_failure_cases,data\internet_image_candidates\20260520_more_aads_ood_oe_readiness\strawberry__leaf\ood\strawberry_failure_cases\plantdoc_plantdoc_train_Strawberry_leaf_7.jpg.jpg,data\prepared_runtime_datasets\strawberry__leaf\ood\strawberry_failure_cases\internet_20260520_plantdoc_plantdoc_train_Strawberry_leaf_7.jpg.jpg,https://raw.githubusercontent.com/pratikkayal/PlantDoc-Dataset/master/train/Strawberry%20leaf/7.jpg,https://github.com/pratikkayal/PlantDoc-Dataset/blob/master/train/Strawberry%20leaf/7.jpg,PlantDoc GitHub dataset source; review repository LICENSE.txt before publication,PlantDoc GitHub dataset source; review repository LICENSE.txt before publication,1946fdff0fe94a3f7da1ffdd97a3a5e40c84cc38411193b2d08bfc7c629d83b4,"Additional strawberry leaf OOD failure candidate: cluttered, partial, damaged, or non-diagnostic strawberry leaf view.",1024,770,,plantdoc
strawberry__leaf,ood,strawberry_failure_cases,data\internet_image_candidates\20260520_more_aads_ood_oe_readiness\strawberry__leaf\ood\strawberry_failure_cases\plantdoc_plantdoc_train_Strawberry_leaf_7065201-strawberry-leaf.jpg.jpg,data\prepared_runtime_datasets\strawberry__leaf\ood\strawberry_failure_cases\internet_20260520_plantdoc_plantdoc_train_Strawberry_leaf_7065201-strawberry-leaf.jpg.jpg,https://raw.githubusercontent.com/pratikkayal/PlantDoc-Dataset/master/train/Strawberry%20leaf/7065201-strawberry-leaf.jpg,https://github.com/pratikkayal/PlantDoc-Dataset/blob/master/train/Strawberry%20leaf/7065201-strawberry-leaf.jpg,PlantDoc GitHub dataset source; review repository LICENSE.txt before publication,PlantDoc GitHub dataset source; review repository LICENSE.txt before publication,97aa784590eaab9b8a6eb4b3a6f03cb205cc29083a32f0a48a787b911e465d9b,"Additional strawberry leaf OOD failure candidate: cluttered, partial, damaged, or non-diagnostic strawberry leaf view.",788,800,,plantdoc
strawberry__leaf,ood,strawberry_failure_cases,data\internet_image_candidates\20260520_more_aads_ood_oe_readiness\strawberry__leaf\ood\strawberry_failure_cases\plantdoc_plantdoc_train_Strawberry_leaf_DSCN5936.JPG.jpg.jpg,data\prepared_runtime_datasets\strawberry__leaf\ood\strawberry_failure_cases\internet_20260520_plantdoc_plantdoc_train_Strawberry_leaf_DSCN5936.JPG.jpg.jpg,https://raw.githubusercontent.com/pratikkayal/PlantDoc-Dataset/master/train/Strawberry%20leaf/DSCN5936.JPG.jpg,https://github.com/pratikkayal/PlantDoc-Dataset/blob/master/train/Strawberry%20leaf/DSCN5936.JPG.jpg,PlantDoc GitHub dataset source; review repository LICENSE.txt before publication,PlantDoc GitHub dataset source; review repository LICENSE.txt before publication,fb329de8c55464be24cc63493bebbdc66f5ee5758f865f328ea8737d82801d95,"Additional strawberry leaf OOD failure candidate: cluttered, partial, damaged, or non-diagnostic strawberry leaf view.",1600,1200,,plantdoc
strawberry__leaf,ood,non_plant_misc,data\internet_image_candidates\20260520_more_aads_ood_oe_readiness\strawberry__leaf\ood\non_plant_misc\webtrace_Promote_healthy_soil_in_your_garden_UMN_Extension.jpg,data\prepared_runtime_datasets\strawberry__leaf\ood\non_plant_misc\internet_20260520_webtrace_Promote_healthy_soil_in_your_garden_UMN_Extension.jpg,https://extension.umn.edu/sites/extension.umn.edu/files/mulch-garden.JPG,https://extension.umn.edu/managing-soil-and-nutrients/living-soil-healthy-garden,Official/extension/agriculture source page discovered via DuckDuckGo image search; review page terms before publication,Official/extension/agriculture source page discovered via DuckDuckGo image search; review page terms before publication,3c907b7e19964c8733eaf2a445fa739e2d935d83fac42332a66aabec8ff77360,Additional strawberry leaf OOD non_plant_misc candidate: background/non-plant negative from traceable source.,2304,3072,,webtrace
tomato__fruit,oe,unsupported_same_crop,data\internet_image_candidates\20260520_more_aads_ood_oe_readiness\tomato__fruit\oe\unsupported_same_crop\webtrace_Tomato_disorders_UMN_Extension.jpg,data\prepared_runtime_datasets\tomato__fruit\oe\unsupported_same_crop\internet_20260520_webtrace_Tomato_disorders_UMN_Extension.jpg,https://extension.umn.edu/sites/extension.umn.edu/files/tomato-catface-grabowski.jpg,https://extension.umn.edu/plant-diseases/tomato-disorders,Official/extension/agriculture source page discovered via DuckDuckGo image search; review page terms before publication,Official/extension/agriculture source page discovered via DuckDuckGo image search; review page terms before publication,c0f47992274a75767f94e56f368d64710823cfd596d755f24a1413c877aac243,Additional tomato fruit OE candidate: same-crop unsupported fruit condition/pest/disorder kept separate from final OOD evidence.,200,172,,webtrace
tomato__fruit,oe,unsupported_same_crop,data\internet_image_candidates\20260520_more_aads_ood_oe_readiness\tomato__fruit\oe\unsupported_same_crop\webtrace_What_s_wrong_with_my_plant_Garden_University_of_Minnesota_Extension_3.jpg,data\prepared_runtime_datasets\tomato__fruit\oe\unsupported_same_crop\internet_20260520_webtrace_What_s_wrong_with_my_plant_Garden_University_of_Minnesota_Extension_3.jpg,https://apps.extension.umn.edu/garden/diagnose/plant/images/tomato/insects/slugs1_600px.jpg,https://apps.extension.umn.edu/garden/diagnose/plant/vegetable/tomato/fruitholes.html,Official/extension/agriculture source page discovered via DuckDuckGo image search; review page terms before publication,Official/extension/agriculture source page discovered via DuckDuckGo image search; review page terms before publication,c63a2d7aabc1fc00036496ee8cd90d20ac7396faeb3b7d5ce901a07ff9404d1c,Additional tomato fruit OE candidate: same-crop unsupported fruit condition/pest/disorder kept separate from final OOD evidence.,600,407,,webtrace
tomato__fruit,oe,unsupported_same_crop,data\internet_image_candidates\20260520_more_aads_ood_oe_readiness\tomato__fruit\oe\unsupported_same_crop\webtrace_missouri_tomato_cracking_splitting_1.jpg,data\prepared_runtime_datasets\tomato__fruit\oe\unsupported_same_crop\internet_20260520_webtrace_missouri_tomato_cracking_splitting_1.jpg,https://extension.missouri.edu/media/wysiwyg/Extensiondata/NewsAdmin/Photos/2021/20210903-tsplit-1.jpg,https://extension.missouri.edu/news/conditions-are-right-now-for-cracking-splitting-tomatoes,MU Extension source page; review page terms before publication,MU Extension source page; review page terms before publication,8aadc5e85a6e89ec9cdc47914443a6784bb5a90cb7922266003d53be70d4cf09,Additional tomato fruit OE candidate: same-crop unsupported fruit condition/pest/disorder kept separate from final OOD evidence.,1299,1418,,webtrace
tomato__fruit,oe,unsupported_same_crop,data\internet_image_candidates\20260520_more_aads_ood_oe_readiness\tomato__fruit\oe\unsupported_same_crop\webtrace_missouri_tomato_cracking_splitting_2.jpg,data\prepared_runtime_datasets\tomato__fruit\oe\unsupported_same_crop\internet_20260520_webtrace_missouri_tomato_cracking_splitting_2.jpg,https://extension.missouri.edu/media/wysiwyg/Extensiondata/NewsAdmin/Photos/2021/20210903-tsplit-2.jpg,https://extension.missouri.edu/news/conditions-are-right-now-for-cracking-splitting-tomatoes,MU Extension source page; review page terms before publication,MU Extension source page; review page terms before publication,d084c3e9839290c8a6d7377146d10a1c6f03dcd1059be3102d3415c9bbec4016,Additional tomato fruit OE candidate: same-crop unsupported fruit condition/pest/disorder kept separate from final OOD evidence.,1869,1772,,webtrace
tomato__fruit,oe,unsupported_same_crop,data\internet_image_candidates\20260520_more_aads_ood_oe_readiness\tomato__fruit\oe\unsupported_same_crop\webtrace_umd_stink_bug_damage_tomato_1.jpg,data\prepared_runtime_datasets\tomato__fruit\oe\unsupported_same_crop\internet_20260520_webtrace_umd_stink_bug_damage_tomato_1.jpg,https://extension.umd.edu/sites/extension.umd.edu/files/styles/optimized/public/2021-03/Stink%20bug.jpg?itok=kAMiZISp,https://extension.umd.edu/resource/stink-bug-damage-common-tomatoes-year-2013/,University of Maryland Extension source page; review page terms before publication,University of Maryland Extension source page; review page terms before publication,7b50a7dccdcee95addf15e230bd298d81bfe3110623639c175b13499020c5359,Additional tomato fruit OE candidate: same-crop unsupported fruit condition/pest/disorder kept separate from final OOD evidence.,1022,533,,webtrace
tomato__fruit,oe,unsupported_same_crop,data\internet_image_candidates\20260520_more_aads_ood_oe_readiness\tomato__fruit\oe\unsupported_same_crop\webtrace_umd_stink_bug_damage_tomato_2.jpg,data\prepared_runtime_datasets\tomato__fruit\oe\unsupported_same_crop\internet_20260520_webtrace_umd_stink_bug_damage_tomato_2.jpg,https://extension.umd.edu/sites/extension.umd.edu/files/styles/optimized/public/2021-03/hgic_veg_stinkbug_dam_tom16.jpg?itok=aU4afR4D,https://extension.umd.edu/resource/stink-bugs-vegetables,University of Maryland Extension source page; review page terms before publication,University of Maryland Extension source page; review page terms before publication,9d8cd57f33d6dadf6d8fbff286d34e8309a6419009a15008b425fd91d846ee1c,Additional tomato fruit OE candidate: same-crop unsupported fruit condition/pest/disorder kept separate from final OOD evidence.,359,269,,webtrace
tomato__fruit,oe,unsupported_same_crop,data\internet_image_candidates\20260520_more_aads_ood_oe_readiness\tomato__fruit\oe\unsupported_same_crop\webtrace_umd_stinkbug_damage_tomato_fields.jpg,data\prepared_runtime_datasets\tomato__fruit\oe\unsupported_same_crop\internet_20260520_webtrace_umd_stinkbug_damage_tomato_fields.jpg,https://extension.umd.edu/sites/extension.umd.edu/files/styles/optimized/public/2021-02/Stinkbug%20damage%20found%20in%20tomato%20fields_Page_2.jpg?itok=f0eqSwYN,https://extension.umd.edu/resource/stinkbug-damage-found-tomato-fields,University of Maryland Extension source page; review page terms before publication,University of Maryland Extension source page; review page terms before publication,14e8b5ed4658222e79973a98084eb1a635302c04147ae910eed604192ebe3d94,Additional tomato fruit OE candidate: same-crop unsupported fruit condition/pest/disorder kept separate from final OOD evidence.,843,685,,webtrace
tomato__fruit,oe,unsupported_same_crop,data\internet_image_candidates\20260520_more_aads_ood_oe_readiness\tomato__fruit\oe\unsupported_same_crop\webtrace_umd_bmsb_damage_tomato.jpg,data\prepared_runtime_datasets\tomato__fruit\oe\unsupported_same_crop\internet_20260520_webtrace_umd_bmsb_damage_tomato.jpg,https://extension.umd.edu/sites/extension.umd.edu/files/styles/optimized/public/2021-03/hgic_veg_bmsb_dam_tom.jpg?itok=aea0TVeB,https://extension.umd.edu/resource/stink-bugs-vegetables,University of Maryland Extension source page; review page terms before publication,University of Maryland Extension source page; review page terms before publication,d86e4b60e53116b4aa34ddd76d2757a9d0f2cb3763e76c575a7940105e673024,Additional tomato fruit OE candidate: same-crop unsupported fruit condition/pest/disorder kept separate from final OOD evidence.,355,266,,webtrace
tomato__fruit,oe,unsupported_same_crop,data\internet_image_candidates\20260520_more_aads_ood_oe_readiness\tomato__fruit\oe\unsupported_same_crop\webtrace_umd_tomato_stink_bug_feeding.jpg,data\prepared_runtime_datasets\tomato__fruit\oe\unsupported_same_crop\internet_20260520_webtrace_umd_tomato_stink_bug_feeding.jpg,https://extension.umd.edu/sites/extension.umd.edu/files/styles/optimized/public/2022-11/HGIC-veg-tomato-stink-bug-feeding.jpg?itok=INTqHJ1z,https://extension.umd.edu/resource/key-common-problems-tomatoes,University of Maryland Extension source page; review page terms before publication,University of Maryland Extension source page; review page terms before publication,260e5a30cf7e4dbd2418f35f5ffa1a72e73af05f8f33922e4b07fd4cc3a06682,Additional tomato fruit OE candidate: same-crop unsupported fruit condition/pest/disorder kept separate from final OOD evidence.,400,281,,webtrace
tomato__fruit,oe,unsupported_same_crop,data\internet_image_candidates\20260520_more_aads_ood_oe_readiness\tomato__fruit\oe\unsupported_same_crop\webtrace_umd_stinkbug_injury_grape_tomatoes.png,data\prepared_runtime_datasets\tomato__fruit\oe\unsupported_same_crop\internet_20260520_webtrace_umd_stinkbug_injury_grape_tomatoes.png,https://extension.umd.edu/sites/extension.umd.edu/files/styles/optimized/public/2021-02/Stinkbug%20injury%20to%20grape%20tomatoes%2C%20white%20when.png?itok=IUF4qvFK,https://extension.umd.edu/resource/stinkbug-damage-found-tomato-fields,University of Maryland Extension source page; review page terms before publication,University of Maryland Extension source page; review page terms before publication,34b526537ba6052d1194c1ba518f913dc69548da2f9bd7bad1fdaa575f737de7,Additional tomato fruit OE candidate: same-crop unsupported fruit condition/pest/disorder kept separate from final OOD evidence.,721,817,,webtrace
tomato__fruit,oe,unsupported_same_crop,data\internet_image_candidates\20260520_more_aads_ood_oe_readiness\tomato__fruit\oe\unsupported_same_crop\webtrace_clemson_growth_cracks_tomato_fruit.jpeg,data\prepared_runtime_datasets\tomato__fruit\oe\unsupported_same_crop\internet_20260520_webtrace_clemson_growth_cracks_tomato_fruit.jpeg,https://hgic.clemson.edu/wp-content/uploads/2018/03/growth-cracks-on-tomato-fruit--828x680.jpeg,https://hgic.clemson.edu/factsheet/tomato-diseases-disorders/,Clemson HGIC source page; review page terms before publication,Clemson HGIC source page; review page terms before publication,9d4a647101edacbb870b69777c69b66cb92fd8f1b6d528a1f0047942099e7306,Additional tomato fruit OE candidate: same-crop unsupported fruit condition/pest/disorder kept separate from final OOD evidence.,828,680,,webtrace
tomato__fruit,oe,unsupported_same_crop,data\internet_image_candidates\20260520_more_aads_ood_oe_readiness\tomato__fruit\oe\unsupported_same_crop\webtrace_msstate_tomato_fruitworm_damage.jpg,data\prepared_runtime_datasets\tomato__fruit\oe\unsupported_same_crop\internet_20260520_webtrace_msstate_tomato_fruitworm_damage.jpg,https://extension.msstate.edu/sites/default/files/styles/large/public/newsletter/bev10_2.jpg?itok=stKKFSIe,https://extension.msstate.edu/newsletters/bugs-eye-view/2015/tomato-fruitworm-no-10,Mississippi State Extension source page; review page terms before publication,Mississippi State Extension source page; review page terms before publication,320e2d695a5214138d84cdab7c033c764b096bb295f26f93888b49198583615e,Additional tomato fruit OE candidate: same-crop unsupported fruit condition/pest/disorder kept separate from final OOD evidence.,480,269,,webtrace
