ablation_name,image_path,expected_label,crop,part,router_status,router_confidence,router_crop,router_part,router_primary_crop,router_primary_part,bbox,bbox_area_ratio,roi_quality_status,semantic_roi_match,require_semantic_roi_match,roi_eligible,selected_detection_source,target_detection_found,target_roi_backend,target_prompt,target_detection_confidence,target_detection_source,grounding_dino_candidate_count,grounding_dino_status,grounding_dino_error,input_view,selected_view,diagnosis,confidence,ood_is_ood,ood_primary_score,full_diagnosis,full_confidence,full_ood_is_ood,roi_diagnosis,roi_confidence,roi_ood_is_ood,dual_view_disagreement,confidence_delta_roi_minus_full,latency_ms,status
dual_view_inference,/content/bitirmeprojesi/data/prepared_runtime_datasets/tomato__fruit/test/domates_antraknoz_meyve/Kaggle_test_anthracnose_18_png.rf.207289ef35095182cc6da2f98636f8df.jpg,domates_antraknoz_meyve,tomato,fruit,ok,0.7629105448722839,tomato,fruit,eggplant,unknown,"[167.48252868652344, 152.45706176757812, 371.36151123046875, 455.83929443359375]",0.15100893778773866,roi_ok,True,True,True,grounding_dino,True,router_then_grounding_dino,a tomato fruit.,0.7629105448722839,grounding_dino,57,ok,,full_image,full_image,domates_antraknoz_meyve,0.901279628276825,True,3.8039801120758057,domates_antraknoz_meyve,0.901279628276825,True,domates_antraknoz_meyve,0.5817002058029175,True,False,-0.31957942247390747,7841.15374199996,success
dual_view_inference,/content/bitirmeprojesi/data/prepared_runtime_datasets/tomato__fruit/test/domates_antraknoz_meyve/Kaggle_train_anthracnose_10_zoom_2_png.rf.f80b2011ed96c63958f39b7c1358467a.jpg,domates_antraknoz_meyve,tomato,fruit,ok,0.9218239188194275,tomato,fruit,,,"[160.50146484375, 0.0, 639.8836669921875, 519.3915405273438]",0.607878565613446,roi_ok,True,True,True,grounding_dino,True,router_then_grounding_dino,a tomato fruit.,0.9218239188194275,grounding_dino,8,ok,,full_image,full_image,domates_antraknoz_meyve,0.9930596351623535,False,0.4892924726009369,domates_antraknoz_meyve,0.9930596351623535,False,domates_antraknoz_meyve,0.9978285431861877,False,False,0.0047689080238342285,223.5958030000802,success
dual_view_inference,/content/bitirmeprojesi/data/prepared_runtime_datasets/tomato__fruit/test/domates_antraknoz_meyve/Kaggle_train_anthracnose_12-Copy_png.rf.d8e8dba62cee137482d1172513315a20.jpg,domates_antraknoz_meyve,tomato,fruit,ok,0.4501487435901383,tomato,fruit,tomato,fruit,"[12.429141998291016, 0.0, 639.7429809570312, 629.6172485351562]",0.964276399544014,roi_too_large,True,True,False,router_detection,True,router_then_grounding_dino,,0.4501487435901383,router_detection,0,,,full_image,full_image,domates_antraknoz_meyve,0.9983295798301697,False,-1.351051688194275,domates_antraknoz_meyve,0.9983295798301697,False,,,,False,,112.53422200002205,fallback_full_image
dual_view_inference,/content/bitirmeprojesi/data/prepared_runtime_datasets/tomato__fruit/test/domates_antraknoz_meyve/Kaggle_train_anthracnose_16_zoom_3_png.rf.8d5c2d6258a8360cbeebebadb1765baf.jpg,domates_antraknoz_meyve,tomato,fruit,ok,0.914130687713623,tomato,fruit,banana,unknown,"[145.0509033203125, 0.21076202392578125, 639.9179077148438, 611.5042114257812]",0.7385472610143949,roi_ok,True,True,True,grounding_dino,True,router_then_grounding_dino,a tomato fruit.,0.914130687713623,grounding_dino,9,ok,,full_image,full_image,domates_antraknoz_meyve,0.9969382286071777,False,-0.7212266325950623,domates_antraknoz_meyve,0.9969382286071777,False,domates_antraknoz_meyve,0.9929297566413879,False,False,-0.004008471965789795,224.54210200021407,success
dual_view_inference,/content/bitirmeprojesi/data/prepared_runtime_datasets/tomato__fruit/test/domates_antraknoz_meyve/Kaggle_train_anthracnose_19-Copy_png.rf.7525048ab217901948bfc64393ad5b43.jpg,domates_antraknoz_meyve,tomato,fruit,ok,0.8905658721923828,tomato,fruit,eggplant,unknown,"[61.07929229736328, 6.019840240478516, 590.03857421875, 626.8649291992188]",0.8017621397461784,roi_ok,True,True,True,grounding_dino,True,router_then_grounding_dino,a tomato fruit.,0.8905658721923828,grounding_dino,8,ok,,full_image,full_image,domates_antraknoz_meyve,0.9939676523208618,False,0.7340688705444336,domates_antraknoz_meyve,0.9939676523208618,False,domates_antraknoz_meyve,0.9919326901435852,False,False,-0.0020349621772766113,226.37039400001413,success
dual_view_inference,/content/bitirmeprojesi/data/prepared_runtime_datasets/tomato__fruit/test/domates_antraknoz_meyve/Kaggle_train_anthracnose_22_zoom_1_png.rf.0965f4a6e11e72b6a405d0e9231e0b14.jpg,domates_antraknoz_meyve,tomato,fruit,ok,0.7000204920768738,tomato,fruit,banana,unknown,"[19.091739654541016, 1.6296958923339844, 487.9581298828125, 350.71807861328125]",0.39959914520750944,roi_ok,True,True,True,grounding_dino,True,router_then_grounding_dino,tomato fruit.,0.7000204920768738,grounding_dino,32,ok,,full_image,full_image,domates_antraknoz_meyve,0.9395846724510193,False,0.036386072635650635,domates_antraknoz_meyve,0.9395846724510193,False,domates_antraknoz_meyve,0.6660705208778381,False,False,-0.27351415157318115,222.35340700012785,success
dual_view_inference,/content/bitirmeprojesi/data/prepared_runtime_datasets/tomato__fruit/test/domates_antraknoz_meyve/Kaggle_train_anthracnose_24-Copy_png.rf.e93f114f28a88c99d1ba5cb5d9c04c9b.jpg,domates_antraknoz_meyve,tomato,fruit,ok,0.9215688109397888,tomato,fruit,lemon,unknown,"[0.08790969848632812, 1.4548683166503906, 635.5166015625, 639.552490234375]",0.989906096622846,roi_too_large,True,True,False,grounding_dino,True,router_then_grounding_dino,a tomato fruit.,0.9215688109397888,grounding_dino,8,ok,,full_image,full_image,domates_antraknoz_meyve,0.9832981824874878,False,0.0990823358297348,domates_antraknoz_meyve,0.9832981824874878,False,,,,False,,112.60585900004116,fallback_full_image
dual_view_inference,/content/bitirmeprojesi/data/prepared_runtime_datasets/tomato__fruit/test/domates_antraknoz_meyve/Kaggle_train_anthracnose_3-Copy_png.rf.6cc0f31a793088eea812ca66ddc12403.jpg,domates_antraknoz_meyve,tomato,fruit,ok,0.7484495639801025,tomato,fruit,,,"[412.7723693847656, 39.08135223388672, 634.270263671875, 341.10546875]",0.16332447712950113,roi_ok,True,True,True,grounding_dino,True,router_then_grounding_dino,tomatoes.,0.7484495639801025,grounding_dino,36,ok,,full_image,full_image,domates_antraknoz_meyve,0.9947603344917297,False,-0.24803376197814941,domates_antraknoz_meyve,0.9947603344917297,False,domates_antraknoz_meyve,0.7683966159820557,True,False,-0.22636371850967407,219.8156070001005,success
dual_view_inference,/content/bitirmeprojesi/data/prepared_runtime_datasets/tomato__fruit/test/domates_antraknoz_meyve/Kaggle_train_anthracnose_5-Copy_png.rf.85e68af386511df8beb4e150e4d357f5.jpg,domates_antraknoz_meyve,tomato,fruit,ok,0.8592202067375183,tomato,fruit,,,"[0.41545867919921875, 0.14415740966796875, 633.870361328125, 611.4616088867188]",0.9454151286938101,roi_too_large,True,True,False,grounding_dino,True,router_then_grounding_dino,tomato on plant.,0.8592202067375183,grounding_dino,15,ok,,full_image,full_image,domates_antraknoz_meyve,0.9796791076660156,False,0.9809571504592896,domates_antraknoz_meyve,0.9796791076660156,False,,,,False,,111.85703799992552,fallback_full_image
dual_view_inference,/content/bitirmeprojesi/data/prepared_runtime_datasets/tomato__fruit/test/domates_antraknoz_meyve/Kaggle_train_anthracnose_6_zoom_4_png.rf.cc6b4023bf2945edcb596399ba776e48.jpg,domates_antraknoz_meyve,tomato,fruit,ok,0.8647757768630981,tomato,fruit,lemon,unknown,"[1.8899154663085938, 47.875633239746094, 640.0, 639.879638671875]",0.9222747215590325,roi_too_large,True,True,False,grounding_dino,True,router_then_grounding_dino,a tomato fruit.,0.8647757768630981,grounding_dino,8,ok,,full_image,full_image,domates_antraknoz_meyve,0.9959121942520142,False,0.7293481826782227,domates_antraknoz_meyve,0.9959121942520142,False,,,,False,,111.68468400001075,fallback_full_image
dual_view_inference,/content/bitirmeprojesi/data/prepared_runtime_datasets/tomato__fruit/test/domates_antraknoz_meyve/Kaggle_train_anthracnose_9_png.rf.7eb80eddc4fd8186452dcd866924fdbd.jpg,domates_antraknoz_meyve,tomato,fruit,ok,0.29361376436724834,tomato,fruit,tomato,fruit,"[120.32026672363281, 74.04327392578125, 522.529296875, 570.5734252929688]",0.4875705825739942,roi_ok,True,True,True,router_detection,True,router_then_grounding_dino,,0.29361376436724834,router_detection,0,,,full_image,full_image,domates_antraknoz_meyve,0.8831677436828613,True,3.950141429901123,domates_antraknoz_meyve,0.8831677436828613,True,domates_antraknoz_meyve,0.5388613939285278,True,False,-0.3443063497543335,224.2995310000424,success
dual_view_inference,/content/bitirmeprojesi/data/prepared_runtime_datasets/tomato__fruit/test/domates_antraknoz_meyve/Kaggle_valid_anthracnose3_jpg.rf.113efe58df72d7bc235fd4983f48e27f.jpg,domates_antraknoz_meyve,tomato,fruit,ok,0.8059737086296082,tomato,fruit,lemon,unknown,"[72.31797790527344, 177.41148376464844, 469.6468505859375, 519.7401123046875]",0.3320728712503211,roi_ok,True,True,True,grounding_dino,True,router_then_grounding_dino,fruit on tomato plant.,0.8059737086296082,grounding_dino,47,ok,,full_image,full_image,domates_antraknoz_meyve,0.9817259907722473,False,1.3070957660675049,domates_antraknoz_meyve,0.9817259907722473,False,domates_antraknoz_meyve,0.9331775307655334,True,False,-0.04854846000671387,221.5770519999296,success
dual_view_inference,/content/bitirmeprojesi/data/prepared_runtime_datasets/tomato__fruit/test/domates_bacterial_spot_and_speck_meyve/tomato_bacterial_leaf_spot_147.jpg,domates_bacterial_spot_and_speck_meyve,tomato,fruit,ok,0.7663270831108093,tomato,fruit,eggplant,unknown,"[267.72540283203125, 92.67021179199219, 1197.1070556640625, 885.4521484375]",0.5116645740381811,roi_ok,True,True,True,grounding_dino,True,router_then_grounding_dino,tomato on plant.,0.7663270831108093,grounding_dino,44,ok,,full_image,full_image,domates_bacterial_spot_and_speck_meyve,0.9990861415863037,True,12.998257637023926,domates_bacterial_spot_and_speck_meyve,0.9990861415863037,True,domates_bacterial_spot_and_speck_meyve,0.9996210336685181,True,False,0.0005348920822143555,241.1889729999075,success
dual_view_inference,/content/bitirmeprojesi/data/prepared_runtime_datasets/tomato__fruit/test/domates_bacterial_spot_and_speck_meyve/tomato_bacterial_leaf_spot_64.jpg,domates_bacterial_spot_and_speck_meyve,tomato,fruit,ok,0.7477825284004211,tomato,fruit,eggplant,unknown,"[284.11248779296875, 483.69940185546875, 586.4972534179688, 773.6862182617188]",0.10272679886755366,roi_ok,True,True,True,grounding_dino,True,router_then_grounding_dino,tomatoes.,0.7477825284004211,grounding_dino,51,ok,,router_primary_roi,router_primary_roi,domates_bacterial_spot_and_speck_meyve,0.9965193271636963,True,12.513959884643555,domates_bacterial_spot_and_speck_meyve,0.7477163076400757,True,domates_bacterial_spot_and_speck_meyve,0.9965193271636963,True,False,0.2488030195236206,228.22208200000205,success
dual_view_inference,/content/bitirmeprojesi/data/prepared_runtime_datasets/tomato__fruit/test/domates_bacterial_spot_and_speck_meyve/tomato_bacterial_leaf_spot_81.jpg,domates_bacterial_spot_and_speck_meyve,tomato,fruit,ok,0.804018497467041,tomato,fruit,eggplant,unknown,"[0.14619827270507812, 0.0, 477.9112548828125, 333.3577575683594]",0.6985381048950249,roi_ok,True,True,True,grounding_dino,True,router_then_grounding_dino,tomato on plant.,0.804018497467041,grounding_dino,30,ok,,router_primary_roi,router_primary_roi,domates_bacterial_spot_and_speck_meyve,0.9932796359062195,True,26.118961334228516,domates_bacterial_spot_and_speck_meyve,0.8653329610824585,True,domates_bacterial_spot_and_speck_meyve,0.9932796359062195,True,False,0.127946674823761,221.22175799995603,success
dual_view_inference,/content/bitirmeprojesi/data/prepared_runtime_datasets/tomato__fruit/test/domates_blossom_end_rot_meyve/Kaggle_test_Blossom_end_root_36_png.rf.62821315b6209cfafe08025639e184da.jpg,domates_blossom_end_rot_meyve,tomato,fruit,ok,0.6349064707756042,tomato,fruit,eggplant,unknown,"[62.335243225097656, 47.4237060546875, 284.2484130859375, 388.32843017578125]",0.18469542956603277,roi_ok,True,True,True,grounding_dino,True,router_then_grounding_dino,a tomato fruit.,0.6349064707756042,grounding_dino,42,ok,,full_image,full_image,domates_blossom_end_rot_meyve,0.9226230978965759,False,-0.175232395529747,domates_blossom_end_rot_meyve,0.9226230978965759,False,domates_blossom_end_rot_meyve,0.9994233846664429,False,False,0.07680028676986694,227.95760700023493,success
dual_view_inference,/content/bitirmeprojesi/data/prepared_runtime_datasets/tomato__fruit/test/domates_blossom_end_rot_meyve/Kaggle_train_Blossom_end_root_24-Copy_png.rf.3e342ad78c9594029833cfc9676a8cb8.jpg,domates_blossom_end_rot_meyve,tomato,fruit,ok,0.8025579452514648,tomato,fruit,banana,unknown,"[300.96990966796875, 222.28819274902344, 552.7429809570312, 622.3084106445312]",0.2458845674738086,roi_ok,True,True,True,grounding_dino,True,router_then_grounding_dino,tomato fruit.,0.8025579452514648,grounding_dino,22,ok,,router_primary_roi,router_primary_roi,domates_blossom_end_rot_meyve,0.9026100635528564,False,2.348806381225586,domates_blossom_end_rot_meyve,0.621174156665802,False,domates_blossom_end_rot_meyve,0.9026100635528564,False,False,0.28143590688705444,221.4055469999039,success
dual_view_inference,/content/bitirmeprojesi/data/prepared_runtime_datasets/tomato__fruit/test/domates_blossom_end_rot_meyve/Kaggle_train_Blossom_end_root_27-Copy_png.rf.8111306aa759e06e71d7b59e55d82d8b.jpg,domates_blossom_end_rot_meyve,tomato,fruit,ok,0.854493260383606,tomato,fruit,eggplant,unknown,"[248.94747924804688, 268.6680603027344, 547.003662109375, 507.3321533203125]",0.17367018689179758,roi_ok,True,True,True,grounding_dino,True,router_then_grounding_dino,tomato on plant.,0.854493260383606,grounding_dino,19,ok,,full_image,full_image,domates_blossom_end_rot_meyve,0.9673895239830017,False,0.06070263683795929,domates_blossom_end_rot_meyve,0.9673895239830017,False,domates_blossom_end_rot_meyve,0.9997615218162537,False,False,0.03237199783325195,226.32694099979744,success
dual_view_inference,/content/bitirmeprojesi/data/prepared_runtime_datasets/tomato__fruit/test/domates_blossom_end_rot_meyve/Kaggle_train_Blossom_end_root_2_zoom_1_png.rf.d7298363c1e1201f641a2c863ed0a317.jpg,domates_blossom_end_rot_meyve,tomato,fruit,ok,0.6737698912620544,tomato,fruit,eggplant,unknown,"[278.4698181152344, 272.23309326171875, 621.8001708984375, 639.9581298828125]",0.30823038708578226,roi_ok,True,True,True,grounding_dino,True,router_then_grounding_dino,tomatoes.,0.6737698912620544,grounding_dino,28,ok,,full_image,full_image,domates_blossom_end_rot_meyve,0.9996160268783569,False,0.9645723104476929,domates_blossom_end_rot_meyve,0.9996160268783569,False,domates_blossom_end_rot_meyve,0.9997161030769348,False,False,0.00010007619857788086,220.97060100009003,success
dual_view_inference,/content/bitirmeprojesi/data/prepared_runtime_datasets/tomato__fruit/test/domates_blossom_end_rot_meyve/Kaggle_train_Blossom_end_root_33-Copy_png.rf.c08ab10d879dab1355dfd3f38a3e8369.jpg,domates_blossom_end_rot_meyve,tomato,fruit,ok,0.7101942300796509,tomato,fruit,eggplant,unknown,"[112.84247589111328, 154.43106079101562, 384.21356201171875, 376.5263366699219]",0.1471441314392439,roi_ok,True,True,True,grounding_dino,True,router_then_grounding_dino,a tomato fruit.,0.7101942300796509,grounding_dino,20,ok,,full_image,full_image,domates_blossom_end_rot_meyve,0.9567376971244812,False,2.1758992671966553,domates_blossom_end_rot_meyve,0.9567376971244812,False,domates_blossom_end_rot_meyve,0.9970452189445496,False,False,0.04030752182006836,222.60140000003048,success
dual_view_inference,/content/bitirmeprojesi/data/prepared_runtime_datasets/tomato__fruit/test/domates_blossom_end_rot_meyve/Kaggle_train_Blossom_end_root_37_png.rf.6d0289aa67e1cb75237b77e287d73981.jpg,domates_blossom_end_rot_meyve,tomato,fruit,ok,0.7149511575698853,tomato,fruit,eggplant,unknown,"[221.78329467773438, 148.14739990234375, 382.7248840332031, 359.5782775878906]",0.08307622434944734,roi_ok,True,True,True,grounding_dino,True,router_then_grounding_dino,tomato fruits.,0.7149511575698853,grounding_dino,32,ok,,router_primary_roi,router_primary_roi,domates_blossom_end_rot_meyve,0.9992801547050476,False,1.4395725727081299,domates_blossom_end_rot_meyve,0.4946627616882324,False,domates_blossom_end_rot_meyve,0.9992801547050476,False,False,0.5046173930168152,221.65002300016567,success
dual_view_inference,/content/bitirmeprojesi/data/prepared_runtime_datasets/tomato__fruit/test/domates_blossom_end_rot_meyve/Kaggle_train_Blossom_end_root_3_zoom_4_png.rf.1b4308bec15dc5c8f96fbf2e2a324a6a.jpg,domates_blossom_end_rot_meyve,tomato,fruit,ok,0.7410529851913452,tomato,fruit,eggplant,unknown,"[347.014404296875, 0.0, 523.6756591796875, 224.30862426757812]",0.09674473399450108,roi_ok,True,True,True,grounding_dino,True,router_then_grounding_dino,tomato fruit.,0.7410529851913452,grounding_dino,36,ok,,full_image,full_image,domates_blossom_end_rot_meyve,0.9776148200035095,False,-0.2004585862159729,domates_blossom_end_rot_meyve,0.9776148200035095,False,domates_blossom_end_rot_meyve,0.9989702701568604,False,False,0.02135545015335083,227.1820519999892,success
dual_view_inference,/content/bitirmeprojesi/data/prepared_runtime_datasets/tomato__fruit/test/domates_blossom_end_rot_meyve/Kaggle_train_Blossom_end_root_9-Copy_png.rf.24039f7363f992e589542d8e8a4993ff.jpg,domates_blossom_end_rot_meyve,tomato,fruit,ok,0.7676934599876404,tomato,fruit,eggplant,unknown,"[284.09930419921875, 227.236328125, 525.93603515625, 540.0928955078125]",0.1847173083845155,roi_ok,True,True,True,grounding_dino,True,router_then_grounding_dino,tomato fruit.,0.7676934599876404,grounding_dino,23,ok,,router_primary_roi,router_primary_roi,domates_blossom_end_rot_meyve,0.9991415739059448,False,0.6448574662208557,domates_blossom_end_rot_meyve,0.8316198587417603,False,domates_blossom_end_rot_meyve,0.9991415739059448,False,False,0.16752171516418457,223.8150369998948,success
dual_view_inference,/content/bitirmeprojesi/data/prepared_runtime_datasets/tomato__fruit/test/domates_blossom_end_rot_meyve/Kaggle_train_Blossom_end_root_9_zoom_5_png.rf.016da79194dd0c1eaf7d8a528ba989dd.jpg,domates_blossom_end_rot_meyve,tomato,fruit,ok,0.735066294670105,tomato,fruit,eggplant,unknown,"[112.35126495361328, 26.145706176757812, 454.10125732421875, 460.4553527832031]",0.36236650003474863,roi_ok,True,True,True,grounding_dino,True,router_then_grounding_dino,tomato fruit.,0.735066294670105,grounding_dino,28,ok,,full_image,full_image,domates_blossom_end_rot_meyve,0.9959725737571716,False,-0.23370912671089172,domates_blossom_end_rot_meyve,0.9959725737571716,False,domates_blossom_end_rot_meyve,0.999544084072113,False,False,0.0035715103149414062,224.8024670002451,success
dual_view_inference,/content/bitirmeprojesi/data/prepared_runtime_datasets/tomato__fruit/test/domates_blossom_end_rot_meyve/Kaggle_valid_Blossom_end_root_16_zoom_2_png.rf.b8fcba0ae0dad097759a1cda83bd5810.jpg,domates_blossom_end_rot_meyve,tomato,fruit,ok,0.596097059371607,tomato,fruit,tomato,fruit,"[22.629337310791016, 0.0, 640.0, 628.597900390625]",0.9474558162334119,roi_too_large,True,True,False,router_detection,True,router_then_grounding_dino,,0.596097059371607,router_detection,0,,,full_image,full_image,domates_blossom_end_rot_meyve,0.993674635887146,True,3.226762294769287,domates_blossom_end_rot_meyve,0.993674635887146,True,,,,False,,112.87937400015835,fallback_full_image
dual_view_inference,/content/bitirmeprojesi/data/prepared_runtime_datasets/tomato__fruit/test/domates_blossom_end_rot_meyve/Kaggle_valid_Blossom_end_root_31-Copy_png.rf.afd56c1970a7dfc9c4a6f68e9f876061.jpg,domates_blossom_end_rot_meyve,tomato,fruit,ok,0.9358707421164529,tomato,fruit,tomato,fruit,"[147.45042419433594, 147.6998748779297, 337.57208251953125, 403.6999206542969]",0.11882605770099815,roi_ok,True,True,True,router_detection,True,router_then_grounding_dino,,0.9358707421164529,router_detection,0,,,router_primary_roi,router_primary_roi,domates_blossom_end_rot_meyve,0.8421627283096313,True,2.4886088371276855,domates_blossom_end_rot_meyve,0.47487780451774597,False,domates_blossom_end_rot_meyve,0.8421627283096313,True,False,0.3672849237918854,223.43334600009257,success
dual_view_inference,/content/bitirmeprojesi/data/prepared_runtime_datasets/tomato__fruit/test/domates_gray_mold_meyve/Kaggle_test_Gray_Mold_21_jpg.rf.27b8d49047506ea4b1e2de42dde5aeb0.jpg,domates_gray_mold_meyve,tomato,fruit,ok,0.8871014361227616,tomato,fruit,tomato,fruit,"[0.0, 48.5670280456543, 465.2362060546875, 639.1318359375]",0.670781568977094,roi_ok,True,True,True,router_detection,True,router_then_grounding_dino,,0.8871014361227616,router_detection,0,,,full_image,full_image,domates_antraknoz_meyve,0.3820148706436157,True,6.846822738647461,domates_antraknoz_meyve,0.3820148706436157,True,domates_gray_mold_meyve,0.3422216475009918,False,True,-0.0397932231426239,222.96799700006886,success
dual_view_inference,/content/bitirmeprojesi/data/prepared_runtime_datasets/tomato__fruit/test/domates_gray_mold_meyve/Kaggle_train_White_Mold_11_zoom_4_jpg.rf.4f672087b49edde5f6e98f5a13d895ec.jpg,domates_gray_mold_meyve,tomato,fruit,ok,0.690430760383606,tomato,fruit,,,"[0.072479248046875, 0.0, 640.0, 639.930908203125]",0.9997788074681921,roi_too_large,True,True,False,grounding_dino,True,router_then_grounding_dino,tomato on plant.,0.690430760383606,grounding_dino,23,ok,,full_image,full_image,domates_gray_mold_meyve,0.9774444103240967,False,0.2979013919830322,domates_gray_mold_meyve,0.9774444103240967,False,,,,False,,115.31893599999421,fallback_full_image
dual_view_inference,/content/bitirmeprojesi/data/prepared_runtime_datasets/tomato__fruit/test/domates_gray_mold_meyve/Kaggle_train_White_Mold_11_zoom_5_jpg.rf.d634c7bc4795f6ccea08256c321a51ec.jpg,domates_gray_mold_meyve,tomato,fruit,ok,0.563585638999939,tomato,fruit,,,"[0.0, 5.0627899169921875, 639.0150756835938, 639.5718994140625]",0.9898947427421877,roi_too_large,True,True,False,grounding_dino,True,router_then_grounding_dino,tomato on plant.,0.563585638999939,grounding_dino,34,ok,,full_image,full_image,domates_gray_mold_meyve,0.9745108485221863,False,0.7981416583061218,domates_gray_mold_meyve,0.9745108485221863,False,,,,False,,113.48995299999842,fallback_full_image
dual_view_inference,/content/bitirmeprojesi/data/prepared_runtime_datasets/tomato__fruit/test/domates_gray_mold_meyve/Kaggle_train_White_Mold_12_jpg.rf.7a12ee72b36de72352596a4ff3f5fcb7.jpg,domates_gray_mold_meyve,tomato,fruit,ok,0.5230659246444702,tomato,fruit,pumpkin,unknown,"[121.65897369384766, 55.67852020263672, 496.72467041015625, 533.9887084960938]",0.4379827734833843,roi_ok,True,True,True,grounding_dino,True,router_then_grounding_dino,a tomato fruit.,0.5230659246444702,grounding_dino,16,ok,,full_image,full_image,domates_gray_mold_meyve,0.9922145009040833,False,-0.16358867287635803,domates_gray_mold_meyve,0.9922145009040833,False,domates_gray_mold_meyve,0.9807274341583252,False,False,-0.011487066745758057,223.0121299999155,success
dual_view_inference,/content/bitirmeprojesi/data/prepared_runtime_datasets/tomato__fruit/test/domates_gray_mold_meyve/Kaggle_train_White_Mold_16-Copy_jpg.rf.0d04da3304e735522bb55ebabcf88d02.jpg,domates_gray_mold_meyve,tomato,fruit,ok,0.7770523428916931,tomato,fruit,rose,unknown,"[197.5112762451172, 191.0449981689453, 470.6014404296875, 509.22021484375]",0.21213506387007727,roi_ok,True,True,True,grounding_dino,True,router_then_grounding_dino,tomato on plant.,0.7770523428916931,grounding_dino,16,ok,,full_image,full_image,domates_gray_mold_meyve,0.9919622540473938,False,0.5533915758132935,domates_gray_mold_meyve,0.9919622540473938,False,domates_gray_mold_meyve,0.922523021697998,False,False,-0.06943923234939575,222.87590800010548,success
dual_view_inference,/content/bitirmeprojesi/data/prepared_runtime_datasets/tomato__fruit/test/domates_gray_mold_meyve/Kaggle_train_White_Mold_18_jpg.rf.4f6fe469524a79e2a666555e1d709229.jpg,domates_gray_mold_meyve,tomato,fruit,ok,0.93140709400177,tomato,fruit,,,"[123.94804382324219, 125.88560485839844, 470.072265625, 572.2225341796875]",0.37716802324882165,roi_ok,True,True,True,grounding_dino,True,router_then_grounding_dino,a tomato fruit.,0.93140709400177,grounding_dino,8,ok,,router_primary_roi,router_primary_roi,domates_gray_mold_meyve,0.8503631353378296,False,1.1808973550796509,domates_gray_mold_meyve,0.549352765083313,False,domates_gray_mold_meyve,0.8503631353378296,False,False,0.3010103702545166,224.0841679999903,success
dual_view_inference,/content/bitirmeprojesi/data/prepared_runtime_datasets/tomato__fruit/test/domates_gray_mold_meyve/Kaggle_train_White_Mold_19_zoom_4_jpg.rf.cb3251244e7c5b49fd4202e28448f105.jpg,domates_gray_mold_meyve,tomato,fruit,ok,0.7018327116966248,tomato,fruit,,,"[0.051174163818359375, 20.263385772705078, 468.2661437988281, 469.4356689453125]",0.5134501633948985,roi_ok,True,True,True,grounding_dino,True,router_then_grounding_dino,tomato on plant.,0.7018327116966248,grounding_dino,80,ok,,full_image,full_image,domates_gray_mold_meyve,0.9894535541534424,False,-0.2907916307449341,domates_gray_mold_meyve,0.9894535541534424,False,domates_gray_mold_meyve,0.9910235404968262,False,False,0.001569986343383789,224.17224699984217,success
dual_view_inference,/content/bitirmeprojesi/data/prepared_runtime_datasets/tomato__fruit/test/domates_gray_mold_meyve/Kaggle_train_White_Mold_1_jpg.rf.49d5143133aa9c1fd59d6811b6040639.jpg,domates_gray_mold_meyve,tomato,fruit,ok,0.8906561732292175,tomato,fruit,eggplant,unknown,"[69.82308959960938, 1.3574981689453125, 636.7225341796875, 638.09423828125]",0.8812639265463748,roi_ok,True,True,True,grounding_dino,True,router_then_grounding_dino,a tomato fruit.,0.8906561732292175,grounding_dino,22,ok,,full_image,full_image,domates_gray_mold_meyve,0.9886578917503357,False,-0.3627850115299225,domates_gray_mold_meyve,0.9886578917503357,False,domates_gray_mold_meyve,0.9939093589782715,False,False,0.005251467227935791,222.53201499984243,success
dual_view_inference,/content/bitirmeprojesi/data/prepared_runtime_datasets/tomato__fruit/test/domates_gray_mold_meyve/Kaggle_train_White_Mold_1_zoom_2_jpg.rf.d18565e870a09de96a584bb22e8c9dff.jpg,domates_gray_mold_meyve,tomato,fruit,ok,0.848940372467041,tomato,fruit,pumpkin,unknown,"[3.4756851196289062, 12.071952819824219, 638.9794311523438, 639.6642456054688]",0.9737237623206481,roi_too_large,True,True,False,grounding_dino,True,router_then_grounding_dino,a tomato fruit.,0.848940372467041,grounding_dino,8,ok,,full_image,full_image,domates_gray_mold_meyve,0.9958756566047668,False,-0.49422094225883484,domates_gray_mold_meyve,0.9958756566047668,False,,,,False,,112.05299499988541,fallback_full_image
dual_view_inference,/content/bitirmeprojesi/data/prepared_runtime_datasets/tomato__fruit/test/domates_gray_mold_meyve/Kaggle_train_White_Mold_1_zoom_5_jpg.rf.58f2a24823525d8047133c5badcf975e.jpg,domates_gray_mold_meyve,tomato,fruit,ok,0.8341343998908997,tomato,fruit,pumpkin,unknown,"[0.9972572326660156, 15.119819641113281, 638.14404296875, 639.8224487304688]",0.9717462699344821,roi_too_large,True,True,False,grounding_dino,True,router_then_grounding_dino,tomato fruit.,0.8341343998908997,grounding_dino,11,ok,,full_image,full_image,domates_gray_mold_meyve,0.990744948387146,False,0.06641218066215515,domates_gray_mold_meyve,0.990744948387146,False,,,,False,,116.61215000003722,fallback_full_image
dual_view_inference,/content/bitirmeprojesi/data/prepared_runtime_datasets/tomato__fruit/test/domates_gray_mold_meyve/Kaggle_train_White_Mold_20_jpg.rf.6b9b88ebae739d699814aa052f0a87d6.jpg,domates_gray_mold_meyve,tomato,fruit,ok,0.4503421485424042,tomato,fruit,,,"[1.4072036743164062, 3.5629844665527344, 637.0517578125, 639.421875]",0.9867681664256182,roi_too_large,True,True,False,grounding_dino,True,router_then_grounding_dino,fruit on tomato plant.,0.4503421485424042,grounding_dino,22,ok,,full_image,full_image,domates_gray_mold_meyve,0.5956128239631653,True,2.356109142303467,domates_gray_mold_meyve,0.5956128239631653,True,,,,False,,113.47883200005526,fallback_full_image
dual_view_inference,/content/bitirmeprojesi/data/prepared_runtime_datasets/tomato__fruit/test/domates_gray_mold_meyve/Kaggle_train_White_Mold_21_zoom_2_jpg.rf.9e571b18e72ab4519a9abfcb2a30c673.jpg,domates_gray_mold_meyve,tomato,fruit,ok,0.9140170216560364,tomato,fruit,,,"[0.5543136596679688, 57.96712875366211, 637.303466796875, 636.66943359375]",0.8996294006969623,roi_ok,True,True,True,grounding_dino,True,router_then_grounding_dino,a tomato fruit.,0.9140170216560364,grounding_dino,10,ok,,full_image,full_image,domates_gray_mold_meyve,0.984328031539917,False,-0.6323687434196472,domates_gray_mold_meyve,0.984328031539917,False,domates_gray_mold_meyve,0.97571861743927,False,False,-0.008609414100646973,224.21445899976788,success
dual_view_inference,/content/bitirmeprojesi/data/prepared_runtime_datasets/tomato__fruit/test/domates_gray_mold_meyve/Kaggle_train_White_Mold_21_zoom_5_jpg.rf.0b9f6164847ab9553fd68035a1875b52.jpg,domates_gray_mold_meyve,tomato,fruit,ok,0.9159885048866272,tomato,fruit,,,"[90.12580871582031, 2.9357147216796875, 638.4490966796875, 587.9550170898438]",0.7831535825118152,roi_ok,True,True,True,grounding_dino,True,router_then_grounding_dino,a tomato fruit.,0.9159885048866272,grounding_dino,9,ok,,full_image,full_image,domates_gray_mold_meyve,0.9868758916854858,False,-0.08268266171216965,domates_gray_mold_meyve,0.9868758916854858,False,domates_gray_mold_meyve,0.9836961030960083,False,False,-0.003179788589477539,224.68738800012034,success
dual_view_inference,/content/bitirmeprojesi/data/prepared_runtime_datasets/tomato__fruit/test/domates_gray_mold_meyve/Kaggle_train_White_Mold_22_jpg.rf.423f8bc4c76c25fd0660133d0f7ebfad.jpg,domates_gray_mold_meyve,tomato,fruit,ok,0.42447152522824405,tomato,fruit,tomato,fruit,"[126.2593994140625, 105.84861755371094, 507.49237060546875, 514.820068359375]",0.38064795244898275,roi_ok,True,True,True,router_detection,True,router_then_grounding_dino,,0.42447152522824405,router_detection,0,,,full_image,full_image,domates_gray_mold_meyve,0.9541898369789124,False,0.8508729934692383,domates_gray_mold_meyve,0.9541898369789124,False,domates_gray_mold_meyve,0.5114315748214722,False,False,-0.4427582621574402,222.22302199998012,success
dual_view_inference,/content/bitirmeprojesi/data/prepared_runtime_datasets/tomato__fruit/test/domates_gray_mold_meyve/Kaggle_train_White_Mold_24_zoom_2_jpg.rf.3b72f1a8a914e70f4a670b8d4e542f00.jpg,domates_gray_mold_meyve,tomato,fruit,ok,0.4222282509312114,tomato,fruit,tomato,fruit,"[73.67826843261719, 0.12990951538085938, 616.1699829101562, 610.0106811523438]",0.8077521128716321,roi_ok,True,True,True,router_detection,True,router_then_grounding_dino,,0.4222282509312114,router_detection,0,,,full_image,full_image,domates_gray_mold_meyve,0.9966182112693787,False,-0.8764707446098328,domates_gray_mold_meyve,0.9966182112693787,False,domates_gray_mold_meyve,0.9962965846061707,False,False,-0.0003216266632080078,226.55321799993544,success
dual_view_inference,/content/bitirmeprojesi/data/prepared_runtime_datasets/tomato__fruit/test/domates_gray_mold_meyve/Kaggle_train_White_Mold_24_zoom_4_jpg.rf.5424625bae11096aed64bbe572bfc254.jpg,domates_gray_mold_meyve,tomato,fruit,ok,0.3295552301646079,tomato,fruit,watermelon,unknown,"[0.6408309936523438, 17.535552978515625, 629.9732666015625, 639.9492797851562]",0.9563113931812001,roi_too_large,True,True,False,router_detection,True,router_then_grounding_dino,,0.3295552301646079,router_detection,0,,,full_image,full_image,domates_gray_mold_meyve,0.9929377436637878,False,-0.7105830311775208,domates_gray_mold_meyve,0.9929377436637878,False,,,,False,,112.1458340001027,fallback_full_image
dual_view_inference,/content/bitirmeprojesi/data/prepared_runtime_datasets/tomato__fruit/test/domates_gray_mold_meyve/Kaggle_train_White_Mold_25_zoom_1_jpg.rf.1af91111e86c1572dcdbcb7e12eb5879.jpg,domates_gray_mold_meyve,tomato,fruit,ok,0.9431957006454468,tomato,fruit,lemon,unknown,"[137.37205505371094, 60.22621154785156, 640.0, 640.0]",0.7114514351157908,roi_ok,True,True,True,grounding_dino,True,router_then_grounding_dino,a tomato fruit.,0.9431957006454468,grounding_dino,8,ok,,full_image,full_image,domates_gray_mold_meyve,0.9954881072044373,False,-0.2717418968677521,domates_gray_mold_meyve,0.9954881072044373,False,domates_gray_mold_meyve,0.9925618767738342,False,False,-0.0029262304306030273,223.5015480000584,success
dual_view_inference,/content/bitirmeprojesi/data/prepared_runtime_datasets/tomato__fruit/test/domates_gray_mold_meyve/Kaggle_train_White_Mold_2_png.rf.3761c80ab45e4e2f1d2727b2e2c279a6.jpg,domates_gray_mold_meyve,tomato,fruit,ok,0.7563779354095459,tomato,fruit,,,"[0.0, 0.24486541748046875, 639.9759521484375, 640.0]",0.9995798373933098,roi_too_large,True,True,False,grounding_dino,True,router_then_grounding_dino,tomato fruits.,0.7563779354095459,grounding_dino,93,ok,,full_image,full_image,domates_gray_mold_meyve,0.9743733406066895,False,-0.18743832409381866,domates_gray_mold_meyve,0.9743733406066895,False,,,,False,,113.78159700007018,fallback_full_image
dual_view_inference,/content/bitirmeprojesi/data/prepared_runtime_datasets/tomato__fruit/test/domates_gray_mold_meyve/Kaggle_train_White_Mold_3_jpg.rf.adf80d1180b6e3f656ae2d3c7d98f4b8.jpg,domates_gray_mold_meyve,tomato,fruit,ok,0.8876044750213623,tomato,fruit,eggplant,unknown,"[55.31780242919922, 58.28367233276367, 637.0238647460938, 633.0726318359375]",0.816304253651895,roi_ok,True,True,True,grounding_dino,True,router_then_grounding_dino,a tomato fruit.,0.8876044750213623,grounding_dino,8,ok,,full_image,full_image,domates_gray_mold_meyve,0.9574694037437439,False,1.399897813796997,domates_gray_mold_meyve,0.9574694037437439,False,domates_gray_mold_meyve,0.9510054588317871,False,False,-0.006463944911956787,222.8401859999849,success
dual_view_inference,/content/bitirmeprojesi/data/prepared_runtime_datasets/tomato__fruit/test/domates_gray_mold_meyve/Kaggle_train_White_Mold_5_jpg.rf.68aa084155b012e01c79ac38ce46adae.jpg,domates_gray_mold_meyve,tomato,fruit,ok,0.8028015494346619,tomato,fruit,eggplant,unknown,"[42.882537841796875, 144.29733276367188, 363.34185791015625, 617.0665283203125]",0.3698810912044587,roi_ok,True,True,True,grounding_dino,True,router_then_grounding_dino,tomatoes.,0.8028015494346619,grounding_dino,21,ok,,full_image,full_image,domates_gray_mold_meyve,0.8989006876945496,False,1.335988998413086,domates_gray_mold_meyve,0.8989006876945496,False,domates_gray_mold_meyve,0.9468324780464172,False,False,0.047931790351867676,222.85025699989092,success
dual_view_inference,/content/bitirmeprojesi/data/prepared_runtime_datasets/tomato__fruit/test/domates_gray_mold_meyve/Kaggle_train_White_Mold_5_zoom_1_jpg.rf.d2230beaf7a70eb4ca477743772f7935.jpg,domates_gray_mold_meyve,tomato,fruit,ok,0.7178642749786377,tomato,fruit,turmeric,unknown,"[291.3660888671875, 156.8901824951172, 640.0, 632.36669921875]",0.40470517011026913,roi_ok,True,True,True,grounding_dino,True,router_then_grounding_dino,tomato fruit.,0.7178642749786377,grounding_dino,27,ok,,full_image,full_image,domates_gray_mold_meyve,0.9801648855209351,False,0.07699411362409592,domates_gray_mold_meyve,0.9801648855209351,False,domates_gray_mold_meyve,0.9331887364387512,False,False,-0.04697614908218384,223.27856600009,success
dual_view_inference,/content/bitirmeprojesi/data/prepared_runtime_datasets/tomato__fruit/test/domates_gray_mold_meyve/Kaggle_train_White_Mold_7_jpg.rf.6b0c7aa8cda89d6eb9598427e0faaeed.jpg,domates_gray_mold_meyve,tomato,fruit,ok,0.8851019144058228,tomato,fruit,eggplant,unknown,"[284.8257141113281, 181.3489532470703, 557.8754272460938, 362.94635009765625]",0.12105741483416183,roi_ok,True,True,True,grounding_dino,True,router_then_grounding_dino,tomato on plant.,0.8851019144058228,grounding_dino,25,ok,,full_image,full_image,domates_gray_mold_meyve,0.9451377391815186,False,0.07214769721031189,domates_gray_mold_meyve,0.9451377391815186,False,domates_gray_mold_meyve,0.9783828854560852,False,False,0.03324514627456665,223.0007430000569,success
dual_view_inference,/content/bitirmeprojesi/data/prepared_runtime_datasets/tomato__fruit/test/domates_gray_mold_meyve/Kaggle_train_White_Mold_8_jpg.rf.1c6566fd1a71686e823ffae8e1762518.jpg,domates_gray_mold_meyve,tomato,fruit,ok,0.9321964979171753,tomato,fruit,,,"[146.41162109375, 123.99787902832031, 619.50732421875, 500.5546569824219]",0.4349301602360356,roi_ok,True,True,True,grounding_dino,True,router_then_grounding_dino,a tomato fruit.,0.9321964979171753,grounding_dino,9,ok,,full_image,full_image,domates_gray_mold_meyve,0.9630875587463379,False,0.1661684364080429,domates_gray_mold_meyve,0.9630875587463379,False,domates_gray_mold_meyve,0.8384366631507874,False,False,-0.12465089559555054,223.4916479999356,success
dual_view_inference,/content/bitirmeprojesi/data/prepared_runtime_datasets/tomato__fruit/test/domates_gray_mold_meyve/Kaggle_train_White_Mold_9_jpg.rf.611be18e89ea5491fbc8d6dd1b310da2.jpg,domates_gray_mold_meyve,tomato,fruit,ok,0.9311510920524597,tomato,fruit,eggplant,unknown,"[119.36845397949219, 26.957988739013672, 520.3302612304688, 614.0418090820312]",0.5747026113587499,roi_ok,True,True,True,grounding_dino,True,router_then_grounding_dino,a tomato fruit.,0.9311510920524597,grounding_dino,8,ok,,full_image,full_image,domates_gray_mold_meyve,0.617518424987793,False,1.0897706747055054,domates_gray_mold_meyve,0.617518424987793,False,domates_gray_mold_meyve,0.6140757203102112,False,False,-0.003442704677581787,224.03665299998465,success
dual_view_inference,/content/bitirmeprojesi/data/prepared_runtime_datasets/tomato__fruit/test/domates_gray_mold_meyve/Kaggle_train_anthracnose_8_zoom_1_png.rf.190db1bd9533b96b67ad8f2ba1f49ce1.jpg,domates_gray_mold_meyve,tomato,fruit,ok,0.7432590126991272,tomato,fruit,eggplant,unknown,"[3.8628005981445312, 27.025184631347656, 639.441162109375, 635.2031860351562]",0.9437128360337097,roi_too_large,True,True,False,grounding_dino,True,router_then_grounding_dino,a tomato fruit.,0.7432590126991272,grounding_dino,42,ok,,full_image,full_image,domates_spotted_wilt_meyve,0.6798004508018494,True,6.071169853210449,domates_spotted_wilt_meyve,0.6798004508018494,True,,,,False,,113.2775789999414,fallback_full_image
dual_view_inference,/content/bitirmeprojesi/data/prepared_runtime_datasets/tomato__fruit/test/domates_gray_mold_meyve/Kaggle_valid_Gray_Mold_16_jpg.rf.8431a9b3db46c4113652781fa6a2aecd.jpg,domates_gray_mold_meyve,tomato,fruit,ok,0.4962343289095064,tomato,fruit,tomato,fruit,"[38.97850036621094, 0.0, 402.66827392578125, 479.3423767089844]",0.42561504014354684,roi_ok,True,True,True,router_detection,True,router_then_grounding_dino,,0.4962343289095064,router_detection,0,,,router_primary_roi,router_primary_roi,domates_blossom_end_rot_meyve,0.9356064200401306,True,2.7164993286132812,domates_gray_mold_meyve,0.5470972657203674,False,domates_blossom_end_rot_meyve,0.9356064200401306,True,True,0.3885091543197632,221.81382900021163,success
dual_view_inference,/content/bitirmeprojesi/data/prepared_runtime_datasets/tomato__fruit/test/domates_gray_mold_meyve/Kaggle_valid_Gray_Mold_20_jpg.rf.1060fc7d2c45a1a4296c6b2927a300b7.jpg,domates_gray_mold_meyve,tomato,fruit,ok,0.5131399035453796,tomato,fruit,cucumber,fruit,"[4.185276031494141, 2.5310325622558594, 635.870849609375, 636.5196533203125]",0.9777379529917056,roi_too_large,True,True,False,grounding_dino,True,router_then_grounding_dino,tomato on plant.,0.5131399035453796,grounding_dino,115,ok,,full_image,full_image,domates_blossom_end_rot_meyve,0.9859049916267395,False,0.5782599449157715,domates_blossom_end_rot_meyve,0.9859049916267395,False,,,,False,,114.34219600005235,fallback_full_image
dual_view_inference,/content/bitirmeprojesi/data/prepared_runtime_datasets/tomato__fruit/test/domates_gray_mold_meyve/Kaggle_valid_Gray_Mold_23_zoom_4_jpg.rf.0f8dd5be8609472c517e79db50f10807.jpg,domates_gray_mold_meyve,tomato,fruit,ok,0.5103789567947388,tomato,fruit,pumpkin,unknown,"[0.027370452880859375, 158.18798828125, 318.10870361328125, 401.4660949707031]",0.18892144654423673,roi_ok,True,True,True,grounding_dino,True,router_then_grounding_dino,tomato fruits.,0.5103789567947388,grounding_dino,48,ok,,full_image,full_image,domates_gray_mold_meyve,0.9590306878089905,False,0.4588983356952667,domates_gray_mold_meyve,0.9590306878089905,False,domates_gray_mold_meyve,0.9456145167350769,False,False,-0.013416171073913574,223.54594599983102,success
dual_view_inference,/content/bitirmeprojesi/data/prepared_runtime_datasets/tomato__fruit/test/domates_gray_mold_meyve/Kaggle_valid_Gray_Mold_8_zoom_1_jpg.rf.d24d93219da3d74cb7fa0e76cb2dbb4b.jpg,domates_gray_mold_meyve,tomato,fruit,ok,0.8805975317955017,tomato,fruit,,,"[26.374874114990234, 0.2831268310546875, 639.8184204101562, 614.3076171875]",0.9196029318270014,roi_too_large,True,True,False,grounding_dino,True,router_then_grounding_dino,a tomato fruit.,0.8805975317955017,grounding_dino,8,ok,,full_image,full_image,domates_gray_mold_meyve,0.9988875985145569,False,-0.14236360788345337,domates_gray_mold_meyve,0.9988875985145569,False,,,,False,,113.0583829999523,fallback_full_image
dual_view_inference,/content/bitirmeprojesi/data/prepared_runtime_datasets/tomato__fruit/test/domates_gray_mold_meyve/Kaggle_valid_White_Mold_14_jpg.rf.27b137e78cd184482c1695b04a4bbc9d.jpg,domates_gray_mold_meyve,tomato,fruit,ok,0.9023347496986389,tomato,fruit,,,"[0.24921417236328125, 0.059490203857421875, 640.0, 593.396240234375]",0.9267276662413079,roi_too_large,True,True,False,grounding_dino,True,router_then_grounding_dino,a tomato fruit.,0.9023347496986389,grounding_dino,14,ok,,full_image,full_image,domates_gray_mold_meyve,0.9970715045928955,False,-0.8118029832839966,domates_gray_mold_meyve,0.9970715045928955,False,,,,False,,112.3003970001264,fallback_full_image
dual_view_inference,/content/bitirmeprojesi/data/prepared_runtime_datasets/tomato__fruit/test/domates_gray_mold_meyve/Kaggle_valid_White_Mold_1_zoom_3_jpg.rf.742b319b8a1095243b31057afe173c8d.jpg,domates_gray_mold_meyve,tomato,fruit,ok,0.915762186050415,tomato,fruit,eggplant,unknown,"[21.98526382446289, 0.07953643798828125, 639.7661743164062, 640.0]",0.965162711478921,roi_too_large,True,True,False,grounding_dino,True,router_then_grounding_dino,a tomato fruit.,0.915762186050415,grounding_dino,8,ok,,full_image,full_image,domates_gray_mold_meyve,0.988792359828949,False,-0.45236122608184814,domates_gray_mold_meyve,0.988792359828949,False,,,,False,,113.39931299994532,fallback_full_image
dual_view_inference,/content/bitirmeprojesi/data/prepared_runtime_datasets/tomato__fruit/test/domates_gray_mold_meyve/Mendeley_Gray_0509_002_fruit_00.jpg,domates_gray_mold_meyve,tomato,fruit,ok,0.5899233222007751,tomato,fruit,eggplant,unknown,"[2.804037094116211, 2.023165225982666, 858.0995483398438, 803.260986328125]",0.9840764748026514,roi_too_large,True,True,False,grounding_dino,True,router_then_grounding_dino,tomato on plant.,0.5899233222007751,grounding_dino,45,ok,,full_image,full_image,domates_gray_mold_meyve,0.9525039792060852,False,-0.1442546248435974,domates_gray_mold_meyve,0.9525039792060852,False,,,,False,,121.26569199995174,fallback_full_image
dual_view_inference,/content/bitirmeprojesi/data/prepared_runtime_datasets/tomato__fruit/test/domates_gray_mold_meyve/Mendeley_Gray_0509_005_fruit_00.jpg,domates_gray_mold_meyve,tomato,fruit,ok,0.5956926345825195,tomato,fruit,eggplant,unknown,"[3.6541566848754883, 5.587494850158691, 1005.40478515625, 1150.51904296875]",0.9441480114032639,roi_too_large,True,True,False,grounding_dino,True,router_then_grounding_dino,tomato on plant.,0.5956926345825195,grounding_dino,42,ok,,full_image,full_image,domates_gray_mold_meyve,0.9024878144264221,False,0.13648924231529236,domates_gray_mold_meyve,0.9024878144264221,False,,,,False,,123.03910599985102,fallback_full_image
dual_view_inference,/content/bitirmeprojesi/data/prepared_runtime_datasets/tomato__fruit/test/domates_gray_mold_meyve/Mendeley_Gray_0509_008_fruit_00.jpg,domates_gray_mold_meyve,tomato,fruit,ok,0.5132423639297485,tomato,fruit,eggplant,unknown,"[41.76194763183594, 0.8094933032989502, 631.8952026367188, 274.70599365234375]",0.23236034594181315,roi_ok,True,True,True,grounding_dino,True,router_then_grounding_dino,tomato fruits.,0.5132423639297485,grounding_dino,37,ok,,full_image,full_image,domates_gray_mold_meyve,0.9840913414955139,False,-0.48444098234176636,domates_gray_mold_meyve,0.9840913414955139,False,domates_gray_mold_meyve,0.7931903004646301,False,False,-0.1909010410308838,229.4805329997871,success
dual_view_inference,/content/bitirmeprojesi/data/prepared_runtime_datasets/tomato__fruit/test/domates_gray_mold_meyve/Mendeley_Gray_0509_011_fruit_00.jpg,domates_gray_mold_meyve,tomato,fruit,ok,0.8336284756660461,tomato,fruit,eggplant,unknown,"[17.227672576904297, 8.949179649353027, 1386.0555419921875, 1371.5938720703125]",0.9451604936821908,roi_too_large,True,True,False,grounding_dino,True,router_then_grounding_dino,a tomato fruit.,0.8336284756660461,grounding_dino,26,ok,,full_image,full_image,domates_gray_mold_meyve,0.9775199294090271,False,-0.5892908573150635,domates_gray_mold_meyve,0.9775199294090271,False,,,,False,,134.77386999988994,fallback_full_image
dual_view_inference,/content/bitirmeprojesi/data/prepared_runtime_datasets/tomato__fruit/test/domates_gray_mold_meyve/Mendeley_Gray_0509_015_fruit_00.jpg,domates_gray_mold_meyve,tomato,fruit,ok,0.6050429940223694,tomato,fruit,rose,unknown,"[0.016656875610351562, 0.0820770263671875, 426.0, 384.0]",0.9997471654543233,roi_too_large,True,True,False,grounding_dino,True,router_then_grounding_dino,tomatoes.,0.6050429940223694,grounding_dino,22,ok,,full_image,full_image,domates_gray_mold_meyve,0.7718892693519592,False,1.0403947830200195,domates_gray_mold_meyve,0.7718892693519592,False,,,,False,,112.83163899997817,fallback_full_image
dual_view_inference,/content/bitirmeprojesi/data/prepared_runtime_datasets/tomato__fruit/test/domates_gray_mold_meyve/Mendeley_Gray_0509_020_fruit_00.jpg,domates_gray_mold_meyve,tomato,fruit,ok,0.9061607122421265,tomato,fruit,eggplant,unknown,"[43.498966217041016, 23.37190818786621, 1020.8536376953125, 1079.3948974609375]",0.8239536030228278,roi_ok,True,True,True,grounding_dino,True,router_then_grounding_dino,a tomato fruit.,0.9061607122421265,grounding_dino,14,ok,,full_image,full_image,domates_gray_mold_meyve,0.9858391880989075,False,-0.6843002438545227,domates_gray_mold_meyve,0.9858391880989075,False,domates_gray_mold_meyve,0.9858391880989075,False,False,0.0,241.50107699983892,success
dual_view_inference,/content/bitirmeprojesi/data/prepared_runtime_datasets/tomato__fruit/test/domates_gray_mold_meyve/Mendeley_Gray_0509_023_fruit_00.jpg,domates_gray_mold_meyve,tomato,fruit,ok,0.7196111679077148,tomato,fruit,eggplant,unknown,"[34.24345397949219, 3.5949957370758057, 1842.0010986328125, 1771.455810546875]",0.9020535583676828,roi_too_large,True,True,False,grounding_dino,True,router_then_grounding_dino,tomato fruits.,0.7196111679077148,grounding_dino,22,ok,,full_image,full_image,domates_gray_mold_meyve,0.9734169840812683,False,-0.3109796345233917,domates_gray_mold_meyve,0.9734169840812683,False,,,,False,,150.3347880000092,fallback_full_image
dual_view_inference,/content/bitirmeprojesi/data/prepared_runtime_datasets/tomato__fruit/test/domates_gray_mold_meyve/Mendeley_Gray_0509_034_fruit_00.jpg,domates_gray_mold_meyve,tomato,fruit,ok,0.6977804899215698,tomato,fruit,eggplant,unknown,"[1.4143623113632202, 0.5589879751205444, 1095.6456298828125, 1212.4693603515625]",0.8081479793095122,roi_ok,True,True,True,grounding_dino,True,router_then_grounding_dino,tomatoes.,0.6977804899215698,grounding_dino,45,ok,,full_image,full_image,domates_gray_mold_meyve,0.9806486964225769,False,0.3325977027416229,domates_gray_mold_meyve,0.9806486964225769,False,domates_gray_mold_meyve,0.9958893656730652,False,False,0.015240669250488281,244.27010799990967,success
dual_view_inference,/content/bitirmeprojesi/data/prepared_runtime_datasets/tomato__fruit/test/domates_gray_mold_meyve/Mendeley_Gray_0509_048_fruit_01.jpg,domates_gray_mold_meyve,tomato,fruit,ok,0.8328379392623901,tomato,fruit,eggplant,unknown,"[22.0120792388916, 34.024208068847656, 1224.906005859375, 1124.664794921875]",0.8401486854003047,roi_ok,True,True,True,grounding_dino,True,router_then_grounding_dino,a tomato fruit.,0.8328379392623901,grounding_dino,47,ok,,full_image,full_image,domates_sağlıklı_meyve,0.9857417345046997,False,0.21584421396255493,domates_sağlıklı_meyve,0.9857417345046997,False,domates_sağlıklı_meyve,0.974457323551178,False,False,-0.011284410953521729,244.39384099991912,success
dual_view_inference,/content/bitirmeprojesi/data/prepared_runtime_datasets/tomato__fruit/test/domates_gray_mold_meyve/Mendeley_Gray_0509_051_fruit_00.jpg,domates_gray_mold_meyve,tomato,fruit,ok,0.637006938457489,tomato,fruit,eggplant,unknown,"[26.073476791381836, 2.8800148963928223, 1496.23681640625, 1372.382568359375]",0.8452209814113771,roi_ok,True,True,True,grounding_dino,True,router_then_grounding_dino,a tomato fruit.,0.637006938457489,grounding_dino,43,ok,,full_image,full_image,domates_gray_mold_meyve,0.9778417348861694,False,-0.38731029629707336,domates_gray_mold_meyve,0.9778417348861694,False,domates_gray_mold_meyve,0.9690399765968323,False,False,-0.008801758289337158,254.79526699996313,success
dual_view_inference,/content/bitirmeprojesi/data/prepared_runtime_datasets/tomato__fruit/test/domates_gray_mold_meyve/Mendeley_Gray_0509_059_fruit_00.jpg,domates_gray_mold_meyve,tomato,fruit,ok,0.7991507053375244,tomato,fruit,pumpkin,unknown,"[49.79180145263672, 17.676864624023438, 2012.623291015625, 2197.0927734375]",0.9146771611512892,roi_too_large,True,True,False,grounding_dino,True,router_then_grounding_dino,a tomato fruit.,0.7991507053375244,grounding_dino,34,ok,,full_image,full_image,domates_gray_mold_meyve,0.9558992981910706,False,-0.17107835412025452,domates_gray_mold_meyve,0.9558992981910706,False,,,,False,,165.29580600013105,fallback_full_image
dual_view_inference,/content/bitirmeprojesi/data/prepared_runtime_datasets/tomato__fruit/test/domates_gray_mold_meyve/Mendeley_Gray_0617_001_fruit_00.jpg,domates_gray_mold_meyve,tomato,fruit,ok,0.889024555683136,tomato,fruit,eggplant,unknown,"[108.95454406738281, 89.65560913085938, 1376.8701171875, 1523.98583984375]",0.7870213725058292,roi_ok,True,True,True,grounding_dino,True,router_then_grounding_dino,a tomato fruit.,0.889024555683136,grounding_dino,16,ok,,full_image,full_image,domates_gray_mold_meyve,0.994845986366272,False,-0.8500442504882812,domates_gray_mold_meyve,0.994845986366272,False,domates_gray_mold_meyve,0.9962286949157715,False,False,0.0013827085494995117,258.58757100013463,success
dual_view_inference,/content/bitirmeprojesi/data/prepared_runtime_datasets/tomato__fruit/test/domates_gray_mold_meyve/Mendeley_Gray_0617_004_fruit_00.jpg,domates_gray_mold_meyve,tomato,fruit,ok,0.6740950912886647,tomato,fruit,tomato,leaf,"[103.0018081665039, 23.06197738647461, 1682.666015625, 1559.62548828125]",0.8392299327328436,roi_ok,True,True,True,router_detection,True,router_then_grounding_dino,,0.6740950912886647,router_detection,0,,,full_image,full_image,domates_gray_mold_meyve,0.973706066608429,False,-0.42372435331344604,domates_gray_mold_meyve,0.973706066608429,False,domates_gray_mold_meyve,0.973706066608429,False,False,0.0,265.6562809997922,success
dual_view_inference,/content/bitirmeprojesi/data/prepared_runtime_datasets/tomato__fruit/test/domates_gray_mold_meyve/Mendeley_Gray_0617_007_fruit_00.jpg,domates_gray_mold_meyve,tomato,fruit,ok,0.8242948651313782,tomato,fruit,eggplant,unknown,"[1.6420328617095947, 0.12386441230773926, 1853.49609375, 1798.174560546875]",0.9148608317726716,roi_too_large,True,True,False,grounding_dino,True,router_then_grounding_dino,tomatoes.,0.8242948651313782,grounding_dino,21,ok,,full_image,full_image,domates_gray_mold_meyve,0.9920681715011597,False,-0.7438215017318726,domates_gray_mold_meyve,0.9920681715011597,False,,,,False,,151.0308960000657,fallback_full_image
dual_view_inference,/content/bitirmeprojesi/data/prepared_runtime_datasets/tomato__fruit/test/domates_gray_mold_meyve/Mendeley_Gray_0617_010_fruit_00.jpg,domates_gray_mold_meyve,tomato,fruit,ok,0.9034051299095154,tomato,fruit,eggplant,unknown,"[86.74467468261719, 56.73695755004883, 1920.4632568359375, 1827.774658203125]",0.8658348846987668,roi_ok,True,True,True,grounding_dino,True,router_then_grounding_dino,a tomato fruit.,0.9034051299095154,grounding_dino,13,ok,,full_image,full_image,domates_gray_mold_meyve,0.9707268476486206,False,-0.30634963512420654,domates_gray_mold_meyve,0.9707268476486206,False,domates_gray_mold_meyve,0.9707268476486206,False,False,0.0,276.9914620000691,success
dual_view_inference,/content/bitirmeprojesi/data/prepared_runtime_datasets/tomato__fruit/test/domates_late_blight_meyve/Kaggle_test_L_blight_26_zoom_3_jpg.rf.7f0e787e4ef8a5052c80029f7d381ef0.jpg,domates_late_blight_meyve,tomato,fruit,ok,0.6038760542869568,tomato,fruit,eggplant,unknown,"[0.00377655029296875, 0.0, 640.0, 639.9563598632812]",0.9999259118289103,roi_too_large,True,True,False,grounding_dino,True,router_then_grounding_dino,tomato on plant.,0.6038760542869568,grounding_dino,93,ok,,full_image,full_image,domates_late_blight_meyve,0.990563154220581,False,-1.1134793758392334,domates_late_blight_meyve,0.990563154220581,False,,,,False,,112.91870500008372,fallback_full_image
dual_view_inference,/content/bitirmeprojesi/data/prepared_runtime_datasets/tomato__fruit/test/domates_late_blight_meyve/Kaggle_train_L_blight_29_zoom_5_jpg.rf.0454084d62d8bc7991a2fe315542e1f7.jpg,domates_late_blight_meyve,tomato,fruit,ok,0.7369754640326882,tomato,fruit,tomato,fruit,"[146.79925537109375, 49.11661148071289, 458.30352783203125, 493.71337890625]",0.33811961077972796,roi_ok,True,True,True,router_detection,True,router_then_grounding_dino,,0.7369754640326882,router_detection,0,,,full_image,full_image,domates_late_blight_meyve,0.9967370629310608,False,-1.1705703735351562,domates_late_blight_meyve,0.9967370629310608,False,domates_late_blight_meyve,0.9970135688781738,False,False,0.0002765059471130371,220.73393600021518,success
dual_view_inference,/content/bitirmeprojesi/data/prepared_runtime_datasets/tomato__fruit/test/domates_late_blight_meyve/Kaggle_train_L_blight_3-Copy_jpg.rf.2ed0d6056933b9aa53033d09fc03f18c.jpg,domates_late_blight_meyve,tomato,fruit,ok,0.7431288957595825,tomato,fruit,eggplant,unknown,"[288.8338928222656, 0.11371612548828125, 639.597900390625, 615.79052734375]",0.5272394181392229,roi_ok,True,True,True,grounding_dino,True,router_then_grounding_dino,tomato fruits.,0.7431288957595825,grounding_dino,29,ok,,full_image,full_image,domates_late_blight_meyve,0.9384920597076416,False,-0.2170834243297577,domates_late_blight_meyve,0.9384920597076416,False,domates_late_blight_meyve,0.9029808640480042,False,False,-0.03551119565963745,228.56692399977874,success
dual_view_inference,/content/bitirmeprojesi/data/prepared_runtime_datasets/tomato__fruit/test/domates_late_blight_meyve/Kaggle_train_L_blight_32_jpg.rf.6527bb375e4129d56184cc09fcf0cce0.jpg,domates_late_blight_meyve,tomato,fruit,ok,0.8663482069969177,tomato,fruit,eggplant,unknown,"[109.849853515625, 41.91343307495117, 560.3665771484375, 588.909423828125]",0.6016377968613381,roi_ok,True,True,True,grounding_dino,True,router_then_grounding_dino,a tomato fruit.,0.8663482069969177,grounding_dino,18,ok,,full_image,full_image,domates_late_blight_meyve,0.9623900055885315,False,-1.1555821895599365,domates_late_blight_meyve,0.9623900055885315,False,domates_late_blight_meyve,0.9825085401535034,False,False,0.020118534564971924,226.1977890000253,success
dual_view_inference,/content/bitirmeprojesi/data/prepared_runtime_datasets/tomato__fruit/test/domates_late_blight_meyve/Kaggle_train_L_blight_32_zoom_1_jpg.rf.8e3e547ffbd4caf222f148cbfdc9ae53.jpg,domates_late_blight_meyve,tomato,fruit,ok,0.8625466823577881,tomato,fruit,eggplant,unknown,"[112.62554168701172, 0.3215217590332031, 639.9349365234375, 626.9044189453125]",0.8066480672122835,roi_ok,True,True,True,grounding_dino,True,router_then_grounding_dino,a tomato fruit.,0.8625466823577881,grounding_dino,13,ok,,full_image,full_image,domates_late_blight_meyve,0.9773203134536743,False,-0.8317339420318604,domates_late_blight_meyve,0.9773203134536743,False,domates_late_blight_meyve,0.9836904406547546,False,False,0.006370127201080322,223.1954090000272,success
dual_view_inference,/content/bitirmeprojesi/data/prepared_runtime_datasets/tomato__fruit/test/domates_late_blight_meyve/Kaggle_train_L_blight_4_zoom_2_jpg.rf.9325d80a269329091927ad68f733166c.jpg,domates_late_blight_meyve,tomato,fruit,ok,0.5943891406059265,tomato,fruit,eggplant,unknown,"[218.94046020507812, 26.257123947143555, 381.8712158203125, 225.72567749023438]",0.07934463415589263,roi_ok,True,True,True,grounding_dino,True,router_then_grounding_dino,tomato fruits.,0.5943891406059265,grounding_dino,57,ok,,full_image,full_image,domates_late_blight_meyve,0.9681792259216309,False,-0.6675843596458435,domates_late_blight_meyve,0.9681792259216309,False,domates_blossom_end_rot_meyve,0.6685277819633484,True,True,-0.29965144395828247,222.06508799990843,success
dual_view_inference,/content/bitirmeprojesi/data/prepared_runtime_datasets/tomato__fruit/test/domates_late_blight_meyve/Kaggle_train_L_blight_5_jpg.rf.045d610554d341e2ffb311013c8c689c.jpg,domates_late_blight_meyve,tomato,fruit,ok,0.7941190004348755,tomato,fruit,eggplant,unknown,"[397.22406005859375, 73.12318420410156, 619.735595703125, 452.0103454589844]",0.2058270607588406,roi_ok,True,True,True,grounding_dino,True,router_then_grounding_dino,tomato fruits.,0.7941190004348755,grounding_dino,26,ok,,router_primary_roi,router_primary_roi,domates_spotted_wilt_meyve,0.9908526539802551,False,0.41686391830444336,domates_late_blight_meyve,0.701262354850769,False,domates_spotted_wilt_meyve,0.9908526539802551,False,True,0.2895902991294861,222.63896100002967,success
dual_view_inference,/content/bitirmeprojesi/data/prepared_runtime_datasets/tomato__fruit/test/domates_late_blight_meyve/Kaggle_train_L_blight_7_jpg.rf.6fa866648df043b66072fb63da84510d.jpg,domates_late_blight_meyve,tomato,fruit,ok,0.78648442029953,tomato,fruit,eggplant,unknown,"[0.0, 91.42060852050781, 335.03814697265625, 583.7301635742188]",0.40269160415558647,roi_ok,True,True,True,grounding_dino,True,router_then_grounding_dino,tomato fruits.,0.78648442029953,grounding_dino,25,ok,,full_image,full_image,domates_late_blight_meyve,0.9332406520843506,False,0.8415738344192505,domates_late_blight_meyve,0.9332406520843506,False,domates_late_blight_meyve,0.47802671790122986,False,False,-0.4552139341831207,224.1131339999356,success
dual_view_inference,/content/bitirmeprojesi/data/prepared_runtime_datasets/tomato__fruit/test/domates_late_blight_meyve/Kaggle_train_L_blight_9_jpg.rf.4ceae07385b13640e2d271e9f2fa7ed0.jpg,domates_late_blight_meyve,tomato,fruit,ok,0.6213940382003784,tomato,fruit,potato,leaf,"[0.5063247680664062, 8.301887512207031, 637.1517944335938, 639.7113647460938]",0.981406208947346,roi_too_large,True,True,False,grounding_dino,True,router_then_grounding_dino,tomato on plant.,0.6213940382003784,grounding_dino,76,ok,,full_image,full_image,domates_late_blight_meyve,0.8379392623901367,False,0.6744086742401123,domates_late_blight_meyve,0.8379392623901367,False,,,,False,,114.05038699990655,fallback_full_image
dual_view_inference,/content/bitirmeprojesi/data/prepared_runtime_datasets/tomato__fruit/test/domates_late_blight_meyve/Kaggle_train_LateBlight_101_jpg.rf.80dd71eec2b1604a45d9e87f63d10236.jpg,domates_late_blight_meyve,tomato,fruit,ok,0.8319461345672607,tomato,fruit,eggplant,unknown,"[106.18698120117188, 136.77305603027344, 581.4306030273438, 560.1502075195312]",0.4912287374809637,roi_ok,True,True,True,grounding_dino,True,router_then_grounding_dino,tomato on plant.,0.8319461345672607,grounding_dino,14,ok,,full_image,full_image,domates_late_blight_meyve,0.9390519261360168,False,-0.3791474997997284,domates_late_blight_meyve,0.9390519261360168,False,domates_late_blight_meyve,0.9398972392082214,False,False,0.0008453130722045898,233.01401100002295,success
dual_view_inference,/content/bitirmeprojesi/data/prepared_runtime_datasets/tomato__fruit/test/domates_late_blight_meyve/Kaggle_train_LateBlight_108_zoom_1_jpg.rf.1f83fec085657c61df5e26e65cd634b0.jpg,domates_late_blight_meyve,tomato,fruit,ok,0.57962566614151,tomato,fruit,honeydew,unknown,"[284.0579833984375, 0.004177093505859375, 639.7058715820312, 471.69769287109375]",0.40956250672898875,roi_ok,True,True,True,grounding_dino,True,router_then_grounding_dino,tomato on plant.,0.57962566614151,grounding_dino,30,ok,,full_image,full_image,domates_late_blight_meyve,0.9880204796791077,False,-0.6937874555587769,domates_late_blight_meyve,0.9880204796791077,False,domates_late_blight_meyve,0.864695131778717,False,False,-0.12332534790039062,227.4191650001285,success
dual_view_inference,/content/bitirmeprojesi/data/prepared_runtime_datasets/tomato__fruit/test/domates_late_blight_meyve/Kaggle_train_LateBlight_108_zoom_2_jpg.rf.87c933da03d65a7e5ccd5db1df3fc586.jpg,domates_late_blight_meyve,tomato,fruit,ok,0.6596388816833496,tomato,fruit,eggplant,unknown,"[281.2970275878906, 224.41143798828125, 632.8965454101562, 640.0]",0.35674008304631116,roi_ok,True,True,True,grounding_dino,True,router_then_grounding_dino,tomato on plant.,0.6596388816833496,grounding_dino,31,ok,,full_image,full_image,domates_late_blight_meyve,0.9928223490715027,False,-0.9085482954978943,domates_late_blight_meyve,0.9928223490715027,False,domates_late_blight_meyve,0.7103103995323181,False,False,-0.28251194953918457,225.024502999986,success
dual_view_inference,/content/bitirmeprojesi/data/prepared_runtime_datasets/tomato__fruit/test/domates_late_blight_meyve/Kaggle_train_LateBlight_108_zoom_3_jpg.rf.94859d22946212ae95cd7ca2148a00a5.jpg,domates_late_blight_meyve,tomato,fruit,ok,0.5950549840927124,tomato,fruit,chickpea,unknown,"[249.69973754882812, 154.05442810058594, 640.0, 639.9984741210938]",0.46304709154880014,roi_ok,True,True,True,grounding_dino,True,router_then_grounding_dino,fruit on tomato plant.,0.5950549840927124,grounding_dino,26,ok,,full_image,full_image,domates_late_blight_meyve,0.9746053814888,False,-0.3022792935371399,domates_late_blight_meyve,0.9746053814888,False,domates_late_blight_meyve,0.8782808780670166,False,False,-0.09632450342178345,225.5590330000814,success
dual_view_inference,/content/bitirmeprojesi/data/prepared_runtime_datasets/tomato__fruit/test/domates_late_blight_meyve/Kaggle_train_LateBlight_108_zoom_5_jpg.rf.ae71aadebb9d09a8c9ea224cd8ebbf34.jpg,domates_late_blight_meyve,tomato,fruit,ok,0.7009925246238708,tomato,fruit,eggplant,unknown,"[299.45343017578125, 0.1922607421875, 639.4579467773438, 556.7227783203125]",0.46196994532023383,roi_ok,True,True,True,grounding_dino,True,router_then_grounding_dino,tomato fruits.,0.7009925246238708,grounding_dino,24,ok,,full_image,full_image,domates_late_blight_meyve,0.995667576789856,False,-1.1879712343215942,domates_late_blight_meyve,0.995667576789856,False,domates_late_blight_meyve,0.9607667326927185,False,False,-0.03490084409713745,229.05856599982144,success
dual_view_inference,/content/bitirmeprojesi/data/prepared_runtime_datasets/tomato__fruit/test/domates_late_blight_meyve/Kaggle_train_buck12_jpg.rf.8fae2b952a77d7b941b6543e7247b61e.jpg,domates_late_blight_meyve,tomato,fruit,ok,0.7401233315467834,tomato,fruit,honeydew,unknown,"[117.86884307861328, 21.932125091552734, 541.5184936523438, 557.9159545898438]",0.5543685597659203,roi_ok,True,True,True,grounding_dino,True,router_then_grounding_dino,fruit on tomato plant.,0.7401233315467834,grounding_dino,14,ok,,full_image,full_image,domates_late_blight_meyve,0.883732795715332,False,0.20064228773117065,domates_late_blight_meyve,0.883732795715332,False,domates_late_blight_meyve,0.7251107692718506,False,False,-0.15862202644348145,226.86859400005233,success
dual_view_inference,/content/bitirmeprojesi/data/prepared_runtime_datasets/tomato__fruit/test/domates_late_blight_meyve/Kaggle_train_buck13_jpeg.rf.99edae068d5681d76a8c683eb70f8417.jpg,domates_late_blight_meyve,tomato,fruit,ok,0.7449637651443481,tomato,fruit,eggplant,unknown,"[45.644500732421875, 212.7850341796875, 293.83172607421875, 497.9984130859375]",0.17281815708276554,roi_ok,True,True,True,grounding_dino,True,router_then_grounding_dino,tomato fruits.,0.7449637651443481,grounding_dino,25,ok,,full_image,full_image,domates_late_blight_meyve,0.9881072640419006,False,-0.16595646739006042,domates_late_blight_meyve,0.9881072640419006,False,domates_late_blight_meyve,0.8969373106956482,False,False,-0.09116995334625244,226.9574370002374,success
dual_view_inference,/content/bitirmeprojesi/data/prepared_runtime_datasets/tomato__fruit/test/domates_late_blight_meyve/Kaggle_train_buck16_jpg.rf.fcebbbe6bdc274225a6d8f89fed2c32f.jpg,domates_late_blight_meyve,tomato,fruit,ok,0.8440854549407959,tomato,fruit,eggplant,unknown,"[111.9356918334961, 41.73379898071289, 550.7325439453125, 577.9173583984375]",0.5744034619790201,roi_ok,True,True,True,grounding_dino,True,router_then_grounding_dino,a tomato fruit.,0.8440854549407959,grounding_dino,17,ok,,full_image,full_image,domates_late_blight_meyve,0.8963892459869385,False,-0.8901281952857971,domates_late_blight_meyve,0.8963892459869385,False,domates_late_blight_meyve,0.943067729473114,False,False,0.04667848348617554,223.6996439999075,success
dual_view_inference,/content/bitirmeprojesi/data/prepared_runtime_datasets/tomato__fruit/test/domates_late_blight_meyve/Kaggle_train_buck19_jpg.rf.8dd2b7c9284d24a2d74c76a53e3b7578.jpg,domates_late_blight_meyve,tomato,fruit,ok,0.7345224022865295,tomato,fruit,avocado,unknown,"[3.0617523193359375, 6.3277435302734375, 334.65087890625, 637.1607055664062]",0.5106868918549736,roi_ok,True,True,True,grounding_dino,True,router_then_grounding_dino,tomato fruits.,0.7345224022865295,grounding_dino,20,ok,,router_primary_roi,router_primary_roi,domates_blossom_end_rot_meyve,0.9303762316703796,True,3.6129343509674072,domates_blossom_end_rot_meyve,0.5928450226783752,True,domates_blossom_end_rot_meyve,0.9303762316703796,True,False,0.3375312089920044,224.25189199998385,success
dual_view_inference,/content/bitirmeprojesi/data/prepared_runtime_datasets/tomato__fruit/test/domates_late_blight_meyve/Kaggle_train_buck21_jpg.rf.5c521583815e9ac0bc2e2a8b98ce0e01.jpg,domates_late_blight_meyve,tomato,fruit,ok,0.7706229090690613,tomato,fruit,pepper,bud,"[62.50715255737305, 80.29373168945312, 300.63409423828125, 593.7265014648438]",0.2984916387338174,roi_ok,True,True,True,grounding_dino,True,router_then_grounding_dino,tomato fruits.,0.7706229090690613,grounding_dino,20,ok,,full_image,full_image,domates_late_blight_meyve,0.8348552584648132,False,0.21274130046367645,domates_late_blight_meyve,0.8348552584648132,False,domates_late_blight_meyve,0.7392544746398926,False,False,-0.09560078382492065,223.98495399966123,success
dual_view_inference,/content/bitirmeprojesi/data/prepared_runtime_datasets/tomato__fruit/test/domates_late_blight_meyve/Kaggle_train_buck23_jpg.rf.7d2f18bf40f2f73186620e559986cb93.jpg,domates_late_blight_meyve,tomato,fruit,ok,0.9089599847793579,tomato,fruit,eggplant,unknown,"[97.4013900756836, 90.790771484375, 494.11175537109375, 598.667724609375]",0.49189465722494785,roi_ok,True,True,True,grounding_dino,True,router_then_grounding_dino,a tomato fruit.,0.9089599847793579,grounding_dino,8,ok,,full_image,full_image,domates_late_blight_meyve,0.8304278254508972,False,1.503239393234253,domates_late_blight_meyve,0.8304278254508972,False,domates_late_blight_meyve,0.8332645297050476,False,False,0.0028367042541503906,225.04115399988223,success
dual_view_inference,/content/bitirmeprojesi/data/prepared_runtime_datasets/tomato__fruit/test/domates_late_blight_meyve/Kaggle_train_buck2_jpg.rf.be8bd16e5d71f21893d60e89b288300a.jpg,domates_late_blight_meyve,tomato,fruit,ok,0.8197479844093323,tomato,fruit,mango,unknown,"[184.48280334472656, 79.56536865234375, 614.2638549804688, 472.173828125]",0.41195233543273163,roi_ok,True,True,True,grounding_dino,True,router_then_grounding_dino,fruit on tomato plant.,0.8197479844093323,grounding_dino,12,ok,,full_image,full_image,domates_blossom_end_rot_meyve,0.995799720287323,False,1.8652229309082031,domates_blossom_end_rot_meyve,0.995799720287323,False,domates_blossom_end_rot_meyve,0.9851657152175903,True,False,-0.010634005069732666,222.81080699985978,success
dual_view_inference,/content/bitirmeprojesi/data/prepared_runtime_datasets/tomato__fruit/test/domates_late_blight_meyve/Kaggle_valid_L_blight_16_jpg.rf.acd5f4eaff453da96782eb7a921422c6.jpg,domates_late_blight_meyve,tomato,fruit,ok,0.7981395689183743,tomato,fruit,tomato,fruit,"[67.23527526855469, 1.4544105529785156, 640.0, 638.777587890625]",0.8912017437323417,roi_ok,True,True,True,router_detection,True,router_then_grounding_dino,,0.7981395689183743,router_detection,0,,,full_image,full_image,domates_late_blight_meyve,0.8252087235450745,False,0.18401743471622467,domates_late_blight_meyve,0.8252087235450745,False,domates_late_blight_meyve,0.7718056440353394,False,False,-0.05340307950973511,225.67398900014268,success
dual_view_inference,/content/bitirmeprojesi/data/prepared_runtime_datasets/tomato__fruit/test/domates_late_blight_meyve/Kaggle_valid_L_blight_26_zoom_4_jpg.rf.be841a5840de1961887e845cb93d1747.jpg,domates_late_blight_meyve,tomato,fruit,ok,0.6605538129806519,tomato,fruit,eggplant,unknown,"[0.0, 0.0, 639.99658203125, 639.7785034179688]",0.9996485728627158,roi_too_large,True,True,False,grounding_dino,True,router_then_grounding_dino,tomato fruits.,0.6605538129806519,grounding_dino,86,ok,,full_image,full_image,domates_late_blight_meyve,0.9499217867851257,False,-0.4662427008152008,domates_late_blight_meyve,0.9499217867851257,False,,,,False,,114.86684600004082,fallback_full_image
dual_view_inference,/content/bitirmeprojesi/data/prepared_runtime_datasets/tomato__fruit/test/domates_late_blight_meyve/Kaggle_valid_L_blight_32_zoom_2_jpg.rf.71ccf48d874c5766b352d3fc57b7b438.jpg,domates_late_blight_meyve,tomato,fruit,ok,0.7926749587059021,tomato,fruit,eggplant,unknown,"[24.847984313964844, 0.0435638427734375, 566.1112060546875, 640.0]",0.8456662168168251,roi_ok,True,True,True,grounding_dino,True,router_then_grounding_dino,tomato fruits.,0.7926749587059021,grounding_dino,15,ok,,full_image,full_image,domates_late_blight_meyve,0.9842290878295898,False,-1.16367769241333,domates_late_blight_meyve,0.9842290878295898,False,domates_late_blight_meyve,0.988856852054596,False,False,0.0046277642250061035,226.36117200022454,success
dual_view_inference,/content/bitirmeprojesi/data/prepared_runtime_datasets/tomato__fruit/test/domates_late_blight_meyve/Kaggle_valid_LateBlight_108_zoom_4_jpg.rf.6eb03a33b728c0a69216d8572bbf5d44.jpg,domates_late_blight_meyve,tomato,fruit,ok,0.35406099572211974,tomato,fruit,tomato,leaf,"[298.049560546875, 38.50522994995117, 405.0706787109375, 253.51531982421875]",0.056178272057860565,roi_ok,True,True,True,router_detection,True,router_then_grounding_dino,,0.35406099572211974,router_detection,0,,,full_image,full_image,domates_late_blight_meyve,0.9905439615249634,False,-0.7232373356819153,domates_late_blight_meyve,0.9905439615249634,False,domates_spotted_wilt_meyve,0.9821558594703674,True,True,-0.008388102054595947,224.4748799998888,success
dual_view_inference,/content/bitirmeprojesi/data/prepared_runtime_datasets/tomato__fruit/test/domates_late_blight_meyve/tomato_late_blight_168.jpg,domates_late_blight_meyve,tomato,fruit,ok,0.5589922666549683,tomato,fruit,eggplant,unknown,"[0.01316070556640625, 0.11586713790893555, 640.0, 390.470703125]",0.9957826757281386,roi_too_large,True,True,False,grounding_dino,True,router_then_grounding_dino,tomato on plant.,0.5589922666549683,grounding_dino,55,ok,,full_image,full_image,domates_spotted_wilt_meyve,0.6258641481399536,True,6.851099014282227,domates_spotted_wilt_meyve,0.6258641481399536,True,,,,False,,113.59803100003774,fallback_full_image
dual_view_inference,/content/bitirmeprojesi/data/prepared_runtime_datasets/tomato__fruit/test/domates_late_blight_meyve/tomato_late_blight_186.jpg,domates_late_blight_meyve,tomato,fruit,ok,0.7208432555198669,tomato,fruit,eggplant,unknown,"[334.7830810546875, 95.34814453125, 570.54248046875, 315.9835205078125]",0.18142042316451676,roi_ok,True,True,True,grounding_dino,True,router_then_grounding_dino,tomatoes.,0.7208432555198669,grounding_dino,30,ok,,full_image,full_image,domates_late_blight_meyve,0.7489234805107117,False,-0.1212327778339386,domates_late_blight_meyve,0.7489234805107117,False,domates_late_blight_meyve,0.6246947646141052,False,False,-0.12422871589660645,225.73413800000708,success
dual_view_inference,/content/bitirmeprojesi/data/prepared_runtime_datasets/tomato__fruit/test/domates_late_blight_meyve/tomato_late_blight_220.jpg,domates_late_blight_meyve,tomato,fruit,ok,0.9169332385063171,tomato,fruit,pumpkin,unknown,"[98.15009307861328, 43.80949401855469, 402.408203125, 358.5529479980469]",0.5117608467990498,roi_ok,True,True,True,grounding_dino,True,router_then_grounding_dino,a tomato fruit.,0.9169332385063171,grounding_dino,9,ok,,full_image,full_image,domates_late_blight_meyve,0.8050310611724854,False,-0.09717968106269836,domates_late_blight_meyve,0.8050310611724854,False,domates_late_blight_meyve,0.6873069405555725,False,False,-0.11772412061691284,233.43880700008413,success
dual_view_inference,/content/bitirmeprojesi/data/prepared_runtime_datasets/tomato__fruit/test/domates_late_blight_meyve/tomato_late_blight_3.jpg,domates_late_blight_meyve,tomato,fruit,ok,0.7598894834518433,tomato,fruit,eggplant,unknown,"[797.335693359375, 174.86196899414062, 1458.4173583984375, 807.8192749023438]",0.21793566129605946,roi_ok,True,True,True,grounding_dino,True,router_then_grounding_dino,tomato fruits.,0.7598894834518433,grounding_dino,18,ok,,full_image,full_image,domates_spotted_wilt_meyve,0.9047978520393372,True,3.022554636001587,domates_spotted_wilt_meyve,0.9047978520393372,True,domates_spotted_wilt_meyve,0.93841153383255,True,False,0.03361368179321289,241.98710099972232,success
dual_view_inference,/content/bitirmeprojesi/data/prepared_runtime_datasets/tomato__fruit/test/domates_late_blight_meyve/tomato_late_blight_39.jpg,domates_late_blight_meyve,tomato,fruit,ok,0.9090502262115479,tomato,fruit,eggplant,unknown,"[180.96205139160156, 77.43816375732422, 499.876220703125, 382.8385009765625]",0.29654273185888597,roi_ok,True,True,True,grounding_dino,True,router_then_grounding_dino,a tomato fruit.,0.9090502262115479,grounding_dino,9,ok,,full_image,full_image,domates_blossom_end_rot_meyve,0.7533624768257141,True,3.2561745643615723,domates_blossom_end_rot_meyve,0.7533624768257141,True,domates_blossom_end_rot_meyve,0.8264517188072205,True,False,0.07308924198150635,229.29111600001306,success
dual_view_inference,/content/bitirmeprojesi/data/prepared_runtime_datasets/tomato__fruit/test/domates_late_blight_meyve/tomato_late_blight_83.jpg,domates_late_blight_meyve,tomato,fruit,ok,0.6204802393913269,tomato,fruit,eggplant,unknown,"[126.0813980102539, 62.33747482299805, 595.3374633789062, 478.8189392089844]",0.18095967895994672,roi_ok,True,True,True,grounding_dino,True,router_then_grounding_dino,fruit on tomato plant.,0.6204802393913269,grounding_dino,196,ok,,router_primary_roi,router_primary_roi,domates_late_blight_meyve,0.9875226616859436,False,-0.43718579411506653,domates_late_blight_meyve,0.8550440669059753,False,domates_late_blight_meyve,0.9875226616859436,False,False,0.13247859477996826,230.06379099979313,success
dual_view_inference,/content/bitirmeprojesi/data/prepared_runtime_datasets/tomato__fruit/test/domates_late_blight_meyve/tomato_late_blight_google_0044.jpg,domates_late_blight_meyve,tomato,fruit,ok,0.6144680380821228,tomato,fruit,eggplant,unknown,"[867.964111328125, 240.31837463378906, 1175.125244140625, 519.6851196289062]",0.08273038805478525,roi_ok,True,True,True,grounding_dino,True,router_then_grounding_dino,tomatoes.,0.6144680380821228,grounding_dino,58,ok,,full_image,full_image,domates_late_blight_meyve,0.935038149356842,False,-0.09695351123809814,domates_late_blight_meyve,0.935038149356842,False,domates_gray_mold_meyve,0.29561612010002136,True,True,-0.6394220292568207,240.7832439998856,success
dual_view_inference,/content/bitirmeprojesi/data/prepared_runtime_datasets/tomato__fruit/test/domates_late_blight_meyve/tomato_late_blight_google_0092.jpg,domates_late_blight_meyve,tomato,fruit,ok,0.7911094427108765,tomato,fruit,pumpkin,unknown,"[286.0167541503906, 17.971317291259766, 916.3643188476562, 661.4553833007812]",0.5007637209019709,roi_ok,True,True,True,grounding_dino,True,router_then_grounding_dino,a tomato fruit.,0.7911094427108765,grounding_dino,18,ok,,full_image,full_image,domates_late_blight_meyve,0.8050397634506226,False,0.10571271181106567,domates_late_blight_meyve,0.8050397634506226,False,domates_late_blight_meyve,0.7009007334709167,False,False,-0.10413902997970581,239.67890099993383,success
dual_view_inference,/content/bitirmeprojesi/data/prepared_runtime_datasets/tomato__fruit/test/domates_late_blight_meyve/tomato_late_blight_google_0220.jpg,domates_late_blight_meyve,tomato,fruit,ok,0.8171776912094448,tomato,fruit,tomato,fruit,"[2.2386741638183594, 0.5075781345367432, 637.8758544921875, 520.9232177734375]",0.9882753638230626,roi_too_large,True,True,False,router_detection,True,router_then_grounding_dino,,0.8171776912094448,router_detection,0,,,full_image,full_image,domates_blossom_end_rot_meyve,0.6685355305671692,False,1.3203715085983276,domates_blossom_end_rot_meyve,0.6685355305671692,False,,,,False,,112.62644800012822,fallback_full_image
dual_view_inference,/content/bitirmeprojesi/data/prepared_runtime_datasets/tomato__fruit/test/domates_sağlıklı_meyve/Kaggle_train_h13_jpg.rf.da8819433f2f934fa2ff99ff0c7c5468.jpg,domates_sağlıklı_meyve,tomato,fruit,ok,0.738700019351001,tomato,fruit,tomato,fruit,"[394.20361328125, 336.0020446777344, 569.4635620117188, 428.69049072265625]",0.0396596003460445,roi_ok,True,True,True,router_detection,True,router_then_grounding_dino,,0.738700019351001,router_detection,0,,,full_image,full_image,domates_sağlıklı_meyve,0.9966157078742981,False,-0.2963610291481018,domates_sağlıklı_meyve,0.9966157078742981,False,domates_spotted_wilt_meyve,0.43385449051856995,True,True,-0.5627612173557281,229.95764200004487,success
dual_view_inference,/content/bitirmeprojesi/data/prepared_runtime_datasets/tomato__fruit/test/domates_sağlıklı_meyve/Kaggle_train_h52_jpg.rf.8846f3cd7c518474c7f643f09be00a2c.jpg,domates_sağlıklı_meyve,tomato,fruit,ok,0.5831297822471317,tomato,fruit,tomato,leaf,"[306.490966796875, 294.2658996582031, 369.74371337890625, 460.649169921875]",0.025693844798529427,roi_ok,True,True,True,router_detection,True,router_then_grounding_dino,,0.5831297822471317,router_detection,0,,,full_image,full_image,domates_sağlıklı_meyve,0.696429431438446,False,0.2009362131357193,domates_sağlıklı_meyve,0.696429431438446,False,domates_antraknoz_meyve,0.4545390009880066,True,True,-0.24189043045043945,222.54889100008768,success
dual_view_inference,/content/bitirmeprojesi/data/prepared_runtime_datasets/tomato__fruit/test/domates_sağlıklı_meyve/Kaggle_train_h58_jpg.rf.8ba5ca3389b8f3543400f0da664a73b5.jpg,domates_sağlıklı_meyve,tomato,fruit,ok,0.7691197395324707,tomato,fruit,eggplant,unknown,"[129.34710693359375, 17.974796295166016, 475.0346374511719, 576.512939453125]",0.47138591652379974,roi_ok,True,True,True,grounding_dino,True,router_then_grounding_dino,tomato fruits.,0.7691197395324707,grounding_dino,92,ok,,router_primary_roi,router_primary_roi,domates_blossom_end_rot_meyve,0.7361273765563965,True,2.598104953765869,domates_blossom_end_rot_meyve,0.6198385953903198,False,domates_blossom_end_rot_meyve,0.7361273765563965,True,False,0.11628878116607666,225.3541719999248,success
dual_view_inference,/content/bitirmeprojesi/data/prepared_runtime_datasets/tomato__fruit/test/domates_sağlıklı_meyve/Kaggle_train_h61_jpg.rf.92ddde0419354ab344451683ba153c47.jpg,domates_sağlıklı_meyve,tomato,fruit,ok,0.6075115203857422,tomato,fruit,tomato,leaf,"[0.05352020263671875, 0.104522705078125, 640.0, 640.0]",0.9997530716141085,roi_too_large,True,True,False,grounding_dino,True,router_then_grounding_dino,tomato on plant.,0.6075115203857422,grounding_dino,87,ok,,full_image,full_image,domates_blossom_end_rot_meyve,0.5172994136810303,True,2.587972402572632,domates_blossom_end_rot_meyve,0.5172994136810303,True,,,,False,,112.48224700011633,fallback_full_image
dual_view_inference,/content/bitirmeprojesi/data/prepared_runtime_datasets/tomato__fruit/test/domates_sağlıklı_meyve/Kaggle_train_h68_jpg.rf.302b70de0fcfce8aee4dcff4ffab2664.jpg,domates_sağlıklı_meyve,tomato,fruit,ok,0.6470499634742737,tomato,fruit,honeydew,unknown,"[117.74422454833984, 309.96728515625, 310.63800048828125, 506.7164611816406]",0.09265549676906687,roi_ok,True,True,True,grounding_dino,True,router_then_grounding_dino,tomatoes.,0.6470499634742737,grounding_dino,62,ok,,router_primary_roi,router_primary_roi,domates_spotted_wilt_meyve,0.7227398157119751,True,9.832354545593262,domates_sağlıklı_meyve,0.45324188470840454,False,domates_spotted_wilt_meyve,0.7227398157119751,True,True,0.26949793100357056,222.2247919999063,success
dual_view_inference,/content/bitirmeprojesi/data/prepared_runtime_datasets/tomato__fruit/test/domates_sağlıklı_meyve/Kaggle_train_h72_jpg.rf.ea54c563e200d89fe640dc25d1de77b4.jpg,domates_sağlıklı_meyve,tomato,fruit,ok,0.7370330473801374,tomato,fruit,tomato,fruit,"[132.259521484375, 512.4954223632812, 194.97840881347656, 623.8958740234375]",0.01705789154317472,roi_too_small,True,True,False,router_detection,True,router_then_grounding_dino,,0.7370330473801374,router_detection,0,,,full_image,full_image,domates_sağlıklı_meyve,0.4264069199562073,False,0.03032192587852478,domates_sağlıklı_meyve,0.4264069199562073,False,,,,False,,111.8360919999759,fallback_full_image
dual_view_inference,/content/bitirmeprojesi/data/prepared_runtime_datasets/tomato__fruit/test/domates_sağlıklı_meyve/Kaggle_train_h79_jpg.rf.06c151efbe0092df302d1602f46c9228.jpg,domates_sağlıklı_meyve,tomato,fruit,ok,0.837631302495306,tomato,fruit,tomato,leaf,"[0.3380775451660156, 3.5190391540527344, 639.1198120117188, 637.547119140625]",0.98878309725176,roi_too_large,True,True,False,router_detection,True,router_then_grounding_dino,,0.837631302495306,router_detection,0,,,full_image,full_image,domates_sağlıklı_meyve,0.4562099575996399,False,-0.2570366859436035,domates_sağlıklı_meyve,0.4562099575996399,False,,,,False,,112.69859899994117,fallback_full_image
dual_view_inference,/content/bitirmeprojesi/data/prepared_runtime_datasets/tomato__fruit/test/domates_sağlıklı_meyve/Kaggle_train_h81_jpg.rf.f15cfb7dc7f11ca2938306902fd1cee9.jpg,domates_sağlıklı_meyve,tomato,fruit,ok,0.6816555857658386,tomato,fruit,eggplant,unknown,"[456.59912109375, 134.72547912597656, 633.1460571289062, 409.3666076660156]",0.11837658631098975,roi_ok,True,True,True,grounding_dino,True,router_then_grounding_dino,tomato fruit.,0.6816555857658386,grounding_dino,61,ok,,router_primary_roi,router_primary_roi,domates_blossom_end_rot_meyve,0.99250727891922,True,2.5196762084960938,domates_sağlıklı_meyve,0.6466254591941833,False,domates_blossom_end_rot_meyve,0.99250727891922,True,True,0.3458818197250366,219.51482600002237,success
dual_view_inference,/content/bitirmeprojesi/data/prepared_runtime_datasets/tomato__fruit/test/domates_sağlıklı_meyve/Kaggle_valid_h1_jpg.rf.d97cd11c9079639c4bdc26d85ced5e19.jpg,domates_sağlıklı_meyve,tomato,fruit,ok,0.8553435206413269,tomato,fruit,walnut,unknown,"[25.97637176513672, 11.675872802734375, 617.5601806640625, 613.9488525390625]",0.869860701536432,roi_ok,True,True,True,grounding_dino,True,router_then_grounding_dino,a tomato fruit.,0.8553435206413269,grounding_dino,14,ok,,full_image,full_image,domates_sağlıklı_meyve,0.9940654039382935,False,0.5110102295875549,domates_sağlıklı_meyve,0.9940654039382935,False,domates_sağlıklı_meyve,0.9940654039382935,False,False,0.0,227.9472270001861,success
dual_view_inference,/content/bitirmeprojesi/data/prepared_runtime_datasets/tomato__fruit/test/domates_spotted_wilt_meyve/Kaggle_train_spot10-Copy-2-_jpg.rf.5d46b7e6ba93ae443458d036e27df4fd.jpg,domates_spotted_wilt_meyve,tomato,fruit,ok,0.825666069984436,tomato,fruit,banana,unknown,"[48.50687026977539, 0.19979476928710938, 560.96142578125, 638.5800170898438]",0.7986837233315361,roi_ok,True,True,True,grounding_dino,True,router_then_grounding_dino,a tomato fruit.,0.825666069984436,grounding_dino,19,ok,,full_image,full_image,domates_spotted_wilt_meyve,0.8759018778800964,True,3.050204277038574,domates_spotted_wilt_meyve,0.8759018778800964,True,domates_spotted_wilt_meyve,0.8609951734542847,True,False,-0.014906704425811768,223.64397699993788,success
dual_view_inference,/content/bitirmeprojesi/data/prepared_runtime_datasets/tomato__fruit/test/domates_spotted_wilt_meyve/Kaggle_train_spot21-Copy-2-_jpg.rf.a58777657e6c00e2598207aaa0cca4b9.jpg,domates_spotted_wilt_meyve,tomato,fruit,ok,0.6462183432452524,tomato,fruit,tomato,fruit,"[155.7398681640625, 366.67138671875, 252.98251342773438, 556.8569946289062]",0.04515173731509549,roi_ok,True,True,True,router_detection,True,router_then_grounding_dino,,0.6462183432452524,router_detection,0,,,router_primary_roi,router_primary_roi,domates_spotted_wilt_meyve,0.9953651428222656,True,3.4170193672180176,domates_spotted_wilt_meyve,0.8208585381507874,True,domates_spotted_wilt_meyve,0.9953651428222656,True,False,0.17450660467147827,222.1465270004046,success
dual_view_inference,/content/bitirmeprojesi/data/prepared_runtime_datasets/tomato__fruit/test/domates_spotted_wilt_meyve/Kaggle_train_spot25-Copy-2-_jpg.rf.15c91668c7f559c22c7c440c845133cf.jpg,domates_spotted_wilt_meyve,tomato,fruit,ok,0.5800223246843843,tomato,fruit,tomato,fruit,"[7.133388519287109, 331.9543151855469, 300.4290466308594, 623.82177734375]",0.20899282078868311,roi_ok,True,True,True,router_detection,True,router_then_grounding_dino,,0.5800223246843843,router_detection,0,,,full_image,full_image,domates_spotted_wilt_meyve,0.9994027614593506,False,0.8686738014221191,domates_spotted_wilt_meyve,0.9994027614593506,False,domates_spotted_wilt_meyve,0.995672345161438,True,False,-0.0037304162979125977,222.9053369999292,success
dual_view_inference,/content/bitirmeprojesi/data/prepared_runtime_datasets/tomato__fruit/test/domates_spotted_wilt_meyve/Kaggle_train_spot8-Copy-2-_jpg.rf.15c0fa2610b7f2f1e06367f1aa9b08d0.jpg,domates_spotted_wilt_meyve,tomato,fruit,ok,0.9004233479499817,tomato,fruit,eggplant,unknown,"[108.94792175292969, 27.983932495117188, 494.8704528808594, 600.0341186523438]",0.5389820697607428,roi_ok,True,True,True,grounding_dino,True,router_then_grounding_dino,a tomato fruit.,0.9004233479499817,grounding_dino,10,ok,,full_image,full_image,domates_spotted_wilt_meyve,0.9913210272789001,False,2.3010873794555664,domates_spotted_wilt_meyve,0.9913210272789001,False,domates_spotted_wilt_meyve,0.9987912774085999,False,False,0.007470250129699707,224.99072499977046,success
