rank,target_id,expected_label,diagnosis,confusion_pair,full_confidence,requires_review,roi_evidence_status,roi_quality_status,router_confidence,target_detection_source,grounding_dino_status,bbox_area_ratio,local_exists,local_path,image_path,suggested_action,review_decision,review_notes
1,tomato__leaf,domates_bacterial_spot_and_speck_yaprak,domates_powdery_mildew_yaprak,domates_bacterial_spot_and_speck_yaprak -> domates_powdery_mildew_yaprak,0.9998668432235718,False,supports_full,roi_ok,0.7542601227760315,grounding_dino,ok,0.8819659704754135,True,data/prepared_runtime_datasets/tomato__leaf/test/domates_bacterial_spot_and_speck_yaprak/Kaggle_Bs62.JPG,/content/bitirmeprojesi/data/prepared_runtime_datasets/tomato__leaf/test/domates_bacterial_spot_and_speck_yaprak/Kaggle_Bs62.JPG,review_label_or_class_boundary,,
2,tomato__leaf,domates_late_blight_yaprak,domates_powdery_mildew_yaprak,domates_late_blight_yaprak -> domates_powdery_mildew_yaprak,0.9998531341552734,False,roi_too_large,roi_too_large,0.6256312727928162,grounding_dino,ok,0.9280517584797712,True,data/prepared_runtime_datasets/tomato__leaf/test/domates_late_blight_yaprak/Kaggle_Lb43.JPG,/content/bitirmeprojesi/data/prepared_runtime_datasets/tomato__leaf/test/domates_late_blight_yaprak/Kaggle_Lb43.JPG,review_label_or_class_boundary,,
3,tomato__leaf,domates_bacterial_spot_and_speck_yaprak,domates_septoria_leaf_spot_yaprak,domates_bacterial_spot_and_speck_yaprak -> domates_septoria_leaf_spot_yaprak,0.9996869564056396,False,conflicts_with_full,roi_ok,0.8785682505335441,router_detection,,0.034878875503636664,True,data/prepared_runtime_datasets/tomato__leaf/test/domates_bacterial_spot_and_speck_yaprak/Kaggle_IMG_3175_jpg.rf.3f51138a2a1172fea6c5982d22fad29c.jpg,/content/bitirmeprojesi/data/prepared_runtime_datasets/tomato__leaf/test/domates_bacterial_spot_and_speck_yaprak/Kaggle_IMG_3175_jpg.rf.3f51138a2a1172fea6c5982d22fad29c.jpg,review_label_or_class_boundary,,
4,tomato__leaf,domates_septoria_leaf_spot_yaprak,domates_powdery_mildew_yaprak,domates_septoria_leaf_spot_yaprak -> domates_powdery_mildew_yaprak,0.999616265296936,False,supports_full,roi_ok,0.596900475861235,router_detection,,0.13967111524602577,True,data/prepared_runtime_datasets/tomato__leaf/test/domates_septoria_leaf_spot_yaprak/Kaggle_Gls43.jpg,/content/bitirmeprojesi/data/prepared_runtime_datasets/tomato__leaf/test/domates_septoria_leaf_spot_yaprak/Kaggle_Gls43.jpg,review_label_or_class_boundary,,
5,tomato__leaf,domates_late_blight_yaprak,domates_powdery_mildew_yaprak,domates_late_blight_yaprak -> domates_powdery_mildew_yaprak,0.9992283582687378,False,supports_full,roi_ok,0.9392229651972248,router_detection,,0.786361235037623,True,data/prepared_runtime_datasets/tomato__leaf/test/domates_late_blight_yaprak/Kaggle_Lb29.JPG,/content/bitirmeprojesi/data/prepared_runtime_datasets/tomato__leaf/test/domates_late_blight_yaprak/Kaggle_Lb29.JPG,review_label_or_class_boundary,,
6,tomato__leaf,domates_bacterial_spot_and_speck_yaprak,domates_powdery_mildew_yaprak,domates_bacterial_spot_and_speck_yaprak -> domates_powdery_mildew_yaprak,0.9988943934440613,False,supports_full,roi_ok,0.853995680809021,grounding_dino,ok,0.8885913327032045,True,data/prepared_runtime_datasets/tomato__leaf/test/domates_bacterial_spot_and_speck_yaprak/Kaggle_Bs30.JPG,/content/bitirmeprojesi/data/prepared_runtime_datasets/tomato__leaf/test/domates_bacterial_spot_and_speck_yaprak/Kaggle_Bs30.JPG,review_label_or_class_boundary,,
7,tomato__leaf,domates_yellow_leaf_curl_yaprak,domates_spotted_wilt_yaprak,domates_yellow_leaf_curl_yaprak -> domates_spotted_wilt_yaprak,0.9986916184425354,False,roi_too_small,roi_too_small,0.4299975215697772,router_detection,,0.0034765276053061876,True,data/prepared_runtime_datasets/tomato__leaf/test/domates_yellow_leaf_curl_yaprak/tomato_yellow_leaf_curl_virus_27.jpg,/content/bitirmeprojesi/data/prepared_runtime_datasets/tomato__leaf/test/domates_yellow_leaf_curl_yaprak/tomato_yellow_leaf_curl_virus_27.jpg,review_label_or_class_boundary,,
8,tomato__leaf,domates_mosaic_virüs_yaprak,domates_powdery_mildew_yaprak,domates_mosaic_virüs_yaprak -> domates_powdery_mildew_yaprak,0.9986897110939026,False,supports_full,roi_ok,0.9673775657686707,router_detection,,0.12397462609607737,True,data/prepared_runtime_datasets/tomato__leaf/test/domates_mosaic_virüs_yaprak/Kaggle_MV_ (784).jpg,/content/bitirmeprojesi/data/prepared_runtime_datasets/tomato__leaf/test/domates_mosaic_virüs_yaprak/Kaggle_MV_ (784).jpg,review_label_or_class_boundary,,
9,tomato__leaf,domates_yellow_leaf_curl_yaprak,domates_spotted_wilt_yaprak,domates_yellow_leaf_curl_yaprak -> domates_spotted_wilt_yaprak,0.9986075758934021,False,roi_too_small,roi_too_small,0.8338332746911948,router_detection,,0.003611641822188695,True,data/prepared_runtime_datasets/tomato__leaf/test/domates_yellow_leaf_curl_yaprak/tomato_yellow_leaf_curl_virus_google_0075.jpg,/content/bitirmeprojesi/data/prepared_runtime_datasets/tomato__leaf/test/domates_yellow_leaf_curl_yaprak/tomato_yellow_leaf_curl_virus_google_0075.jpg,review_label_or_class_boundary,,
10,tomato__leaf,domates_early_blight_yaprak,domates_late_blight_yaprak,domates_early_blight_yaprak -> domates_late_blight_yaprak,0.9984110593795776,False,conflicts_with_full,roi_ok,0.6634540490018157,router_detection,,0.02552687375197808,True,data/prepared_runtime_datasets/tomato__leaf/test/domates_early_blight_yaprak/tomato_1070.jpg,/content/bitirmeprojesi/data/prepared_runtime_datasets/tomato__leaf/test/domates_early_blight_yaprak/tomato_1070.jpg,review_label_or_class_boundary,,
11,tomato__leaf,domates_septoria_leaf_spot_yaprak,domates_powdery_mildew_yaprak,domates_septoria_leaf_spot_yaprak -> domates_powdery_mildew_yaprak,0.9980952143669128,False,roi_too_large,roi_too_large,0.8564162850379944,grounding_dino,ok,0.9396713339838293,True,data/prepared_runtime_datasets/tomato__leaf/test/domates_septoria_leaf_spot_yaprak/Kaggle_Gls56.JPG,/content/bitirmeprojesi/data/prepared_runtime_datasets/tomato__leaf/test/domates_septoria_leaf_spot_yaprak/Kaggle_Gls56.JPG,review_label_or_class_boundary,,
12,tomato__leaf,domates_late_blight_yaprak,domates_powdery_mildew_yaprak,domates_late_blight_yaprak -> domates_powdery_mildew_yaprak,0.9974939823150635,False,supports_full,roi_ok,0.7046167435147612,router_detection,,0.09560361298922072,True,data/prepared_runtime_datasets/tomato__leaf/test/domates_late_blight_yaprak/Kaggle_LB_ (278).JPG,/content/bitirmeprojesi/data/prepared_runtime_datasets/tomato__leaf/test/domates_late_blight_yaprak/Kaggle_LB_ (278).JPG,review_label_or_class_boundary,,
13,tomato__leaf,domates_septoria_leaf_spot_yaprak,domates_powdery_mildew_yaprak,domates_septoria_leaf_spot_yaprak -> domates_powdery_mildew_yaprak,0.9967104196548462,False,roi_too_large,roi_too_large,0.9120196860038664,router_detection,,0.9229268239478148,True,data/prepared_runtime_datasets/tomato__leaf/test/domates_septoria_leaf_spot_yaprak/Kaggle_Gls69.JPG,/content/bitirmeprojesi/data/prepared_runtime_datasets/tomato__leaf/test/domates_septoria_leaf_spot_yaprak/Kaggle_Gls69.JPG,review_label_or_class_boundary,,
14,tomato__leaf,domates_mosaic_virüs_yaprak,domates_powdery_mildew_yaprak,domates_mosaic_virüs_yaprak -> domates_powdery_mildew_yaprak,0.9958412051200867,False,supports_full,roi_ok,0.9674375780384303,router_detection,,0.43310843269902466,True,data/prepared_runtime_datasets/tomato__leaf/test/domates_mosaic_virüs_yaprak/Kaggle_tobacco-mosaic-virus-tomato-1580133887.jpg,/content/bitirmeprojesi/data/prepared_runtime_datasets/tomato__leaf/test/domates_mosaic_virüs_yaprak/Kaggle_tobacco-mosaic-virus-tomato-1580133887.jpg,review_label_or_class_boundary,,
15,tomato__leaf,domates_yellow_leaf_curl_yaprak,domates_powdery_mildew_yaprak,domates_yellow_leaf_curl_yaprak -> domates_powdery_mildew_yaprak,0.9937028288841248,False,supports_full,roi_ok,0.7289911879277685,router_detection,,0.025875138406816243,True,data/prepared_runtime_datasets/tomato__leaf/test/domates_yellow_leaf_curl_yaprak/tomato_yellow_leaf_curl_virus_149.jpg,/content/bitirmeprojesi/data/prepared_runtime_datasets/tomato__leaf/test/domates_yellow_leaf_curl_yaprak/tomato_yellow_leaf_curl_virus_149.jpg,review_label_or_class_boundary,,
16,tomato__leaf,domates_early_blight_yaprak,domates_late_blight_yaprak,domates_early_blight_yaprak -> domates_late_blight_yaprak,0.9906437993049622,False,supports_full,roi_ok,0.8891739845275879,grounding_dino,ok,0.2030945422449739,True,data/prepared_runtime_datasets/tomato__leaf/test/domates_early_blight_yaprak/IMG_2646.jpg,/content/bitirmeprojesi/data/prepared_runtime_datasets/tomato__leaf/test/domates_early_blight_yaprak/IMG_2646.jpg,review_label_or_class_boundary,,
17,tomato__leaf,domates_septoria_leaf_spot_yaprak,domates_early_blight_yaprak,domates_septoria_leaf_spot_yaprak -> domates_early_blight_yaprak,0.9901708960533142,False,roi_too_large,roi_too_large,0.8839915990829468,grounding_dino,ok,0.9486729282743108,True,data/prepared_runtime_datasets/tomato__leaf/test/domates_septoria_leaf_spot_yaprak/Kaggle_septoria-leafspot-on-tomato-leaf-rp-c_jpg.rf.2fa21dba8df784c6f3beb6d633adf226.jpg,/content/bitirmeprojesi/data/prepared_runtime_datasets/tomato__leaf/test/domates_septoria_leaf_spot_yaprak/Kaggle_septoria-leafspot-on-tomato-leaf-rp-c_jpg.rf.2fa21dba8df784c6f3beb6d633adf226.jpg,review_label_or_class_boundary,,
18,tomato__leaf,domates_bacterial_spot_and_speck_yaprak,domates_powdery_mildew_yaprak,domates_bacterial_spot_and_speck_yaprak -> domates_powdery_mildew_yaprak,0.989304780960083,False,roi_too_large,roi_too_large,0.827957272529602,grounding_dino,ok,0.9998529565606731,True,data/prepared_runtime_datasets/tomato__leaf/test/domates_bacterial_spot_and_speck_yaprak/Kaggle_Bs5.JPG,/content/bitirmeprojesi/data/prepared_runtime_datasets/tomato__leaf/test/domates_bacterial_spot_and_speck_yaprak/Kaggle_Bs5.JPG,review_label_or_class_boundary,,
19,tomato__leaf,domates_bacterial_spot_and_speck_yaprak,domates_septoria_leaf_spot_yaprak,domates_bacterial_spot_and_speck_yaprak -> domates_septoria_leaf_spot_yaprak,0.9884623885154724,False,supports_full,roi_ok,0.8760095834732056,grounding_dino,ok,0.7240535096108407,True,data/prepared_runtime_datasets/tomato__leaf/test/domates_bacterial_spot_and_speck_yaprak/tomato_1147.jpg,/content/bitirmeprojesi/data/prepared_runtime_datasets/tomato__leaf/test/domates_bacterial_spot_and_speck_yaprak/tomato_1147.jpg,review_label_or_class_boundary,,
20,tomato__leaf,domates_bacterial_spot_and_speck_yaprak,domates_septoria_leaf_spot_yaprak,domates_bacterial_spot_and_speck_yaprak -> domates_septoria_leaf_spot_yaprak,0.9872222542762756,False,supports_full,roi_ok,0.5583288073539734,grounding_dino,ok,0.6240653949792829,True,data/prepared_runtime_datasets/tomato__leaf/test/domates_bacterial_spot_and_speck_yaprak/Kaggle_BCH-20medium-20thumbnail-20for-20upload-20-2814-29_jpg.rf.eac6e0de03884e9dd6c309e3b5eb81b2.jpg,/content/bitirmeprojesi/data/prepared_runtime_datasets/tomato__leaf/test/domates_bacterial_spot_and_speck_yaprak/Kaggle_BCH-20medium-20thumbnail-20for-20upload-20-2814-29_jpg.rf.eac6e0de03884e9dd6c309e3b5eb81b2.jpg,review_label_or_class_boundary,,
21,tomato__leaf,domates_bacterial_spot_and_speck_yaprak,domates_septoria_leaf_spot_yaprak,domates_bacterial_spot_and_speck_yaprak -> domates_septoria_leaf_spot_yaprak,0.987011194229126,False,supports_full,roi_ok,0.9110021591186523,grounding_dino,ok,0.5464314158367521,True,data/prepared_runtime_datasets/tomato__leaf/test/domates_bacterial_spot_and_speck_yaprak/Kaggle_bacterialspotontomatoXant.JPG,/content/bitirmeprojesi/data/prepared_runtime_datasets/tomato__leaf/test/domates_bacterial_spot_and_speck_yaprak/Kaggle_bacterialspotontomatoXant.JPG,review_label_or_class_boundary,,
22,tomato__leaf,domates_yellow_leaf_curl_yaprak,domates_bacterial_spot_and_speck_yaprak,domates_yellow_leaf_curl_yaprak -> domates_bacterial_spot_and_speck_yaprak,0.9864107966423035,False,supports_full,roi_ok,0.9044245481491089,grounding_dino,ok,0.6114086789423538,True,data/prepared_runtime_datasets/tomato__leaf/test/domates_yellow_leaf_curl_yaprak/Kaggle_d0e2db4d-c243-43d7-8a00-006af99d8fb0___UF.GRC_YLCV_Lab 08567.JPG,/content/bitirmeprojesi/data/prepared_runtime_datasets/tomato__leaf/test/domates_yellow_leaf_curl_yaprak/Kaggle_d0e2db4d-c243-43d7-8a00-006af99d8fb0___UF.GRC_YLCV_Lab 08567.JPG,review_label_or_class_boundary,,
23,tomato__leaf,domates_mosaic_virüs_yaprak,domates_sağlıklı_yaprak,domates_mosaic_virüs_yaprak -> domates_sağlıklı_yaprak,0.9848721027374268,False,roi_too_small,roi_too_small,0.5579747555820266,router_detection,,0.01729051937044449,True,data/prepared_runtime_datasets/tomato__leaf/test/domates_mosaic_virüs_yaprak/Kaggle_pepino_mosaic_virus_leaf_symptoms.jpg,/content/bitirmeprojesi/data/prepared_runtime_datasets/tomato__leaf/test/domates_mosaic_virüs_yaprak/Kaggle_pepino_mosaic_virus_leaf_symptoms.jpg,review_label_or_class_boundary,,
24,tomato__leaf,domates_early_blight_yaprak,domates_late_blight_yaprak,domates_early_blight_yaprak -> domates_late_blight_yaprak,0.9787019491195679,False,roi_too_large,roi_too_large,0.7721050381660461,grounding_dino,ok,0.9887031295155083,True,data/prepared_runtime_datasets/tomato__leaf/test/domates_early_blight_yaprak/tomato_201.jpg,/content/bitirmeprojesi/data/prepared_runtime_datasets/tomato__leaf/test/domates_early_blight_yaprak/tomato_201.jpg,review_label_or_class_boundary,,
25,tomato__leaf,domates_late_blight_yaprak,domates_early_blight_yaprak,domates_late_blight_yaprak -> domates_early_blight_yaprak,0.9754407405853271,False,supports_full,roi_ok,0.5725655434613528,router_detection,,0.20208737830941875,True,data/prepared_runtime_datasets/tomato__leaf/test/domates_late_blight_yaprak/tomato_377.jpg,/content/bitirmeprojesi/data/prepared_runtime_datasets/tomato__leaf/test/domates_late_blight_yaprak/tomato_377.jpg,review_label_or_class_boundary,,
26,tomato__leaf,domates_late_blight_yaprak,domates_early_blight_yaprak,domates_late_blight_yaprak -> domates_early_blight_yaprak,0.97170490026474,False,supports_full,roi_ok,0.710044264793396,grounding_dino,ok,0.8241420151837509,True,data/prepared_runtime_datasets/tomato__leaf/test/domates_late_blight_yaprak/tomato_713.jpg,/content/bitirmeprojesi/data/prepared_runtime_datasets/tomato__leaf/test/domates_late_blight_yaprak/tomato_713.jpg,review_label_or_class_boundary,,
27,tomato__leaf,domates_septoria_leaf_spot_yaprak,domates_early_blight_yaprak,domates_septoria_leaf_spot_yaprak -> domates_early_blight_yaprak,0.9671679139137268,False,conflicts_with_full,roi_ok,0.8830335747891482,router_detection,,0.029597060271543046,True,data/prepared_runtime_datasets/tomato__leaf/test/domates_septoria_leaf_spot_yaprak/Kaggle_SS_ (935).jpg,/content/bitirmeprojesi/data/prepared_runtime_datasets/tomato__leaf/test/domates_septoria_leaf_spot_yaprak/Kaggle_SS_ (935).jpg,review_label_or_class_boundary,,
28,tomato__leaf,domates_bacterial_spot_and_speck_yaprak,domates_septoria_leaf_spot_yaprak,domates_bacterial_spot_and_speck_yaprak -> domates_septoria_leaf_spot_yaprak,0.9652665853500366,False,supports_full,roi_ok,0.8007284831380375,router_detection,,0.1148450457676386,True,data/prepared_runtime_datasets/tomato__leaf/test/domates_bacterial_spot_and_speck_yaprak/Kaggle_fs81_bacterial_spot_page_1_image_0001.jpg,/content/bitirmeprojesi/data/prepared_runtime_datasets/tomato__leaf/test/domates_bacterial_spot_and_speck_yaprak/Kaggle_fs81_bacterial_spot_page_1_image_0001.jpg,review_label_or_class_boundary,,
29,tomato__leaf,domates_septoria_leaf_spot_yaprak,domates_early_blight_yaprak,domates_septoria_leaf_spot_yaprak -> domates_early_blight_yaprak,0.9648350477218628,False,roi_too_large,roi_too_large,0.8977305293083191,grounding_dino,ok,0.9487084141220462,True,data/prepared_runtime_datasets/tomato__leaf/test/domates_septoria_leaf_spot_yaprak/Kaggle_SS_ (951).jpg,/content/bitirmeprojesi/data/prepared_runtime_datasets/tomato__leaf/test/domates_septoria_leaf_spot_yaprak/Kaggle_SS_ (951).jpg,review_label_or_class_boundary,,
30,tomato__leaf,domates_late_blight_yaprak,domates_early_blight_yaprak,domates_late_blight_yaprak -> domates_early_blight_yaprak,0.9618658423423767,False,supports_full,roi_ok,0.8773006992404309,router_detection,,0.7193358243943571,True,data/prepared_runtime_datasets/tomato__leaf/test/domates_late_blight_yaprak/tomato_354.jpg,/content/bitirmeprojesi/data/prepared_runtime_datasets/tomato__leaf/test/domates_late_blight_yaprak/tomato_354.jpg,review_label_or_class_boundary,,
31,tomato__leaf,domates_mosaic_virüs_yaprak,domates_yellow_leaf_curl_yaprak,domates_mosaic_virüs_yaprak -> domates_yellow_leaf_curl_yaprak,0.9605249166488647,False,roi_too_small,roi_too_small,0.9354923300224576,router_detection,,0.004056852046608914,True,data/prepared_runtime_datasets/tomato__leaf/test/domates_mosaic_virüs_yaprak/tomato_mosaic_virus_5.jpg,/content/bitirmeprojesi/data/prepared_runtime_datasets/tomato__leaf/test/domates_mosaic_virüs_yaprak/tomato_mosaic_virus_5.jpg,review_label_or_class_boundary,,
32,tomato__leaf,domates_early_blight_yaprak,domates_late_blight_yaprak,domates_early_blight_yaprak -> domates_late_blight_yaprak,0.9585114121437073,False,conflicts_with_full,roi_ok,0.9476918931167138,router_detection,,0.12296653444287585,True,data/prepared_runtime_datasets/tomato__leaf/test/domates_early_blight_yaprak/image_3f859844f1cd0a7d.jpg,/content/bitirmeprojesi/data/prepared_runtime_datasets/tomato__leaf/test/domates_early_blight_yaprak/image_3f859844f1cd0a7d.jpg,review_label_or_class_boundary,,
33,tomato__leaf,domates_leaf_mold_yaprak,domates_late_blight_yaprak,domates_leaf_mold_yaprak -> domates_late_blight_yaprak,0.956899106502533,False,roi_too_small,roi_too_small,0.6385068627571333,router_detection,,0.002163498736645124,True,data/prepared_runtime_datasets/tomato__leaf/test/domates_leaf_mold_yaprak/Kaggle_leaf_mold_tomato3x1200_jpg.rf.58f102d7a570c19922ba4212d9a38023.jpg,/content/bitirmeprojesi/data/prepared_runtime_datasets/tomato__leaf/test/domates_leaf_mold_yaprak/Kaggle_leaf_mold_tomato3x1200_jpg.rf.58f102d7a570c19922ba4212d9a38023.jpg,review_label_or_class_boundary,,
34,tomato__leaf,domates_bacterial_spot_and_speck_yaprak,domates_septoria_leaf_spot_yaprak,domates_bacterial_spot_and_speck_yaprak -> domates_septoria_leaf_spot_yaprak,0.9521681666374207,False,supports_full,roi_ok,0.6387022733688354,grounding_dino,ok,0.8062491165331105,True,data/prepared_runtime_datasets/tomato__leaf/test/domates_bacterial_spot_and_speck_yaprak/Kaggle_Tomato-2BBacterial-2BSpot-2Bon-2BLeaves_jpg.rf.a3dad8813ba0700d89d402e36852a868.jpg,/content/bitirmeprojesi/data/prepared_runtime_datasets/tomato__leaf/test/domates_bacterial_spot_and_speck_yaprak/Kaggle_Tomato-2BBacterial-2BSpot-2Bon-2BLeaves_jpg.rf.a3dad8813ba0700d89d402e36852a868.jpg,review_label_or_class_boundary,,
35,tomato__leaf,domates_late_blight_yaprak,domates_early_blight_yaprak,domates_late_blight_yaprak -> domates_early_blight_yaprak,0.952102541923523,False,roi_too_large,roi_too_large,0.8327445387840271,grounding_dino,ok,0.988582794614916,True,data/prepared_runtime_datasets/tomato__leaf/test/domates_late_blight_yaprak/tomato_178.jpg,/content/bitirmeprojesi/data/prepared_runtime_datasets/tomato__leaf/test/domates_late_blight_yaprak/tomato_178.jpg,review_label_or_class_boundary,,
36,tomato__leaf,domates_mosaic_virüs_yaprak,domates_yellow_leaf_curl_yaprak,domates_mosaic_virüs_yaprak -> domates_yellow_leaf_curl_yaprak,0.945350170135498,False,roi_too_large,roi_too_large,0.8700798749923706,grounding_dino,ok,0.9997607005407616,True,data/prepared_runtime_datasets/tomato__leaf/test/domates_mosaic_virüs_yaprak/Kaggle_MV_ (776).jpg,/content/bitirmeprojesi/data/prepared_runtime_datasets/tomato__leaf/test/domates_mosaic_virüs_yaprak/Kaggle_MV_ (776).jpg,review_label_or_class_boundary,,
37,tomato__leaf,domates_early_blight_yaprak,domates_late_blight_yaprak,domates_early_blight_yaprak -> domates_late_blight_yaprak,0.943257212638855,False,supports_full,roi_ok,0.8976193794237259,router_detection,,0.6864037573840376,True,data/prepared_runtime_datasets/tomato__leaf/test/domates_early_blight_yaprak/Kaggle_f6ddeb19-8aa3-40f5-8b60-b2f404f13407___RS_Erly.B 7705.JPG,/content/bitirmeprojesi/data/prepared_runtime_datasets/tomato__leaf/test/domates_early_blight_yaprak/Kaggle_f6ddeb19-8aa3-40f5-8b60-b2f404f13407___RS_Erly.B 7705.JPG,review_label_or_class_boundary,,
38,tomato__leaf,domates_yellow_leaf_curl_yaprak,domates_bacterial_spot_and_speck_yaprak,domates_yellow_leaf_curl_yaprak -> domates_bacterial_spot_and_speck_yaprak,0.9367017149925232,False,supports_full,roi_ok,0.9163475036621094,grounding_dino,ok,0.8169262130892321,True,data/prepared_runtime_datasets/tomato__leaf/test/domates_yellow_leaf_curl_yaprak/Kaggle_db68c64f-a310-4594-b1a8-3dae0967519b___UF.GRC_YLCV_Lab 08525.JPG,/content/bitirmeprojesi/data/prepared_runtime_datasets/tomato__leaf/test/domates_yellow_leaf_curl_yaprak/Kaggle_db68c64f-a310-4594-b1a8-3dae0967519b___UF.GRC_YLCV_Lab 08525.JPG,review_label_or_class_boundary,,
39,tomato__leaf,domates_early_blight_yaprak,domates_late_blight_yaprak,domates_early_blight_yaprak -> domates_late_blight_yaprak,0.9326101541519165,False,supports_full,roi_ok,0.824057936668396,grounding_dino,ok,0.7089679195736451,True,data/prepared_runtime_datasets/tomato__leaf/test/domates_early_blight_yaprak/Kaggle_c410d512-4708-49dd-ba8f-efce2796a3f5___RS_Erly.B 7602.JPG,/content/bitirmeprojesi/data/prepared_runtime_datasets/tomato__leaf/test/domates_early_blight_yaprak/Kaggle_c410d512-4708-49dd-ba8f-efce2796a3f5___RS_Erly.B 7602.JPG,review_label_or_class_boundary,,
40,tomato__leaf,domates_early_blight_yaprak,domates_late_blight_yaprak,domates_early_blight_yaprak -> domates_late_blight_yaprak,0.9291223287582397,False,conflicts_with_full,roi_ok,0.8984421355038672,router_detection,,0.05937367225223958,True,data/prepared_runtime_datasets/tomato__leaf/test/domates_early_blight_yaprak/tomato_1134.jpg,/content/bitirmeprojesi/data/prepared_runtime_datasets/tomato__leaf/test/domates_early_blight_yaprak/tomato_1134.jpg,review_label_or_class_boundary,,
41,tomato__leaf,domates_early_blight_yaprak,domates_septoria_leaf_spot_yaprak,domates_early_blight_yaprak -> domates_septoria_leaf_spot_yaprak,0.9257524013519287,False,roi_too_large,roi_too_large,0.6281681656837463,grounding_dino,ok,0.9998551420875992,True,data/prepared_runtime_datasets/tomato__leaf/test/domates_early_blight_yaprak/Kaggle_Original_e-blight-JPG-rend-hgtvcom-966-725-jpeg_jpg.rf.059738fa1b55d408de4a6e85935267d5.jpg,/content/bitirmeprojesi/data/prepared_runtime_datasets/tomato__leaf/test/domates_early_blight_yaprak/Kaggle_Original_e-blight-JPG-rend-hgtvcom-966-725-jpeg_jpg.rf.059738fa1b55d408de4a6e85935267d5.jpg,review_label_or_class_boundary,,
42,tomato__leaf,domates_leaf_mold_yaprak,domates_bacterial_spot_and_speck_yaprak,domates_leaf_mold_yaprak -> domates_bacterial_spot_and_speck_yaprak,0.9241039156913757,False,supports_full,roi_ok,0.7779075222787052,router_detection,,0.8887781102028699,True,data/prepared_runtime_datasets/tomato__leaf/test/domates_leaf_mold_yaprak/Kaggle_Blm42.JPG,/content/bitirmeprojesi/data/prepared_runtime_datasets/tomato__leaf/test/domates_leaf_mold_yaprak/Kaggle_Blm42.JPG,review_label_or_class_boundary,,
43,tomato__leaf,domates_mosaic_virüs_yaprak,domates_powdery_mildew_yaprak,domates_mosaic_virüs_yaprak -> domates_powdery_mildew_yaprak,0.919530987739563,False,roi_too_large,roi_too_large,0.879389762878418,grounding_dino,ok,0.9997301765473807,True,data/prepared_runtime_datasets/tomato__leaf/test/domates_mosaic_virüs_yaprak/Kaggle_MV_ (791).jpg,/content/bitirmeprojesi/data/prepared_runtime_datasets/tomato__leaf/test/domates_mosaic_virüs_yaprak/Kaggle_MV_ (791).jpg,review_label_or_class_boundary,,
44,tomato__leaf,domates_early_blight_yaprak,domates_late_blight_yaprak,domates_early_blight_yaprak -> domates_late_blight_yaprak,0.9181259870529175,False,conflicts_with_full,roi_ok,0.8353801965713501,grounding_dino,ok,0.14527771810035262,True,data/prepared_runtime_datasets/tomato__leaf/test/domates_early_blight_yaprak/image_0361.png,/content/bitirmeprojesi/data/prepared_runtime_datasets/tomato__leaf/test/domates_early_blight_yaprak/image_0361.png,review_label_or_class_boundary,,
45,tomato__leaf,domates_late_blight_yaprak,domates_early_blight_yaprak,domates_late_blight_yaprak -> domates_early_blight_yaprak,0.917944073677063,False,supports_full,roi_ok,0.8523807525634766,grounding_dino,ok,0.7235215412685356,True,data/prepared_runtime_datasets/tomato__leaf/test/domates_late_blight_yaprak/Kaggle_LB_ (174).JPG,/content/bitirmeprojesi/data/prepared_runtime_datasets/tomato__leaf/test/domates_late_blight_yaprak/Kaggle_LB_ (174).JPG,review_label_or_class_boundary,,
46,tomato__leaf,domates_mosaic_virüs_yaprak,domates_early_blight_yaprak,domates_mosaic_virüs_yaprak -> domates_early_blight_yaprak,0.9143311381340027,False,roi_too_small,roi_too_small,0.9059362045593695,router_detection,,0.010446807878919344,True,data/prepared_runtime_datasets/tomato__leaf/test/domates_mosaic_virüs_yaprak/Kaggle_tomato_virus_04_zoom_jpg.rf.ca6d7888bea7fe7d86e977ceb27fe44b.jpg,/content/bitirmeprojesi/data/prepared_runtime_datasets/tomato__leaf/test/domates_mosaic_virüs_yaprak/Kaggle_tomato_virus_04_zoom_jpg.rf.ca6d7888bea7fe7d86e977ceb27fe44b.jpg,review_label_or_class_boundary,,
47,tomato__leaf,domates_late_blight_yaprak,domates_powdery_mildew_yaprak,domates_late_blight_yaprak -> domates_powdery_mildew_yaprak,0.9127445220947266,False,roi_too_large,roi_too_large,0.8539810180664062,grounding_dino,ok,0.9953486222894085,True,data/prepared_runtime_datasets/tomato__leaf/test/domates_late_blight_yaprak/Kaggle_Lb74.JPG,/content/bitirmeprojesi/data/prepared_runtime_datasets/tomato__leaf/test/domates_late_blight_yaprak/Kaggle_Lb74.JPG,review_label_or_class_boundary,,
48,tomato__leaf,domates_bacterial_spot_and_speck_yaprak,domates_septoria_leaf_spot_yaprak,domates_bacterial_spot_and_speck_yaprak -> domates_septoria_leaf_spot_yaprak,0.9102757573127747,False,roi_too_large,roi_too_large,0.7096346616744995,grounding_dino,ok,0.9999192727498893,True,data/prepared_runtime_datasets/tomato__leaf/test/domates_bacterial_spot_and_speck_yaprak/Kaggle_Paret-Fig-1-tomato-bacterial-leaf-spot_jpg.rf.a5dcfdb4b3d403cfb5f18fc873f25a5e.jpg,/content/bitirmeprojesi/data/prepared_runtime_datasets/tomato__leaf/test/domates_bacterial_spot_and_speck_yaprak/Kaggle_Paret-Fig-1-tomato-bacterial-leaf-spot_jpg.rf.a5dcfdb4b3d403cfb5f18fc873f25a5e.jpg,review_label_or_class_boundary,,
49,tomato__leaf,domates_late_blight_yaprak,domates_powdery_mildew_yaprak,domates_late_blight_yaprak -> domates_powdery_mildew_yaprak,0.9099627137184143,False,roi_too_large,roi_too_large,0.5365247130393982,grounding_dino,ok,0.9608777125810377,True,data/prepared_runtime_datasets/tomato__leaf/test/domates_late_blight_yaprak/Kaggle_LB_ (348).JPG,/content/bitirmeprojesi/data/prepared_runtime_datasets/tomato__leaf/test/domates_late_blight_yaprak/Kaggle_LB_ (348).JPG,review_label_or_class_boundary,,
50,tomato__leaf,domates_late_blight_yaprak,domates_early_blight_yaprak,domates_late_blight_yaprak -> domates_early_blight_yaprak,0.9088141322135925,False,roi_too_large,roi_too_large,0.870434045791626,grounding_dino,ok,0.9844408829437657,True,data/prepared_runtime_datasets/tomato__leaf/test/domates_late_blight_yaprak/tomato_850.jpg,/content/bitirmeprojesi/data/prepared_runtime_datasets/tomato__leaf/test/domates_late_blight_yaprak/tomato_850.jpg,review_label_or_class_boundary,,
51,tomato__leaf,domates_bacterial_spot_and_speck_yaprak,domates_septoria_leaf_spot_yaprak,domates_bacterial_spot_and_speck_yaprak -> domates_septoria_leaf_spot_yaprak,0.8956315517425537,False,roi_too_large,roi_too_large,0.7324493527412415,grounding_dino,ok,0.9805254584495139,True,data/prepared_runtime_datasets/tomato__leaf/test/domates_bacterial_spot_and_speck_yaprak/Kaggle_BS_(15).jpg,/content/bitirmeprojesi/data/prepared_runtime_datasets/tomato__leaf/test/domates_bacterial_spot_and_speck_yaprak/Kaggle_BS_(15).jpg,review_label_or_class_boundary,,
52,tomato__leaf,domates_septoria_leaf_spot_yaprak,domates_early_blight_yaprak,domates_septoria_leaf_spot_yaprak -> domates_early_blight_yaprak,0.8951964974403381,False,supports_full,roi_ok,0.8704796433448792,grounding_dino,ok,0.4741877466219304,True,data/prepared_runtime_datasets/tomato__leaf/test/domates_septoria_leaf_spot_yaprak/Kaggle_septoria5_jpg.rf.db68d432cf1fe878d264aea813229f71.jpg,/content/bitirmeprojesi/data/prepared_runtime_datasets/tomato__leaf/test/domates_septoria_leaf_spot_yaprak/Kaggle_septoria5_jpg.rf.db68d432cf1fe878d264aea813229f71.jpg,review_label_or_class_boundary,,
53,tomato__leaf,domates_late_blight_yaprak,domates_early_blight_yaprak,domates_late_blight_yaprak -> domates_early_blight_yaprak,0.8950527310371399,False,supports_full,roi_ok,0.9851618624377615,router_detection,,0.3251788310754412,True,data/prepared_runtime_datasets/tomato__leaf/test/domates_late_blight_yaprak/Kaggle_LB_ (2).jpg,/content/bitirmeprojesi/data/prepared_runtime_datasets/tomato__leaf/test/domates_late_blight_yaprak/Kaggle_LB_ (2).jpg,review_label_or_class_boundary,,
54,tomato__leaf,domates_early_blight_yaprak,domates_late_blight_yaprak,domates_early_blight_yaprak -> domates_late_blight_yaprak,0.8897287249565125,False,roi_too_large,roi_too_large,0.8681113123893738,grounding_dino,ok,0.9593370056804948,True,data/prepared_runtime_datasets/tomato__leaf/test/domates_early_blight_yaprak/Kaggle_early-blight-in-high-tunnel-tomatoes-19tm74h_jpg.rf.fa9b2e7f3b8b03e68ad31817020281b3.jpg,/content/bitirmeprojesi/data/prepared_runtime_datasets/tomato__leaf/test/domates_early_blight_yaprak/Kaggle_early-blight-in-high-tunnel-tomatoes-19tm74h_jpg.rf.fa9b2e7f3b8b03e68ad31817020281b3.jpg,review_label_or_class_boundary,,
55,tomato__leaf,domates_leaf_mold_yaprak,domates_sağlıklı_yaprak,domates_leaf_mold_yaprak -> domates_sağlıklı_yaprak,0.8827181458473206,False,roi_too_small,roi_too_small,0.9362280758505508,router_detection,,0.01455986349824343,True,data/prepared_runtime_datasets/tomato__leaf/test/domates_leaf_mold_yaprak/Kaggle_OLU13_jpg.rf.54c146f9535b5d7a90b25ae5f9dabce0.jpg,/content/bitirmeprojesi/data/prepared_runtime_datasets/tomato__leaf/test/domates_leaf_mold_yaprak/Kaggle_OLU13_jpg.rf.54c146f9535b5d7a90b25ae5f9dabce0.jpg,review_label_or_class_boundary,,
56,tomato__leaf,domates_bacterial_spot_and_speck_yaprak,domates_septoria_leaf_spot_yaprak,domates_bacterial_spot_and_speck_yaprak -> domates_septoria_leaf_spot_yaprak,0.8817474246025085,False,conflicts_with_full,roi_ok,0.9092357158660889,grounding_dino,ok,0.7762712958577787,True,data/prepared_runtime_datasets/tomato__leaf/test/domates_bacterial_spot_and_speck_yaprak/Kaggle_f144a9b5-bdbb-48ca-a454-4885137f805a___GCREC_Bact.Sp 3629.JPG,/content/bitirmeprojesi/data/prepared_runtime_datasets/tomato__leaf/test/domates_bacterial_spot_and_speck_yaprak/Kaggle_f144a9b5-bdbb-48ca-a454-4885137f805a___GCREC_Bact.Sp 3629.JPG,review_label_or_class_boundary,,
57,tomato__leaf,domates_septoria_leaf_spot_yaprak,domates_leaf_mold_yaprak,domates_septoria_leaf_spot_yaprak -> domates_leaf_mold_yaprak,0.8764553070068359,False,roi_too_large,roi_too_large,0.8513731956481934,grounding_dino,ok,0.9881506669157355,True,data/prepared_runtime_datasets/tomato__leaf/test/domates_septoria_leaf_spot_yaprak/tomato_1250.jpg,/content/bitirmeprojesi/data/prepared_runtime_datasets/tomato__leaf/test/domates_septoria_leaf_spot_yaprak/tomato_1250.jpg,review_label_or_class_boundary,,
58,tomato__leaf,domates_powdery_mildew_yaprak,domates_septoria_leaf_spot_yaprak,domates_powdery_mildew_yaprak -> domates_septoria_leaf_spot_yaprak,0.8723771572113037,False,conflicts_with_full,roi_ok,0.7987977266311646,grounding_dino,ok,0.677796433596251,True,data/prepared_runtime_datasets/tomato__leaf/test/domates_powdery_mildew_yaprak/pm45_change_270.jpg,/content/bitirmeprojesi/data/prepared_runtime_datasets/tomato__leaf/test/domates_powdery_mildew_yaprak/pm45_change_270.jpg,review_label_or_class_boundary,,
59,tomato__leaf,domates_early_blight_yaprak,domates_septoria_leaf_spot_yaprak,domates_early_blight_yaprak -> domates_septoria_leaf_spot_yaprak,0.8723722100257874,False,conflicts_with_full,roi_ok,0.8670299053192139,grounding_dino,ok,0.6902120775811884,True,data/prepared_runtime_datasets/tomato__leaf/test/domates_early_blight_yaprak/Kaggle_efd88799-7fbc-4638-b66b-4e49c7bf7b9f___RS_Erly.B 9390.JPG,/content/bitirmeprojesi/data/prepared_runtime_datasets/tomato__leaf/test/domates_early_blight_yaprak/Kaggle_efd88799-7fbc-4638-b66b-4e49c7bf7b9f___RS_Erly.B 9390.JPG,review_label_or_class_boundary,,
60,tomato__leaf,domates_late_blight_yaprak,domates_leaf_mold_yaprak,domates_late_blight_yaprak -> domates_leaf_mold_yaprak,0.8718379139900208,False,roi_too_large,roi_too_large,0.7237527370452881,grounding_dino,ok,0.9997382289802772,True,data/prepared_runtime_datasets/tomato__leaf/test/domates_late_blight_yaprak/Kaggle_tomato_late-blight_04_zoom_jpg.rf.acdb151be54c18f1433fa6f5aba9c4af.jpg,/content/bitirmeprojesi/data/prepared_runtime_datasets/tomato__leaf/test/domates_late_blight_yaprak/Kaggle_tomato_late-blight_04_zoom_jpg.rf.acdb151be54c18f1433fa6f5aba9c4af.jpg,review_label_or_class_boundary,,
61,tomato__leaf,domates_mosaic_virüs_yaprak,domates_yellow_leaf_curl_yaprak,domates_mosaic_virüs_yaprak -> domates_yellow_leaf_curl_yaprak,0.8699905276298523,False,roi_too_small,roi_too_small,0.9569012482364682,router_detection,,0.005448884661414209,True,data/prepared_runtime_datasets/tomato__leaf/test/domates_mosaic_virüs_yaprak/tomato_mosaic_virus_google_0063.jpg,/content/bitirmeprojesi/data/prepared_runtime_datasets/tomato__leaf/test/domates_mosaic_virüs_yaprak/tomato_mosaic_virus_google_0063.jpg,review_label_or_class_boundary,,
62,tomato__leaf,domates_early_blight_yaprak,domates_septoria_leaf_spot_yaprak,domates_early_blight_yaprak -> domates_septoria_leaf_spot_yaprak,0.8671416640281677,False,conflicts_with_full,roi_ok,0.6513240987774435,router_detection,,0.04819331442494246,True,data/prepared_runtime_datasets/tomato__leaf/test/domates_early_blight_yaprak/Kaggle_a8844870-0efc-494c-af8c-d5c94fd619f3___RS_Erly.B 7756.JPG,/content/bitirmeprojesi/data/prepared_runtime_datasets/tomato__leaf/test/domates_early_blight_yaprak/Kaggle_a8844870-0efc-494c-af8c-d5c94fd619f3___RS_Erly.B 7756.JPG,review_label_or_class_boundary,,
63,tomato__leaf,domates_mosaic_virüs_yaprak,domates_leaf_mold_yaprak,domates_mosaic_virüs_yaprak -> domates_leaf_mold_yaprak,0.8656826615333557,False,roi_too_large,roi_too_large,0.8943653702735901,grounding_dino,ok,0.9998391285575893,True,data/prepared_runtime_datasets/tomato__leaf/test/domates_mosaic_virüs_yaprak/Kaggle_unnamed.jpg,/content/bitirmeprojesi/data/prepared_runtime_datasets/tomato__leaf/test/domates_mosaic_virüs_yaprak/Kaggle_unnamed.jpg,review_label_or_class_boundary,,
64,tomato__leaf,domates_late_blight_yaprak,domates_early_blight_yaprak,domates_late_blight_yaprak -> domates_early_blight_yaprak,0.8552365899085999,False,roi_too_large,roi_too_large,0.8547682762145996,grounding_dino,ok,0.9861388222081362,True,data/prepared_runtime_datasets/tomato__leaf/test/domates_late_blight_yaprak/tomato_937.jpg,/content/bitirmeprojesi/data/prepared_runtime_datasets/tomato__leaf/test/domates_late_blight_yaprak/tomato_937.jpg,review_label_or_class_boundary,,
65,tomato__leaf,domates_early_blight_yaprak,domates_late_blight_yaprak,domates_early_blight_yaprak -> domates_late_blight_yaprak,0.8504019379615784,False,supports_full,roi_ok,0.7419035421378004,router_detection,,0.09549461468452355,True,data/prepared_runtime_datasets/tomato__leaf/test/domates_early_blight_yaprak/tomato_1337.jpg,/content/bitirmeprojesi/data/prepared_runtime_datasets/tomato__leaf/test/domates_early_blight_yaprak/tomato_1337.jpg,review_label_or_class_boundary,,
66,tomato__leaf,domates_late_blight_yaprak,domates_early_blight_yaprak,domates_late_blight_yaprak -> domates_early_blight_yaprak,0.8469172120094299,False,supports_full,roi_ok,0.6723222732543945,grounding_dino,ok,0.7627629106160154,True,data/prepared_runtime_datasets/tomato__leaf/test/domates_late_blight_yaprak/tomato_969.jpg,/content/bitirmeprojesi/data/prepared_runtime_datasets/tomato__leaf/test/domates_late_blight_yaprak/tomato_969.jpg,review_label_or_class_boundary,,
67,tomato__leaf,domates_leaf_mold_yaprak,domates_late_blight_yaprak,domates_leaf_mold_yaprak -> domates_late_blight_yaprak,0.8231549859046936,False,roi_too_small,roi_too_small,0.8387549783589268,router_detection,,0.010206376838346813,True,data/prepared_runtime_datasets/tomato__leaf/test/domates_leaf_mold_yaprak/Kaggle_BM_(987).jpg,/content/bitirmeprojesi/data/prepared_runtime_datasets/tomato__leaf/test/domates_leaf_mold_yaprak/Kaggle_BM_(987).jpg,review_label_or_class_boundary,,
68,tomato__leaf,domates_bacterial_spot_and_speck_yaprak,domates_septoria_leaf_spot_yaprak,domates_bacterial_spot_and_speck_yaprak -> domates_septoria_leaf_spot_yaprak,0.8181379437446594,False,roi_too_large,roi_too_large,0.8779867887496948,grounding_dino,ok,0.9999039308057718,True,data/prepared_runtime_datasets/tomato__leaf/test/domates_bacterial_spot_and_speck_yaprak/Kaggle_Bacterial-leaf-spot-transplants1_jpg.rf.a40f1a1c52549e0421138b9e11ec5f49.jpg,/content/bitirmeprojesi/data/prepared_runtime_datasets/tomato__leaf/test/domates_bacterial_spot_and_speck_yaprak/Kaggle_Bacterial-leaf-spot-transplants1_jpg.rf.a40f1a1c52549e0421138b9e11ec5f49.jpg,review_label_or_class_boundary,,
69,tomato__leaf,domates_late_blight_yaprak,domates_early_blight_yaprak,domates_late_blight_yaprak -> domates_early_blight_yaprak,0.8113561272621155,False,supports_full,roi_ok,0.8744388222694397,grounding_dino,ok,0.7398980864940086,True,data/prepared_runtime_datasets/tomato__leaf/test/domates_late_blight_yaprak/Kaggle_f2f22a54-7995-4b43-83bf-5a0fba777466___RS_Late.B 5583.JPG,/content/bitirmeprojesi/data/prepared_runtime_datasets/tomato__leaf/test/domates_late_blight_yaprak/Kaggle_f2f22a54-7995-4b43-83bf-5a0fba777466___RS_Late.B 5583.JPG,review_label_or_class_boundary,,
70,tomato__leaf,domates_early_blight_yaprak,domates_late_blight_yaprak,domates_early_blight_yaprak -> domates_late_blight_yaprak,0.8017182946205139,False,conflicts_with_full,roi_ok,0.8835439287950062,router_detection,,0.44855455115435205,True,data/prepared_runtime_datasets/tomato__leaf/test/domates_early_blight_yaprak/Kaggle_a48e8b60-3636-4f7e-8ce2-d6625d866720___RS_Erly.B 7458_flipTB.JPG,/content/bitirmeprojesi/data/prepared_runtime_datasets/tomato__leaf/test/domates_early_blight_yaprak/Kaggle_a48e8b60-3636-4f7e-8ce2-d6625d866720___RS_Erly.B 7458_flipTB.JPG,review_label_or_class_boundary,,
71,tomato__leaf,domates_powdery_mildew_yaprak,domates_late_blight_yaprak,domates_powdery_mildew_yaprak -> domates_late_blight_yaprak,0.7887842059135437,False,roi_too_large,roi_too_large,0.838901162147522,grounding_dino,ok,0.9939512634165444,True,data/prepared_runtime_datasets/tomato__leaf/test/domates_powdery_mildew_yaprak/pm41_change_90.jpg,/content/bitirmeprojesi/data/prepared_runtime_datasets/tomato__leaf/test/domates_powdery_mildew_yaprak/pm41_change_90.jpg,review_label_or_class_boundary,,
72,tomato__leaf,domates_late_blight_yaprak,domates_early_blight_yaprak,domates_late_blight_yaprak -> domates_early_blight_yaprak,0.7831128835678101,False,supports_full,roi_ok,0.995181984409205,router_detection,,0.8284235881729316,True,data/prepared_runtime_datasets/tomato__leaf/test/domates_late_blight_yaprak/Kaggle_cd74e79e-b798-4eec-8e3a-1c06a1da37f2___GHLB2 Leaf 8534.JPG,/content/bitirmeprojesi/data/prepared_runtime_datasets/tomato__leaf/test/domates_late_blight_yaprak/Kaggle_cd74e79e-b798-4eec-8e3a-1c06a1da37f2___GHLB2 Leaf 8534.JPG,review_label_or_class_boundary,,
73,tomato__leaf,domates_early_blight_yaprak,domates_late_blight_yaprak,domates_early_blight_yaprak -> domates_late_blight_yaprak,0.7804378271102905,False,roi_too_large,roi_too_large,0.683853268623352,grounding_dino,ok,0.9873804945672366,True,data/prepared_runtime_datasets/tomato__leaf/test/domates_early_blight_yaprak/tomato_1310.jpg,/content/bitirmeprojesi/data/prepared_runtime_datasets/tomato__leaf/test/domates_early_blight_yaprak/tomato_1310.jpg,review_label_or_class_boundary,,
74,tomato__leaf,domates_leaf_mold_yaprak,domates_sağlıklı_yaprak,domates_leaf_mold_yaprak -> domates_sağlıklı_yaprak,0.7650845646858215,False,roi_too_small,roi_too_small,0.7568542105400308,router_detection,,0.010760024513599547,True,data/prepared_runtime_datasets/tomato__leaf/test/domates_leaf_mold_yaprak/Kaggle_BM_(952).jpg,/content/bitirmeprojesi/data/prepared_runtime_datasets/tomato__leaf/test/domates_leaf_mold_yaprak/Kaggle_BM_(952).jpg,review_label_or_class_boundary,,
75,tomato__leaf,domates_septoria_leaf_spot_yaprak,domates_bacterial_spot_and_speck_yaprak,domates_septoria_leaf_spot_yaprak -> domates_bacterial_spot_and_speck_yaprak,0.7604646682739258,False,roi_too_large,roi_too_large,0.7866602540016174,grounding_dino,ok,0.9327040659358914,True,data/prepared_runtime_datasets/tomato__leaf/test/domates_septoria_leaf_spot_yaprak/Kaggle_Septoria-leaf-spot-on-tomato-FOR-WEB_jpg.rf.1bf995c40f6890bced70cac6808e7bc6.jpg,/content/bitirmeprojesi/data/prepared_runtime_datasets/tomato__leaf/test/domates_septoria_leaf_spot_yaprak/Kaggle_Septoria-leaf-spot-on-tomato-FOR-WEB_jpg.rf.1bf995c40f6890bced70cac6808e7bc6.jpg,review_label_or_class_boundary,,
76,tomato__leaf,domates_bacterial_spot_and_speck_yaprak,domates_powdery_mildew_yaprak,domates_bacterial_spot_and_speck_yaprak -> domates_powdery_mildew_yaprak,0.7581483125686646,False,supports_full,roi_ok,0.6536928816981717,router_detection,,0.07026297381657622,True,data/prepared_runtime_datasets/tomato__leaf/test/domates_bacterial_spot_and_speck_yaprak/Kaggle_Bs20.JPG,/content/bitirmeprojesi/data/prepared_runtime_datasets/tomato__leaf/test/domates_bacterial_spot_and_speck_yaprak/Kaggle_Bs20.JPG,review_label_or_class_boundary,,
77,tomato__leaf,domates_late_blight_yaprak,domates_yellow_leaf_curl_yaprak,domates_late_blight_yaprak -> domates_yellow_leaf_curl_yaprak,0.7565941214561462,False,roi_too_large,roi_too_large,0.8963422179222107,grounding_dino,ok,0.9221648397632194,True,data/prepared_runtime_datasets/tomato__leaf/test/domates_late_blight_yaprak/Kaggle_Lb56.JPG,/content/bitirmeprojesi/data/prepared_runtime_datasets/tomato__leaf/test/domates_late_blight_yaprak/Kaggle_Lb56.JPG,review_label_or_class_boundary,,
78,tomato__leaf,domates_bacterial_spot_and_speck_yaprak,domates_septoria_leaf_spot_yaprak,domates_bacterial_spot_and_speck_yaprak -> domates_septoria_leaf_spot_yaprak,0.7554149031639099,False,conflicts_with_full,roi_ok,0.8072890112520019,router_detection,,0.832746823267545,True,data/prepared_runtime_datasets/tomato__leaf/test/domates_bacterial_spot_and_speck_yaprak/Kaggle_a302713e-7881-418b-99af-7e4cae814f79___GCREC_Bact.Sp 3536.JPG,/content/bitirmeprojesi/data/prepared_runtime_datasets/tomato__leaf/test/domates_bacterial_spot_and_speck_yaprak/Kaggle_a302713e-7881-418b-99af-7e4cae814f79___GCREC_Bact.Sp 3536.JPG,review_label_or_class_boundary,,
79,tomato__leaf,domates_septoria_leaf_spot_yaprak,domates_bacterial_spot_and_speck_yaprak,domates_septoria_leaf_spot_yaprak -> domates_bacterial_spot_and_speck_yaprak,0.7535038590431213,False,roi_too_large,roi_too_large,0.7878317832946777,grounding_dino,ok,0.9162817133213564,True,data/prepared_runtime_datasets/tomato__leaf/test/domates_septoria_leaf_spot_yaprak/Kaggle_Gls81.JPG,/content/bitirmeprojesi/data/prepared_runtime_datasets/tomato__leaf/test/domates_septoria_leaf_spot_yaprak/Kaggle_Gls81.JPG,review_label_or_class_boundary,,
80,tomato__leaf,domates_powdery_mildew_yaprak,domates_sağlıklı_yaprak,domates_powdery_mildew_yaprak -> domates_sağlıklı_yaprak,0.7482765316963196,False,roi_too_large,roi_too_large,0.8294669985771179,grounding_dino,ok,0.9996577174909405,True,data/prepared_runtime_datasets/tomato__leaf/test/domates_powdery_mildew_yaprak/pm36_lower.jpg,/content/bitirmeprojesi/data/prepared_runtime_datasets/tomato__leaf/test/domates_powdery_mildew_yaprak/pm36_lower.jpg,review_label_or_class_boundary,,
81,tomato__leaf,domates_late_blight_yaprak,domates_early_blight_yaprak,domates_late_blight_yaprak -> domates_early_blight_yaprak,0.745374321937561,False,roi_too_large,roi_too_large,0.7410880327224731,grounding_dino,ok,0.9791087511843162,True,data/prepared_runtime_datasets/tomato__leaf/test/domates_late_blight_yaprak/tomato_1058.jpg,/content/bitirmeprojesi/data/prepared_runtime_datasets/tomato__leaf/test/domates_late_blight_yaprak/tomato_1058.jpg,review_label_or_class_boundary,,
82,tomato__leaf,domates_late_blight_yaprak,domates_septoria_leaf_spot_yaprak,domates_late_blight_yaprak -> domates_septoria_leaf_spot_yaprak,0.7391666173934937,False,supports_full,roi_ok,0.8535940647125244,grounding_dino,ok,0.8188960134521548,True,data/prepared_runtime_datasets/tomato__leaf/test/domates_late_blight_yaprak/tomato_546.jpg,/content/bitirmeprojesi/data/prepared_runtime_datasets/tomato__leaf/test/domates_late_blight_yaprak/tomato_546.jpg,review_label_or_class_boundary,,
83,tomato__leaf,domates_mosaic_virüs_yaprak,domates_early_blight_yaprak,domates_mosaic_virüs_yaprak -> domates_early_blight_yaprak,0.7253408432006836,False,roi_too_large,roi_too_large,0.5374196171760559,grounding_dino,ok,0.9867611751017271,True,data/prepared_runtime_datasets/tomato__leaf/test/domates_mosaic_virüs_yaprak/Kaggle_Tomato-2Bmosaic-2Bvirus_jpg.rf.ca2025ceea364087557a713fec0984b2.jpg,/content/bitirmeprojesi/data/prepared_runtime_datasets/tomato__leaf/test/domates_mosaic_virüs_yaprak/Kaggle_Tomato-2Bmosaic-2Bvirus_jpg.rf.ca2025ceea364087557a713fec0984b2.jpg,review_label_or_class_boundary,,
84,tomato__leaf,domates_late_blight_yaprak,domates_leaf_mold_yaprak,domates_late_blight_yaprak -> domates_leaf_mold_yaprak,0.7016681432723999,False,conflicts_with_full,roi_ok,0.9202107408220954,router_detection,,0.5641407650183474,True,data/prepared_runtime_datasets/tomato__leaf/test/domates_late_blight_yaprak/Kaggle_e377be2b-1780-4789-a082-3ec683942ca2___GHLB2 Leaf 60.JPG,/content/bitirmeprojesi/data/prepared_runtime_datasets/tomato__leaf/test/domates_late_blight_yaprak/Kaggle_e377be2b-1780-4789-a082-3ec683942ca2___GHLB2 Leaf 60.JPG,review_label_or_class_boundary,,
