ablation_name,image_path,expected_label,crop,part,router_status,router_confidence,bbox,bbox_area_ratio,input_view,diagnosis,confidence,ood_is_ood,ood_primary_score,latency_ms,status
primary_roi_inference,/content/bitirmeprojesi/data/prepared_runtime_datasets/tomato__fruit/test/domates_antraknoz_meyve/Kaggle_test_anthracnose_18_png.rf.207289ef35095182cc6da2f98636f8df.jpg,domates_antraknoz_meyve,tomato,fruit,ok,0.9692364007234574,"[278.20703125, 440.3536376953125, 447.7195739746094, 640.0]",0.08262344365231002,router_primary_roi,domates_spotted_wilt_meyve,0.2478187084197998,True,19.396757125854492,123317.83689199983,success
primary_roi_inference,/content/bitirmeprojesi/data/prepared_runtime_datasets/tomato__fruit/test/domates_antraknoz_meyve/Kaggle_train_anthracnose_10_zoom_2_png.rf.f80b2011ed96c63958f39b7c1358467a.jpg,domates_antraknoz_meyve,tomato,fruit,ok,0.0,,0.0,router_primary_roi,,0.0,,,0.0,roi_missing
primary_roi_inference,/content/bitirmeprojesi/data/prepared_runtime_datasets/tomato__fruit/test/domates_antraknoz_meyve/Kaggle_train_anthracnose_12-Copy_png.rf.d8e8dba62cee137482d1172513315a20.jpg,domates_antraknoz_meyve,tomato,fruit,ok,0.4501487435901383,"[12.429141998291016, 0.0, 639.7429809570312, 629.6172485351562]",0.964276399544014,router_primary_roi,domates_antraknoz_meyve,0.34916695952415466,False,0.5975291728973389,103.04559700034588,success
primary_roi_inference,/content/bitirmeprojesi/data/prepared_runtime_datasets/tomato__fruit/test/domates_antraknoz_meyve/Kaggle_train_anthracnose_16_zoom_3_png.rf.8d5c2d6258a8360cbeebebadb1765baf.jpg,domates_antraknoz_meyve,tomato,fruit,ok,0.5939538177102804,"[150.65496826171875, 0.0, 640.0, 607.4058837890625]",0.7256617467792421,router_primary_roi,domates_bacterial_spot_and_speck_meyve,0.3648048937320709,True,21.43594741821289,102.26541900010488,success
primary_roi_inference,/content/bitirmeprojesi/data/prepared_runtime_datasets/tomato__fruit/test/domates_antraknoz_meyve/Kaggle_train_anthracnose_19-Copy_png.rf.7525048ab217901948bfc64393ad5b43.jpg,domates_antraknoz_meyve,tomato,fruit,ok,0.6540915787220001,"[65.12542724609375, 4.108695983886719, 589.6982421875, 624.6014404296875]",0.7946621718863582,router_primary_roi,domates_antraknoz_meyve,0.34481707215309143,False,-0.17429617047309875,103.22959900076967,success
primary_roi_inference,/content/bitirmeprojesi/data/prepared_runtime_datasets/tomato__fruit/test/domates_antraknoz_meyve/Kaggle_train_anthracnose_22_zoom_1_png.rf.0965f4a6e11e72b6a405d0e9231e0b14.jpg,domates_antraknoz_meyve,tomato,fruit,ok,0.4195602445717668,"[18.03546905517578, 69.41397094726562, 156.4315948486328, 164.7008056640625]",0.032195626865054124,router_primary_roi,domates_antraknoz_meyve,0.22248369455337524,False,1.6183929443359375,103.82412699982524,success
primary_roi_inference,/content/bitirmeprojesi/data/prepared_runtime_datasets/tomato__fruit/test/domates_antraknoz_meyve/Kaggle_train_anthracnose_24-Copy_png.rf.e93f114f28a88c99d1ba5cb5d9c04c9b.jpg,domates_antraknoz_meyve,tomato,fruit,ok,0.4276122450828552,"[0.09717941284179688, 3.990459442138672, 630.8253173828125, 638.798828125]",0.9775183113942768,router_primary_roi,domates_antraknoz_meyve,0.3686905801296234,False,-0.259552001953125,103.03347399985796,success
primary_roi_inference,/content/bitirmeprojesi/data/prepared_runtime_datasets/tomato__fruit/test/domates_antraknoz_meyve/Kaggle_train_anthracnose_3-Copy_png.rf.6cc0f31a793088eea812ca66ddc12403.jpg,domates_antraknoz_meyve,tomato,fruit,ok,0.0,,0.0,router_primary_roi,,0.0,,,0.0,roi_missing
primary_roi_inference,/content/bitirmeprojesi/data/prepared_runtime_datasets/tomato__fruit/test/domates_antraknoz_meyve/Kaggle_train_anthracnose_5-Copy_png.rf.85e68af386511df8beb4e150e4d357f5.jpg,domates_antraknoz_meyve,tomato,fruit,ok,0.0,,0.0,router_primary_roi,,0.0,,,0.0,roi_missing
primary_roi_inference,/content/bitirmeprojesi/data/prepared_runtime_datasets/tomato__fruit/test/domates_antraknoz_meyve/Kaggle_train_anthracnose_6_zoom_4_png.rf.cc6b4023bf2945edcb596399ba776e48.jpg,domates_antraknoz_meyve,tomato,fruit,ok,0.3220573991537094,"[7.56866455078125, 52.466697692871094, 640.0, 639.0897827148438]",0.9057588404926434,router_primary_roi,domates_sağlıklı_meyve,0.34133872389793396,True,6.568714618682861,104.25835600017308,success
primary_roi_inference,/content/bitirmeprojesi/data/prepared_runtime_datasets/tomato__fruit/test/domates_antraknoz_meyve/Kaggle_train_anthracnose_9_png.rf.7eb80eddc4fd8186452dcd866924fdbd.jpg,domates_antraknoz_meyve,tomato,fruit,ok,0.29361376436724834,"[120.32026672363281, 74.04327392578125, 522.529296875, 570.5734252929688]",0.4875705825739942,router_primary_roi,domates_gray_mold_meyve,0.32085731625556946,False,-0.10551819205284119,104.80758300036541,success
primary_roi_inference,/content/bitirmeprojesi/data/prepared_runtime_datasets/tomato__fruit/test/domates_antraknoz_meyve/Kaggle_valid_anthracnose3_jpg.rf.113efe58df72d7bc235fd4983f48e27f.jpg,domates_antraknoz_meyve,tomato,fruit,ok,0.653020590543747,"[75.70114135742188, 182.33987426757812, 466.16949462890625, 518.452880859375]",0.3204137993091467,router_primary_roi,domates_antraknoz_meyve,0.26578524708747864,False,0.03478690981864929,101.81355999975494,success
primary_roi_inference,/content/bitirmeprojesi/data/prepared_runtime_datasets/tomato__fruit/test/domates_bacterial_spot_and_speck_meyve/tomato_bacterial_leaf_spot_147.jpg,domates_bacterial_spot_and_speck_meyve,tomato,fruit,ok,0.9341899484395981,"[285.010498046875, 100.376953125, 1200.0, 879.713623046875]",0.4951978274066829,router_primary_roi,domates_bacterial_spot_and_speck_meyve,0.2365155816078186,True,4.337075233459473,105.05900799944357,success
primary_roi_inference,/content/bitirmeprojesi/data/prepared_runtime_datasets/tomato__fruit/test/domates_bacterial_spot_and_speck_meyve/tomato_bacterial_leaf_spot_64.jpg,domates_bacterial_spot_and_speck_meyve,tomato,fruit,ok,0.9562093317508698,"[0.0, 324.631591796875, 178.47703552246094, 543.31982421875]",0.045724961839624156,router_primary_roi,domates_late_blight_meyve,0.2385665327310562,False,-0.3159046769142151,102.36275300030684,success
primary_roi_inference,/content/bitirmeprojesi/data/prepared_runtime_datasets/tomato__fruit/test/domates_bacterial_spot_and_speck_meyve/tomato_bacterial_leaf_spot_81.jpg,domates_bacterial_spot_and_speck_meyve,tomato,fruit,ok,0.6373798705637456,"[440.7599792480469, 0.044948458671569824, 600.0, 378.6634521484375]",0.2644351683536481,router_primary_roi,domates_sağlıklı_meyve,0.26449674367904663,False,-0.10874541103839874,102.97226300008333,success
primary_roi_inference,/content/bitirmeprojesi/data/prepared_runtime_datasets/tomato__fruit/test/domates_blossom_end_rot_meyve/Kaggle_test_Blossom_end_root_36_png.rf.62821315b6209cfafe08025639e184da.jpg,domates_blossom_end_rot_meyve,tomato,fruit,ok,0.8280330300331116,"[1.9662666320800781, 1.0400581359863281, 640.0, 639.2263793945312]",0.9941025418382035,router_primary_roi,domates_blossom_end_rot_meyve,0.19298981130123138,False,1.1327285766601562,104.5738610000626,success
primary_roi_inference,/content/bitirmeprojesi/data/prepared_runtime_datasets/tomato__fruit/test/domates_blossom_end_rot_meyve/Kaggle_train_Blossom_end_root_24-Copy_png.rf.3e342ad78c9594029833cfc9676a8cb8.jpg,domates_blossom_end_rot_meyve,tomato,fruit,ok,0.614888262655586,"[266.216796875, 115.88639068603516, 297.59295654296875, 153.44931030273438]",0.0028773929772671638,router_primary_roi,domates_blossom_end_rot_meyve,0.22890716791152954,True,2.2847275733947754,102.70621600011509,success
primary_roi_inference,/content/bitirmeprojesi/data/prepared_runtime_datasets/tomato__fruit/test/domates_blossom_end_rot_meyve/Kaggle_train_Blossom_end_root_27-Copy_png.rf.8111306aa759e06e71d7b59e55d82d8b.jpg,domates_blossom_end_rot_meyve,tomato,fruit,ok,0.7486562073230744,"[0.0, 356.0556335449219, 481.49725341796875, 611.347412109375]",0.3001032475560851,router_primary_roi,domates_blossom_end_rot_meyve,0.2118626832962036,False,-0.3477686047554016,103.47727299995313,success
primary_roi_inference,/content/bitirmeprojesi/data/prepared_runtime_datasets/tomato__fruit/test/domates_blossom_end_rot_meyve/Kaggle_train_Blossom_end_root_2_zoom_1_png.rf.d7298363c1e1201f641a2c863ed0a317.jpg,domates_blossom_end_rot_meyve,tomato,fruit,ok,0.6353398352861405,"[35.619773864746094, 594.9719848632812, 145.14971923828125, 640.0]",0.012040810640145309,router_primary_roi,domates_sağlıklı_meyve,0.23693548142910004,False,0.21214529871940613,102.18748899933416,success
primary_roi_inference,/content/bitirmeprojesi/data/prepared_runtime_datasets/tomato__fruit/test/domates_blossom_end_rot_meyve/Kaggle_train_Blossom_end_root_33-Copy_png.rf.c08ab10d879dab1355dfd3f38a3e8369.jpg,domates_blossom_end_rot_meyve,tomato,fruit,ok,0.6162632942199707,"[3.6769485473632812, 271.9661865234375, 638.8729248046875, 497.2030029296875]",0.34929081905825116,router_primary_roi,domates_blossom_end_rot_meyve,0.21084438264369965,False,0.6258997917175293,103.70878200046718,success
primary_roi_inference,/content/bitirmeprojesi/data/prepared_runtime_datasets/tomato__fruit/test/domates_blossom_end_rot_meyve/Kaggle_train_Blossom_end_root_37_png.rf.6d0289aa67e1cb75237b77e287d73981.jpg,domates_blossom_end_rot_meyve,tomato,fruit,ok,0.9198375374078751,"[353.153076171875, 277.8833312988281, 455.7059326171875, 500.659423828125]",0.05577715975733554,router_primary_roi,domates_late_blight_meyve,0.2114928811788559,False,-0.28587040305137634,101.6273649993309,success
primary_roi_inference,/content/bitirmeprojesi/data/prepared_runtime_datasets/tomato__fruit/test/domates_blossom_end_rot_meyve/Kaggle_train_Blossom_end_root_3_zoom_4_png.rf.1b4308bec15dc5c8f96fbf2e2a324a6a.jpg,domates_blossom_end_rot_meyve,tomato,fruit,ok,0.9326302111148834,"[348.5733642578125, 0.0, 521.4061889648438, 223.309326171875]",0.09422651764089096,router_primary_roi,domates_late_blight_meyve,0.31036537885665894,False,-0.31944674253463745,101.91367999959766,success
primary_roi_inference,/content/bitirmeprojesi/data/prepared_runtime_datasets/tomato__fruit/test/domates_blossom_end_rot_meyve/Kaggle_train_Blossom_end_root_9-Copy_png.rf.24039f7363f992e589542d8e8a4993ff.jpg,domates_blossom_end_rot_meyve,tomato,fruit,ok,0.7713377267122268,"[151.7019500732422, 247.3804473876953, 316.6002502441406, 501.65716552734375]",0.10236767234927413,router_primary_roi,domates_blossom_end_rot_meyve,0.20925241708755493,False,-0.7380083799362183,101.84314800062566,success
primary_roi_inference,/content/bitirmeprojesi/data/prepared_runtime_datasets/tomato__fruit/test/domates_blossom_end_rot_meyve/Kaggle_train_Blossom_end_root_9_zoom_5_png.rf.016da79194dd0c1eaf7d8a528ba989dd.jpg,domates_blossom_end_rot_meyve,tomato,fruit,ok,0.878904077410698,"[113.72254943847656, 29.528255462646484, 451.87982177734375, 459.38079833984375]",0.3548773520685522,router_primary_roi,domates_blossom_end_rot_meyve,0.21167121827602386,False,0.5025075674057007,101.3067570002022,success
primary_roi_inference,/content/bitirmeprojesi/data/prepared_runtime_datasets/tomato__fruit/test/domates_blossom_end_rot_meyve/Kaggle_valid_Blossom_end_root_16_zoom_2_png.rf.b8fcba0ae0dad097759a1cda83bd5810.jpg,domates_blossom_end_rot_meyve,tomato,fruit,ok,0.596097059371607,"[22.629337310791016, 0.0, 640.0, 628.597900390625]",0.9474558162334119,router_primary_roi,domates_antraknoz_meyve,0.32120025157928467,False,1.1143856048583984,104.15737800030911,success
primary_roi_inference,/content/bitirmeprojesi/data/prepared_runtime_datasets/tomato__fruit/test/domates_blossom_end_rot_meyve/Kaggle_valid_Blossom_end_root_31-Copy_png.rf.afd56c1970a7dfc9c4a6f68e9f876061.jpg,domates_blossom_end_rot_meyve,tomato,fruit,ok,0.9358707421164529,"[147.45042419433594, 147.6998748779297, 337.57208251953125, 403.6999206542969]",0.11882605770099815,router_primary_roi,domates_late_blight_meyve,0.19492293894290924,False,0.5734460353851318,100.74031000021932,success
primary_roi_inference,/content/bitirmeprojesi/data/prepared_runtime_datasets/tomato__fruit/test/domates_gray_mold_meyve/Kaggle_test_Gray_Mold_21_jpg.rf.27b8d49047506ea4b1e2de42dde5aeb0.jpg,domates_gray_mold_meyve,tomato,fruit,ok,0.8871014361227616,"[0.0, 48.5670280456543, 465.2362060546875, 639.1318359375]",0.670781568977094,router_primary_roi,domates_blossom_end_rot_meyve,0.19125737249851227,True,1.9683828353881836,102.8756940004314,success
primary_roi_inference,/content/bitirmeprojesi/data/prepared_runtime_datasets/tomato__fruit/test/domates_gray_mold_meyve/Kaggle_train_White_Mold_11_zoom_4_jpg.rf.4f672087b49edde5f6e98f5a13d895ec.jpg,domates_gray_mold_meyve,tomato,fruit,ok,0.0,,0.0,router_primary_roi,,0.0,,,0.0,roi_missing
primary_roi_inference,/content/bitirmeprojesi/data/prepared_runtime_datasets/tomato__fruit/test/domates_gray_mold_meyve/Kaggle_train_White_Mold_11_zoom_5_jpg.rf.d634c7bc4795f6ccea08256c321a51ec.jpg,domates_gray_mold_meyve,tomato,fruit,ok,0.0,,0.0,router_primary_roi,,0.0,,,0.0,roi_missing
primary_roi_inference,/content/bitirmeprojesi/data/prepared_runtime_datasets/tomato__fruit/test/domates_gray_mold_meyve/Kaggle_train_White_Mold_12_jpg.rf.7a12ee72b36de72352596a4ff3f5fcb7.jpg,domates_gray_mold_meyve,tomato,fruit,ok,0.6674267619848251,"[229.5213165283203, 58.7713623046875, 598.7763061523438, 287.91766357421875]",0.20657572045328151,router_primary_roi,domates_gray_mold_meyve,0.283370703458786,False,-0.027447998523712158,105.46932200031733,success
primary_roi_inference,/content/bitirmeprojesi/data/prepared_runtime_datasets/tomato__fruit/test/domates_gray_mold_meyve/Kaggle_train_White_Mold_16-Copy_jpg.rf.0d04da3304e735522bb55ebabcf88d02.jpg,domates_gray_mold_meyve,tomato,fruit,ok,0.6014355181385327,"[146.33995056152344, 19.117374420166016, 468.4247131347656, 507.23077392578125]",0.3838229696986919,router_primary_roi,domates_gray_mold_meyve,0.3272956311702728,False,0.4733044505119324,102.55238199988526,success
primary_roi_inference,/content/bitirmeprojesi/data/prepared_runtime_datasets/tomato__fruit/test/domates_gray_mold_meyve/Kaggle_train_White_Mold_18_jpg.rf.4f6fe469524a79e2a666555e1d709229.jpg,domates_gray_mold_meyve,tomato,fruit,ok,0.0,,0.0,router_primary_roi,,0.0,,,0.0,roi_missing
primary_roi_inference,/content/bitirmeprojesi/data/prepared_runtime_datasets/tomato__fruit/test/domates_gray_mold_meyve/Kaggle_train_White_Mold_19_zoom_4_jpg.rf.cb3251244e7c5b49fd4202e28448f105.jpg,domates_gray_mold_meyve,tomato,fruit,ok,0.0,,0.0,router_primary_roi,,0.0,,,0.0,roi_missing
primary_roi_inference,/content/bitirmeprojesi/data/prepared_runtime_datasets/tomato__fruit/test/domates_gray_mold_meyve/Kaggle_train_White_Mold_1_jpg.rf.49d5143133aa9c1fd59d6811b6040639.jpg,domates_gray_mold_meyve,tomato,fruit,ok,0.8605376482009888,"[2.2828102111816406, 0.8397674560546875, 638.880126953125, 638.8861694335938]",0.9916470396868964,router_primary_roi,domates_gray_mold_meyve,0.27994489669799805,False,-0.5099101066589355,103.58603600070637,success
primary_roi_inference,/content/bitirmeprojesi/data/prepared_runtime_datasets/tomato__fruit/test/domates_gray_mold_meyve/Kaggle_train_White_Mold_1_zoom_2_jpg.rf.d18565e870a09de96a584bb22e8c9dff.jpg,domates_gray_mold_meyve,tomato,fruit,ok,0.7312231659889221,"[8.070220947265625, 10.771408081054688, 639.3578491210938, 639.447998046875]",0.9689349447459301,router_primary_roi,domates_gray_mold_meyve,0.3408811390399933,False,-0.6317601799964905,102.91692300052091,success
primary_roi_inference,/content/bitirmeprojesi/data/prepared_runtime_datasets/tomato__fruit/test/domates_gray_mold_meyve/Kaggle_train_White_Mold_1_zoom_5_jpg.rf.58f2a24823525d8047133c5badcf975e.jpg,domates_gray_mold_meyve,tomato,fruit,ok,0.5334171056747437,"[4.409427642822266, 15.542011260986328, 636.2512817382812, 639.3218994140625]",0.9622320338820743,router_primary_roi,domates_gray_mold_meyve,0.3278888761997223,False,-0.26711809635162354,102.59060699991096,success
primary_roi_inference,/content/bitirmeprojesi/data/prepared_runtime_datasets/tomato__fruit/test/domates_gray_mold_meyve/Kaggle_train_White_Mold_20_jpg.rf.6b9b88ebae739d699814aa052f0a87d6.jpg,domates_gray_mold_meyve,tomato,fruit,ok,0.0,,0.0,router_primary_roi,,0.0,,,0.0,roi_missing
primary_roi_inference,/content/bitirmeprojesi/data/prepared_runtime_datasets/tomato__fruit/test/domates_gray_mold_meyve/Kaggle_train_White_Mold_21_zoom_2_jpg.rf.9e571b18e72ab4519a9abfcb2a30c673.jpg,domates_gray_mold_meyve,tomato,fruit,ok,0.0,,0.0,router_primary_roi,,0.0,,,0.0,roi_missing
primary_roi_inference,/content/bitirmeprojesi/data/prepared_runtime_datasets/tomato__fruit/test/domates_gray_mold_meyve/Kaggle_train_White_Mold_21_zoom_5_jpg.rf.0b9f6164847ab9553fd68035a1875b52.jpg,domates_gray_mold_meyve,tomato,fruit,ok,0.0,,0.0,router_primary_roi,,0.0,,,0.0,roi_missing
primary_roi_inference,/content/bitirmeprojesi/data/prepared_runtime_datasets/tomato__fruit/test/domates_gray_mold_meyve/Kaggle_train_White_Mold_22_jpg.rf.423f8bc4c76c25fd0660133d0f7ebfad.jpg,domates_gray_mold_meyve,tomato,fruit,ok,0.42447152522824405,"[126.2593994140625, 105.84861755371094, 507.49237060546875, 514.820068359375]",0.38064795244898275,router_primary_roi,domates_gray_mold_meyve,0.2897949814796448,False,0.011710256338119507,109.26898300022003,success
primary_roi_inference,/content/bitirmeprojesi/data/prepared_runtime_datasets/tomato__fruit/test/domates_gray_mold_meyve/Kaggle_train_White_Mold_24_zoom_2_jpg.rf.3b72f1a8a914e70f4a670b8d4e542f00.jpg,domates_gray_mold_meyve,tomato,fruit,ok,0.4222282509312114,"[73.67826843261719, 0.12990951538085938, 616.1699829101562, 610.0106811523438]",0.8077521128716321,router_primary_roi,domates_gray_mold_meyve,0.3058271110057831,False,-0.08870968222618103,102.65701600019383,success
primary_roi_inference,/content/bitirmeprojesi/data/prepared_runtime_datasets/tomato__fruit/test/domates_gray_mold_meyve/Kaggle_train_White_Mold_24_zoom_4_jpg.rf.5424625bae11096aed64bbe572bfc254.jpg,domates_gray_mold_meyve,tomato,fruit,ok,0.4024559076875448,"[114.52301788330078, 342.5912780761719, 308.6399841308594, 411.6590576171875]",0.03273248981923132,router_primary_roi,domates_antraknoz_meyve,0.20466452836990356,True,1.8499923944473267,101.88675700010208,success
primary_roi_inference,/content/bitirmeprojesi/data/prepared_runtime_datasets/tomato__fruit/test/domates_gray_mold_meyve/Kaggle_train_White_Mold_25_zoom_1_jpg.rf.1af91111e86c1572dcdbcb7e12eb5879.jpg,domates_gray_mold_meyve,tomato,fruit,ok,0.8121268033981324,"[141.86962890625, 64.4478759765625, 640.0, 639.5880126953125]",0.6994501214224147,router_primary_roi,domates_gray_mold_meyve,0.2972542345523834,False,0.049895256757736206,102.65703000004578,success
primary_roi_inference,/content/bitirmeprojesi/data/prepared_runtime_datasets/tomato__fruit/test/domates_gray_mold_meyve/Kaggle_train_White_Mold_2_png.rf.3761c80ab45e4e2f1d2727b2e2c279a6.jpg,domates_gray_mold_meyve,tomato,fruit,ok,0.0,,0.0,router_primary_roi,,0.0,,,0.0,roi_missing
primary_roi_inference,/content/bitirmeprojesi/data/prepared_runtime_datasets/tomato__fruit/test/domates_gray_mold_meyve/Kaggle_train_White_Mold_3_jpg.rf.adf80d1180b6e3f656ae2d3c7d98f4b8.jpg,domates_gray_mold_meyve,tomato,fruit,ok,0.5620540708303452,"[59.299049377441406, 61.711578369140625, 633.95849609375, 629.9796142578125]",0.7972670778572939,router_primary_roi,domates_antraknoz_meyve,0.27567416429519653,False,0.8998806476593018,103.25478300001123,success
primary_roi_inference,/content/bitirmeprojesi/data/prepared_runtime_datasets/tomato__fruit/test/domates_gray_mold_meyve/Kaggle_train_White_Mold_5_jpg.rf.68aa084155b012e01c79ac38ce46adae.jpg,domates_gray_mold_meyve,tomato,fruit,ok,0.3168567828834057,"[45.62653350830078, 147.15744018554688, 361.08795166015625, 614.1332397460938]",0.3596505077440594,router_primary_roi,domates_antraknoz_meyve,0.21377182006835938,False,0.6668057441711426,101.4544930003467,success
primary_roi_inference,/content/bitirmeprojesi/data/prepared_runtime_datasets/tomato__fruit/test/domates_gray_mold_meyve/Kaggle_train_White_Mold_5_zoom_1_jpg.rf.d2230beaf7a70eb4ca477743772f7935.jpg,domates_gray_mold_meyve,tomato,fruit,ok,0.3395916692912579,"[294.6871643066406, 158.9149627685547, 639.8530883789062, 629.0657958984375]",0.3961915204360878,router_primary_roi,domates_gray_mold_meyve,0.4517267048358917,False,-1.5109444856643677,101.67524400003458,success
primary_roi_inference,/content/bitirmeprojesi/data/prepared_runtime_datasets/tomato__fruit/test/domates_gray_mold_meyve/Kaggle_train_White_Mold_7_jpg.rf.6b0c7aa8cda89d6eb9598427e0faaeed.jpg,domates_gray_mold_meyve,tomato,fruit,ok,0.9227174520492554,"[15.280876159667969, 6.9189453125, 624.1209716796875, 639.7281494140625]",0.9406240631619699,router_primary_roi,domates_gray_mold_meyve,0.2066696733236313,False,0.3265005052089691,103.12269800033391,success
primary_roi_inference,/content/bitirmeprojesi/data/prepared_runtime_datasets/tomato__fruit/test/domates_gray_mold_meyve/Kaggle_train_White_Mold_8_jpg.rf.1c6566fd1a71686e823ffae8e1762518.jpg,domates_gray_mold_meyve,tomato,fruit,ok,0.0,,0.0,router_primary_roi,,0.0,,,0.0,roi_missing
primary_roi_inference,/content/bitirmeprojesi/data/prepared_runtime_datasets/tomato__fruit/test/domates_gray_mold_meyve/Kaggle_train_White_Mold_9_jpg.rf.611be18e89ea5491fbc8d6dd1b310da2.jpg,domates_gray_mold_meyve,tomato,fruit,ok,0.8252931505441665,"[121.83216094970703, 30.36996841430664, 516.6746215820312, 609.5996704101562]",0.5583605488461161,router_primary_roi,domates_gray_mold_meyve,0.2567567825317383,False,-0.1575103998184204,102.70807300003071,success
primary_roi_inference,/content/bitirmeprojesi/data/prepared_runtime_datasets/tomato__fruit/test/domates_gray_mold_meyve/Kaggle_train_anthracnose_8_zoom_1_png.rf.190db1bd9533b96b67ad8f2ba1f49ce1.jpg,domates_gray_mold_meyve,tomato,fruit,ok,0.9225678443908691,"[8.198204040527344, 28.06079864501953, 640.0, 636.3810424804688]",0.9383247621429227,router_primary_roi,domates_spotted_wilt_meyve,0.3072187900543213,True,14.241969108581543,103.15375099980884,success
primary_roi_inference,/content/bitirmeprojesi/data/prepared_runtime_datasets/tomato__fruit/test/domates_gray_mold_meyve/Kaggle_valid_Gray_Mold_16_jpg.rf.8431a9b3db46c4113652781fa6a2aecd.jpg,domates_gray_mold_meyve,tomato,fruit,ok,0.4962343289095064,"[38.97850036621094, 0.0, 402.66827392578125, 479.3423767089844]",0.42561504014354684,router_primary_roi,domates_blossom_end_rot_meyve,0.18397000432014465,False,0.8804582357406616,100.80249200018443,success
primary_roi_inference,/content/bitirmeprojesi/data/prepared_runtime_datasets/tomato__fruit/test/domates_gray_mold_meyve/Kaggle_valid_Gray_Mold_20_jpg.rf.1060fc7d2c45a1a4296c6b2927a300b7.jpg,domates_gray_mold_meyve,tomato,fruit,ok,0.40506532996853656,"[162.159912109375, 0.0, 434.8467712402344, 176.56640625]",0.1175472137410543,router_primary_roi,domates_blossom_end_rot_meyve,0.24000684916973114,False,0.034613728523254395,100.01868000017566,success
primary_roi_inference,/content/bitirmeprojesi/data/prepared_runtime_datasets/tomato__fruit/test/domates_gray_mold_meyve/Kaggle_valid_Gray_Mold_23_zoom_4_jpg.rf.0f8dd5be8609472c517e79db50f10807.jpg,domates_gray_mold_meyve,tomato,fruit,ok,0.7518938332796097,"[0.0, 100.08502960205078, 575.6332397460938, 639.4732055664062]",0.7580316484645948,router_primary_roi,domates_gray_mold_meyve,0.2513715624809265,False,0.639420747756958,102.2633289994701,success
primary_roi_inference,/content/bitirmeprojesi/data/prepared_runtime_datasets/tomato__fruit/test/domates_gray_mold_meyve/Kaggle_valid_Gray_Mold_8_zoom_1_jpg.rf.d24d93219da3d74cb7fa0e76cb2dbb4b.jpg,domates_gray_mold_meyve,tomato,fruit,ok,0.0,,0.0,router_primary_roi,,0.0,,,0.0,roi_missing
primary_roi_inference,/content/bitirmeprojesi/data/prepared_runtime_datasets/tomato__fruit/test/domates_gray_mold_meyve/Kaggle_valid_White_Mold_14_jpg.rf.27b137e78cd184482c1695b04a4bbc9d.jpg,domates_gray_mold_meyve,tomato,fruit,ok,0.0,,0.0,router_primary_roi,,0.0,,,0.0,roi_missing
primary_roi_inference,/content/bitirmeprojesi/data/prepared_runtime_datasets/tomato__fruit/test/domates_gray_mold_meyve/Kaggle_valid_White_Mold_1_zoom_3_jpg.rf.742b319b8a1095243b31057afe173c8d.jpg,domates_gray_mold_meyve,tomato,fruit,ok,0.6583236455917358,"[27.929725646972656, 0.0, 640.0, 637.207763671875]",0.9521873308850672,router_primary_roi,domates_gray_mold_meyve,0.2969507873058319,False,-0.5647836923599243,103.16156499993667,success
primary_roi_inference,/content/bitirmeprojesi/data/prepared_runtime_datasets/tomato__fruit/test/domates_gray_mold_meyve/Mendeley_Gray_0509_002_fruit_00.jpg,domates_gray_mold_meyve,tomato,fruit,ok,0.6334112882614136,"[0.0, 1.2115306854248047, 860.8696899414062, 805.0311279296875]",0.9936815427242649,router_primary_roi,domates_gray_mold_meyve,0.25101038813591003,False,-0.47813934087753296,104.83472399937455,success
primary_roi_inference,/content/bitirmeprojesi/data/prepared_runtime_datasets/tomato__fruit/test/domates_gray_mold_meyve/Mendeley_Gray_0509_005_fruit_00.jpg,domates_gray_mold_meyve,tomato,fruit,ok,0.9920531511306763,"[0.0, 0.0, 985.5477294921875, 1145.8524169921875]",0.9296239067190427,router_primary_roi,domates_late_blight_meyve,0.2202768325805664,False,-0.08363154530525208,107.65900000023976,success
primary_roi_inference,/content/bitirmeprojesi/data/prepared_runtime_datasets/tomato__fruit/test/domates_gray_mold_meyve/Mendeley_Gray_0509_008_fruit_00.jpg,domates_gray_mold_meyve,tomato,fruit,ok,0.9994053840637207,"[0.0, 5.283339500427246, 953.6204223632812, 711.578857421875]",0.9682498449069374,router_primary_roi,domates_gray_mold_meyve,0.2202376425266266,False,-0.4111286401748657,103.58267599985993,success
primary_roi_inference,/content/bitirmeprojesi/data/prepared_runtime_datasets/tomato__fruit/test/domates_gray_mold_meyve/Mendeley_Gray_0509_011_fruit_00.jpg,domates_gray_mold_meyve,tomato,fruit,ok,0.7187177538871765,"[0.7348476648330688, 3.856370449066162, 1384.1153564453125, 1380.55712890625]",0.9650621808179339,router_primary_roi,domates_gray_mold_meyve,0.2393498420715332,False,-0.52264803647995,110.04293600035453,success
primary_roi_inference,/content/bitirmeprojesi/data/prepared_runtime_datasets/tomato__fruit/test/domates_gray_mold_meyve/Mendeley_Gray_0509_015_fruit_00.jpg,domates_gray_mold_meyve,tomato,fruit,ok,0.7854812741279602,"[0.9747446179389954, 1.0908851623535156, 426.0, 383.3543701171875]",0.9932000398337549,router_primary_roi,domates_gray_mold_meyve,0.3665802478790283,False,-0.16263411939144135,101.45523499977571,success
primary_roi_inference,/content/bitirmeprojesi/data/prepared_runtime_datasets/tomato__fruit/test/domates_gray_mold_meyve/Mendeley_Gray_0509_020_fruit_00.jpg,domates_gray_mold_meyve,tomato,fruit,ok,0.6039351286031888,"[530.900634765625, 235.19393920898438, 1094.0, 385.490234375]",0.06756324565519081,router_primary_roi,domates_late_blight_meyve,0.2656979560852051,False,0.7365135550498962,102.08805900037987,success
primary_roi_inference,/content/bitirmeprojesi/data/prepared_runtime_datasets/tomato__fruit/test/domates_gray_mold_meyve/Mendeley_Gray_0509_023_fruit_00.jpg,domates_gray_mold_meyve,tomato,fruit,ok,0.9999492168426514,"[23.64909553527832, 5.388645172119141, 1852.0, 1909.8765869140625]",0.9828377427903314,router_primary_roi,domates_late_blight_meyve,0.2080630362033844,False,-0.3145143687725067,116.56004800079245,success
primary_roi_inference,/content/bitirmeprojesi/data/prepared_runtime_datasets/tomato__fruit/test/domates_gray_mold_meyve/Mendeley_Gray_0509_034_fruit_00.jpg,domates_gray_mold_meyve,tomato,fruit,ok,0.8894924372434616,"[359.105224609375, 0.0, 1287.0, 1230.8565673828125]",0.6960131499792803,router_primary_roi,domates_sağlıklı_meyve,0.2357982099056244,True,4.068706035614014,107.82459399979416,success
primary_roi_inference,/content/bitirmeprojesi/data/prepared_runtime_datasets/tomato__fruit/test/domates_gray_mold_meyve/Mendeley_Gray_0509_048_fruit_01.jpg,domates_gray_mold_meyve,tomato,fruit,ok,0.5911613250616938,"[0.0, 0.0, 719.6422729492188, 368.5204772949219]",0.1698343198017139,router_primary_roi,domates_gray_mold_meyve,0.270572304725647,False,-0.4833056330680847,103.96816799948283,success
primary_roi_inference,/content/bitirmeprojesi/data/prepared_runtime_datasets/tomato__fruit/test/domates_gray_mold_meyve/Mendeley_Gray_0509_051_fruit_00.jpg,domates_gray_mold_meyve,tomato,fruit,ok,0.981274089217186,"[36.75553894042969, 0.0, 1482.945556640625, 1364.885009765625]",0.8286349703124904,router_primary_roi,domates_late_blight_meyve,0.1894555240869522,False,-0.040227413177490234,111.92441799994413,success
primary_roi_inference,/content/bitirmeprojesi/data/prepared_runtime_datasets/tomato__fruit/test/domates_gray_mold_meyve/Mendeley_Gray_0509_059_fruit_00.jpg,domates_gray_mold_meyve,tomato,fruit,ok,0.58055589646101,"[0.0, 437.3367614746094, 759.7830200195312, 2249.314208984375]",0.2943656114615654,router_primary_roi,domates_gray_mold_meyve,0.3639153242111206,False,-0.8400347232818604,111.31838599976618,success
primary_roi_inference,/content/bitirmeprojesi/data/prepared_runtime_datasets/tomato__fruit/test/domates_gray_mold_meyve/Mendeley_Gray_0617_001_fruit_00.jpg,domates_gray_mold_meyve,tomato,fruit,ok,0.9073092341423035,"[87.20523071289062, 93.53804779052734, 1363.8924560546875, 1519.3011474609375]",0.7877327862005564,router_primary_roi,domates_gray_mold_meyve,0.31786850094795227,False,-0.46807557344436646,111.56582700004947,success
primary_roi_inference,/content/bitirmeprojesi/data/prepared_runtime_datasets/tomato__fruit/test/domates_gray_mold_meyve/Mendeley_Gray_0617_004_fruit_00.jpg,domates_gray_mold_meyve,tomato,fruit,ok,0.698727967155036,"[1211.716064453125, 1241.6517333984375, 1755.0, 1645.1611328125]",0.07579598323231397,router_primary_roi,domates_sağlıklı_meyve,0.40659746527671814,True,2.6089298725128174,102.28457500033983,success
primary_roi_inference,/content/bitirmeprojesi/data/prepared_runtime_datasets/tomato__fruit/test/domates_gray_mold_meyve/Mendeley_Gray_0617_007_fruit_00.jpg,domates_gray_mold_meyve,tomato,fruit,ok,0.8094099849462509,"[0.0, 0.0, 1840.1534423828125, 1793.916259765625]",0.9069901035152804,router_primary_roi,domates_gray_mold_meyve,0.3237544298171997,False,-0.7098804712295532,116.68562700015173,success
primary_roi_inference,/content/bitirmeprojesi/data/prepared_runtime_datasets/tomato__fruit/test/domates_gray_mold_meyve/Mendeley_Gray_0617_010_fruit_00.jpg,domates_gray_mold_meyve,tomato,fruit,ok,0.7667304873466492,"[97.88555145263672, 66.64168548583984, 1913.1624755859375, 1822.808837890625]",0.8499303235541991,router_primary_roi,domates_gray_mold_meyve,0.2966326177120209,False,-0.3148895502090454,117.86818600012339,success
primary_roi_inference,/content/bitirmeprojesi/data/prepared_runtime_datasets/tomato__fruit/test/domates_late_blight_meyve/Kaggle_test_L_blight_26_zoom_3_jpg.rf.7f0e787e4ef8a5052c80029f7d381ef0.jpg,domates_late_blight_meyve,tomato,fruit,ok,0.6315231575921644,"[456.5704650878906, 416.73443603515625, 537.1317138671875, 640.0]",0.04391248203716259,router_primary_roi,domates_late_blight_meyve,0.23959743976593018,False,1.1654973030090332,102.51759000038874,success
primary_roi_inference,/content/bitirmeprojesi/data/prepared_runtime_datasets/tomato__fruit/test/domates_late_blight_meyve/Kaggle_train_L_blight_29_zoom_5_jpg.rf.0454084d62d8bc7991a2fe315542e1f7.jpg,domates_late_blight_meyve,tomato,fruit,ok,0.7369754640326882,"[146.79925537109375, 49.11661148071289, 458.30352783203125, 493.71337890625]",0.33811961077972796,router_primary_roi,domates_late_blight_meyve,0.5913988947868347,False,-1.2293412685394287,102.30179700010922,success
primary_roi_inference,/content/bitirmeprojesi/data/prepared_runtime_datasets/tomato__fruit/test/domates_late_blight_meyve/Kaggle_train_L_blight_3-Copy_jpg.rf.2ed0d6056933b9aa53033d09fc03f18c.jpg,domates_late_blight_meyve,tomato,fruit,ok,0.9829913467168807,"[8.16263198852539, 26.774005889892578, 290.0511474609375, 597.3123168945312]",0.39264696657528064,router_primary_roi,domates_late_blight_meyve,0.26128801703453064,False,-0.3768214285373688,103.21881799973198,success
primary_roi_inference,/content/bitirmeprojesi/data/prepared_runtime_datasets/tomato__fruit/test/domates_late_blight_meyve/Kaggle_train_L_blight_32_jpg.rf.6527bb375e4129d56184cc09fcf0cce0.jpg,domates_late_blight_meyve,tomato,fruit,ok,0.982921901345253,"[115.29600524902344, 2.4911117553710938, 556.1160888671875, 586.1243896484375]",0.6281183358475702,router_primary_roi,domates_late_blight_meyve,0.2672346234321594,False,-0.17879116535186768,101.82420599994657,success
primary_roi_inference,/content/bitirmeprojesi/data/prepared_runtime_datasets/tomato__fruit/test/domates_late_blight_meyve/Kaggle_train_L_blight_32_zoom_1_jpg.rf.8e3e547ffbd4caf222f148cbfdc9ae53.jpg,domates_late_blight_meyve,tomato,fruit,ok,0.9717076748609543,"[119.7024154663086, 0.0, 640.0, 625.904052734375]",0.7950594892274012,router_primary_roi,domates_late_blight_meyve,0.2679044008255005,False,0.3051847219467163,105.81279899997753,success
primary_roi_inference,/content/bitirmeprojesi/data/prepared_runtime_datasets/tomato__fruit/test/domates_late_blight_meyve/Kaggle_train_L_blight_4_zoom_2_jpg.rf.9325d80a269329091927ad68f733166c.jpg,domates_late_blight_meyve,tomato,fruit,ok,0.9127667009830475,"[0.0, 226.8408203125, 403.2969665527344, 584.8154296875]",0.35246600113241583,router_primary_roi,domates_late_blight_meyve,0.4677579402923584,False,-1.3245627880096436,106.84698800014303,success
primary_roi_inference,/content/bitirmeprojesi/data/prepared_runtime_datasets/tomato__fruit/test/domates_late_blight_meyve/Kaggle_train_L_blight_5_jpg.rf.045d610554d341e2ffb311013c8c689c.jpg,domates_late_blight_meyve,tomato,fruit,ok,0.9265082389116287,"[428.2193603515625, 73.19754791259766, 582.504638671875, 242.22775268554688]",0.06366912155257295,router_primary_roi,domates_late_blight_meyve,0.2395402044057846,False,-0.5486059188842773,103.88582700034021,success
primary_roi_inference,/content/bitirmeprojesi/data/prepared_runtime_datasets/tomato__fruit/test/domates_late_blight_meyve/Kaggle_train_L_blight_7_jpg.rf.6fa866648df043b66072fb63da84510d.jpg,domates_late_blight_meyve,tomato,fruit,ok,0.46619686484336853,"[0.0, 96.3350830078125, 332.6033020019531, 580.099365234375]",0.3928261661600573,router_primary_roi,domates_late_blight_meyve,0.26959460973739624,False,0.7173387408256531,101.38475399980962,success
primary_roi_inference,/content/bitirmeprojesi/data/prepared_runtime_datasets/tomato__fruit/test/domates_late_blight_meyve/Kaggle_train_L_blight_9_jpg.rf.4ceae07385b13640e2d271e9f2fa7ed0.jpg,domates_late_blight_meyve,tomato,fruit,ok,0.743850898757716,"[44.41526412963867, 170.42486572265625, 196.71713256835938, 406.907958984375]",0.08793168202619142,router_primary_roi,domates_late_blight_meyve,0.2672000527381897,False,0.17334702610969543,100.42018800049846,success
primary_roi_inference,/content/bitirmeprojesi/data/prepared_runtime_datasets/tomato__fruit/test/domates_late_blight_meyve/Kaggle_train_LateBlight_101_jpg.rf.80dd71eec2b1604a45d9e87f63d10236.jpg,domates_late_blight_meyve,tomato,fruit,ok,0.994014835357666,"[110.71907043457031, 138.8461456298828, 576.77294921875, 560.682861328125]",0.4799771424920533,router_primary_roi,domates_late_blight_meyve,0.2615628242492676,False,-0.03899070620536804,101.62576000038825,success
primary_roi_inference,/content/bitirmeprojesi/data/prepared_runtime_datasets/tomato__fruit/test/domates_late_blight_meyve/Kaggle_train_LateBlight_108_zoom_1_jpg.rf.1f83fec085657c61df5e26e65cd634b0.jpg,domates_late_blight_meyve,tomato,fruit,ok,0.44417980015277864,"[299.14532470703125, 123.78422546386719, 392.938720703125, 317.4377136230469]",0.04434428296127635,router_primary_roi,domates_late_blight_meyve,0.2659095525741577,False,0.8652212619781494,101.10564800015709,success
primary_roi_inference,/content/bitirmeprojesi/data/prepared_runtime_datasets/tomato__fruit/test/domates_late_blight_meyve/Kaggle_train_LateBlight_108_zoom_2_jpg.rf.87c933da03d65a7e5ccd5db1df3fc586.jpg,domates_late_blight_meyve,tomato,fruit,ok,0.8651705116033555,"[286.69268798828125, 53.90535354614258, 632.6876220703125, 638.81982421875]",0.49408555596678466,router_primary_roi,domates_late_blight_meyve,0.24906480312347412,False,-0.5040227174758911,102.49079599998367,success
primary_roi_inference,/content/bitirmeprojesi/data/prepared_runtime_datasets/tomato__fruit/test/domates_late_blight_meyve/Kaggle_train_LateBlight_108_zoom_3_jpg.rf.94859d22946212ae95cd7ca2148a00a5.jpg,domates_late_blight_meyve,tomato,fruit,ok,0.6588106006383896,"[251.82838439941406, 161.07774353027344, 639.4922485351562, 639.2907104492188]",0.4526022622939848,router_primary_roi,domates_late_blight_meyve,0.30606529116630554,False,-0.15672162175178528,101.55255700010457,success
primary_roi_inference,/content/bitirmeprojesi/data/prepared_runtime_datasets/tomato__fruit/test/domates_late_blight_meyve/Kaggle_train_LateBlight_108_zoom_5_jpg.rf.ae71aadebb9d09a8c9ea224cd8ebbf34.jpg,domates_late_blight_meyve,tomato,fruit,ok,0.5739311281182439,"[298.56964111328125, 0.9227752685546875, 637.9395751953125, 551.8861083984375]",0.45649509288550916,router_primary_roi,domates_late_blight_meyve,0.37045347690582275,False,0.3298373222351074,102.03719200035266,success
primary_roi_inference,/content/bitirmeprojesi/data/prepared_runtime_datasets/tomato__fruit/test/domates_late_blight_meyve/Kaggle_train_buck12_jpg.rf.8fae2b952a77d7b941b6543e7247b61e.jpg,domates_late_blight_meyve,tomato,fruit,ok,0.5697587862610818,"[122.00977325439453, 23.848743438720703, 536.5254516601562, 555.9146118164062]",0.5384512802420094,router_primary_roi,domates_late_blight_meyve,0.22497102618217468,False,-0.24640867114067078,102.47741700004553,success
primary_roi_inference,/content/bitirmeprojesi/data/prepared_runtime_datasets/tomato__fruit/test/domates_late_blight_meyve/Kaggle_train_buck13_jpeg.rf.99edae068d5681d76a8c683eb70f8417.jpg,domates_late_blight_meyve,tomato,fruit,ok,0.9907176256179809,"[293.98590087890625, 181.71861267089844, 608.7195434570312, 567.2448120117188]",0.29623551032186696,router_primary_roi,domates_late_blight_meyve,0.22376765310764313,False,0.09269122779369354,102.35146299964981,success
primary_roi_inference,/content/bitirmeprojesi/data/prepared_runtime_datasets/tomato__fruit/test/domates_late_blight_meyve/Kaggle_train_buck16_jpg.rf.fcebbbe6bdc274225a6d8f89fed2c32f.jpg,domates_late_blight_meyve,tomato,fruit,ok,0.9617086917161941,"[116.58302307128906, 4.484653472900391, 545.8556518554688, 574.4317626953125]",0.597321029892209,router_primary_roi,domates_late_blight_meyve,0.2501302659511566,False,-0.1568257063627243,103.09020400018198,success
primary_roi_inference,/content/bitirmeprojesi/data/prepared_runtime_datasets/tomato__fruit/test/domates_late_blight_meyve/Kaggle_train_buck19_jpg.rf.8dd2b7c9284d24a2d74c76a53e3b7578.jpg,domates_late_blight_meyve,tomato,fruit,ok,0.660572012513876,"[5.187053680419922, 8.395233154296875, 331.37353515625, 635.7435302734375]",0.49959114672154814,router_primary_roi,domates_late_blight_meyve,0.26627829670906067,False,0.5674797296524048,104.17033700014144,success
primary_roi_inference,/content/bitirmeprojesi/data/prepared_runtime_datasets/tomato__fruit/test/domates_late_blight_meyve/Kaggle_train_buck21_jpg.rf.5c521583815e9ac0bc2e2a8b98ce0e01.jpg,domates_late_blight_meyve,tomato,fruit,ok,0.2873322661942339,"[64.35176086425781, 82.91683197021484, 298.73089599609375, 590.5186157226562]",0.29045719498846295,router_primary_roi,domates_late_blight_meyve,0.3436893820762634,False,-0.2624628245830536,102.81598800065694,success
primary_roi_inference,/content/bitirmeprojesi/data/prepared_runtime_datasets/tomato__fruit/test/domates_late_blight_meyve/Kaggle_train_buck23_jpg.rf.7d2f18bf40f2f73186620e559986cb93.jpg,domates_late_blight_meyve,tomato,fruit,ok,0.9749893724918366,"[100.19624328613281, 95.74522399902344, 490.86297607421875, 600.749267578125]",0.48166083923295844,router_primary_roi,domates_antraknoz_meyve,0.23112650215625763,False,0.12916725873947144,102.11269600040396,success
primary_roi_inference,/content/bitirmeprojesi/data/prepared_runtime_datasets/tomato__fruit/test/domates_late_blight_meyve/Kaggle_train_buck2_jpg.rf.be8bd16e5d71f21893d60e89b288300a.jpg,domates_late_blight_meyve,tomato,fruit,ok,0.37429028600454334,"[188.49998474121094, 83.65543365478516, 612.5323486328125, 469.1947021484375]",0.3991238461728571,router_primary_roi,domates_antraknoz_meyve,0.2557659149169922,False,0.42027395963668823,101.201408999259,success
primary_roi_inference,/content/bitirmeprojesi/data/prepared_runtime_datasets/tomato__fruit/test/domates_late_blight_meyve/Kaggle_valid_L_blight_16_jpg.rf.acd5f4eaff453da96782eb7a921422c6.jpg,domates_late_blight_meyve,tomato,fruit,ok,0.7981395689183743,"[67.23527526855469, 1.4544105529785156, 640.0, 638.777587890625]",0.8912017437323417,router_primary_roi,domates_late_blight_meyve,0.24054576456546783,False,0.13468065857887268,102.76149999936024,success
primary_roi_inference,/content/bitirmeprojesi/data/prepared_runtime_datasets/tomato__fruit/test/domates_late_blight_meyve/Kaggle_valid_L_blight_26_zoom_4_jpg.rf.be841a5840de1961887e845cb93d1747.jpg,domates_late_blight_meyve,tomato,fruit,ok,0.6338274836540222,"[229.31321716308594, 0.0, 638.3902587890625, 440.2518310546875]",0.4396897378375752,router_primary_roi,domates_late_blight_meyve,0.3385544717311859,False,-0.1189505010843277,103.34022100050788,success
primary_roi_inference,/content/bitirmeprojesi/data/prepared_runtime_datasets/tomato__fruit/test/domates_late_blight_meyve/Kaggle_valid_L_blight_32_zoom_2_jpg.rf.71ccf48d874c5766b352d3fc57b7b438.jpg,domates_late_blight_meyve,tomato,fruit,ok,0.9578358381986618,"[30.258541107177734, 62.5201416015625, 561.6128540039062, 639.3598022460938]",0.7483062537435472,router_primary_roi,domates_late_blight_meyve,0.28376832604408264,False,-0.18788166344165802,103.03729400038719,success
primary_roi_inference,/content/bitirmeprojesi/data/prepared_runtime_datasets/tomato__fruit/test/domates_late_blight_meyve/Kaggle_valid_LateBlight_108_zoom_4_jpg.rf.6eb03a33b728c0a69216d8572bbf5d44.jpg,domates_late_blight_meyve,tomato,fruit,ok,0.5456934043576458,"[0.0, 0.0, 37.401432037353516, 33.488773345947266]",0.0030579298835761294,router_primary_roi,domates_sağlıklı_meyve,0.3099556565284729,True,1.9657063484191895,101.74598100002186,success
primary_roi_inference,/content/bitirmeprojesi/data/prepared_runtime_datasets/tomato__fruit/test/domates_late_blight_meyve/tomato_late_blight_168.jpg,domates_late_blight_meyve,tomato,fruit,ok,0.3513842271408066,"[559.6325073242188, 85.36955261230469, 640.0, 226.56768798828125]",0.04523174470130248,router_primary_roi,domates_spotted_wilt_meyve,0.3143729269504547,True,21.536041259765625,100.29424900039885,success
primary_roi_inference,/content/bitirmeprojesi/data/prepared_runtime_datasets/tomato__fruit/test/domates_late_blight_meyve/tomato_late_blight_186.jpg,domates_late_blight_meyve,tomato,fruit,ok,0.9677373617887497,"[41.32971954345703, 83.07275390625, 336.5047912597656, 381.24676513671875]",0.3069668497101459,router_primary_roi,domates_late_blight_meyve,0.22770100831985474,False,-0.7038966417312622,101.83454900015931,success
primary_roi_inference,/content/bitirmeprojesi/data/prepared_runtime_datasets/tomato__fruit/test/domates_late_blight_meyve/tomato_late_blight_220.jpg,domates_late_blight_meyve,tomato,fruit,ok,0.29433041512966157,"[101.2806167602539, 46.09842300415039, 399.81689453125, 356.7874450683594]",0.49566837243211664,router_primary_roi,domates_late_blight_meyve,0.30163782835006714,False,0.5395016074180603,100.92480500043166,success
primary_roi_inference,/content/bitirmeprojesi/data/prepared_runtime_datasets/tomato__fruit/test/domates_late_blight_meyve/tomato_late_blight_3.jpg,domates_late_blight_meyve,tomato,fruit,ok,0.9996352195739746,"[1.348257064819336, 2.4373769760131836, 1596.6973876953125, 1198.778564453125]",0.9940530590515949,router_primary_roi,domates_late_blight_meyve,0.18730241060256958,False,0.026978999376296997,115.59276599928126,success
primary_roi_inference,/content/bitirmeprojesi/data/prepared_runtime_datasets/tomato__fruit/test/domates_late_blight_meyve/tomato_late_blight_39.jpg,domates_late_blight_meyve,tomato,fruit,ok,0.7021401166915893,"[183.181884765625, 81.15204620361328, 497.8143310546875, 379.10107421875]",0.2854233088352542,router_primary_roi,domates_bacterial_spot_and_speck_meyve,0.18362991511821747,True,8.099372863769531,103.51296799944976,success
primary_roi_inference,/content/bitirmeprojesi/data/prepared_runtime_datasets/tomato__fruit/test/domates_late_blight_meyve/tomato_late_blight_83.jpg,domates_late_blight_meyve,tomato,fruit,ok,0.6191197648644446,"[131.60789489746094, 73.19123077392578, 589.24658203125, 474.91717529296875]",0.17022716096044094,router_primary_roi,domates_late_blight_meyve,0.3515811562538147,False,-0.9679030179977417,102.94500700001663,success
primary_roi_inference,/content/bitirmeprojesi/data/prepared_runtime_datasets/tomato__fruit/test/domates_late_blight_meyve/tomato_late_blight_google_0044.jpg,domates_late_blight_meyve,tomato,fruit,ok,0.8259267717599869,"[1046.2606201171875, 138.81784057617188, 1176.0, 247.75064086914062]",0.013625566853807076,router_primary_roi,domates_gray_mold_meyve,0.23948273062705994,False,0.5142295360565186,101.1740430003556,success
primary_roi_inference,/content/bitirmeprojesi/data/prepared_runtime_datasets/tomato__fruit/test/domates_late_blight_meyve/tomato_late_blight_google_0092.jpg,domates_late_blight_meyve,tomato,fruit,ok,0.9331622868776321,"[293.255615234375, 19.020174026489258, 908.0538940429688, 661.8480834960938]",0.48791295347165353,router_primary_roi,domates_late_blight_meyve,0.27167680859565735,False,-0.3170749247074127,109.25993999990169,success
primary_roi_inference,/content/bitirmeprojesi/data/prepared_runtime_datasets/tomato__fruit/test/domates_late_blight_meyve/tomato_late_blight_google_0220.jpg,domates_late_blight_meyve,tomato,fruit,ok,0.8171776912094448,"[2.2386741638183594, 0.5075781345367432, 637.8758544921875, 520.9232177734375]",0.9882753638230626,router_primary_roi,domates_late_blight_meyve,0.20404542982578278,False,-0.16264721751213074,102.83856699970784,success
primary_roi_inference,/content/bitirmeprojesi/data/prepared_runtime_datasets/tomato__fruit/test/domates_sağlıklı_meyve/Kaggle_train_h13_jpg.rf.da8819433f2f934fa2ff99ff0c7c5468.jpg,domates_sağlıklı_meyve,tomato,fruit,ok,0.738700019351001,"[394.20361328125, 336.0020446777344, 569.4635620117188, 428.69049072265625]",0.0396596003460445,router_primary_roi,domates_spotted_wilt_meyve,0.2593141198158264,True,18.373510360717773,100.40283099988301,success
primary_roi_inference,/content/bitirmeprojesi/data/prepared_runtime_datasets/tomato__fruit/test/domates_sağlıklı_meyve/Kaggle_train_h52_jpg.rf.8846f3cd7c518474c7f643f09be00a2c.jpg,domates_sağlıklı_meyve,tomato,fruit,ok,0.7299112131407527,"[0.0, 456.6029357910156, 112.87657165527344, 531.9341430664062]",0.020759590859128138,router_primary_roi,domates_late_blight_meyve,0.32076770067214966,False,1.5103991031646729,103.377946999899,success
primary_roi_inference,/content/bitirmeprojesi/data/prepared_runtime_datasets/tomato__fruit/test/domates_sağlıklı_meyve/Kaggle_train_h58_jpg.rf.8ba5ca3389b8f3543400f0da664a73b5.jpg,domates_sağlıklı_meyve,tomato,fruit,ok,0.7627015471458436,"[398.3659362792969, 0.0, 512.9342651367188, 165.92205810546875]",0.04640969950617091,router_primary_roi,domates_late_blight_meyve,0.22094306349754333,False,-0.41716983914375305,101.83630299979995,success
primary_roi_inference,/content/bitirmeprojesi/data/prepared_runtime_datasets/tomato__fruit/test/domates_sağlıklı_meyve/Kaggle_train_h61_jpg.rf.92ddde0419354ab344451683ba153c47.jpg,domates_sağlıklı_meyve,tomato,fruit,ok,0.9714846604896075,"[26.448253631591797, 25.892276763916016, 111.04473114013672, 191.3677978515625]",0.034176382319106045,router_primary_roi,domates_sağlıklı_meyve,0.2575693726539612,False,-0.19694136083126068,101.043806999769,success
primary_roi_inference,/content/bitirmeprojesi/data/prepared_runtime_datasets/tomato__fruit/test/domates_sağlıklı_meyve/Kaggle_train_h68_jpg.rf.302b70de0fcfce8aee4dcff4ffab2664.jpg,domates_sağlıklı_meyve,tomato,fruit,ok,0.7843272924423218,"[118.68170928955078, 312.1610107421875, 309.1033630371094, 504.6893310546875]",0.08950576451939923,router_primary_roi,domates_late_blight_meyve,0.22476908564567566,False,0.6622154712677002,100.96462499950576,success
primary_roi_inference,/content/bitirmeprojesi/data/prepared_runtime_datasets/tomato__fruit/test/domates_sağlıklı_meyve/Kaggle_train_h72_jpg.rf.ea54c563e200d89fe640dc25d1de77b4.jpg,domates_sağlıklı_meyve,tomato,fruit,ok,0.7370330473801374,"[132.259521484375, 512.4954223632812, 194.97840881347656, 623.8958740234375]",0.01705789154317472,router_primary_roi,domates_sağlıklı_meyve,0.26727789640426636,False,0.9912323951721191,101.23206100070092,success
primary_roi_inference,/content/bitirmeprojesi/data/prepared_runtime_datasets/tomato__fruit/test/domates_sağlıklı_meyve/Kaggle_train_h79_jpg.rf.06c151efbe0092df302d1602f46c9228.jpg,domates_sağlıklı_meyve,tomato,fruit,ok,0.8270583070365657,"[482.8114013671875, 4.909853935241699, 541.6800537109375, 158.77615356445312]",0.02211401782297685,router_primary_roi,domates_sağlıklı_meyve,0.25316596031188965,False,-1.2337900400161743,100.21986100036884,success
primary_roi_inference,/content/bitirmeprojesi/data/prepared_runtime_datasets/tomato__fruit/test/domates_sağlıklı_meyve/Kaggle_train_h81_jpg.rf.f15cfb7dc7f11ca2938306902fd1cee9.jpg,domates_sağlıklı_meyve,tomato,fruit,ok,0.7876322954893112,"[336.1151123046875, 119.5395278930664, 538.4490966796875, 396.52252197265625]",0.1368239081939464,router_primary_roi,domates_late_blight_meyve,0.23939840495586395,False,0.0853295773267746,104.33819700028835,success
primary_roi_inference,/content/bitirmeprojesi/data/prepared_runtime_datasets/tomato__fruit/test/domates_sağlıklı_meyve/Kaggle_valid_h1_jpg.rf.d97cd11c9079639c4bdc26d85ced5e19.jpg,domates_sağlıklı_meyve,tomato,fruit,ok,0.5921225845813751,"[199.70428466796875, 180.445556640625, 455.9004211425781, 437.81573486328125]",0.16097960279400922,router_primary_roi,domates_sağlıklı_meyve,0.25006556510925293,True,4.510469913482666,101.86641400014196,success
primary_roi_inference,/content/bitirmeprojesi/data/prepared_runtime_datasets/tomato__fruit/test/domates_spotted_wilt_meyve/Kaggle_train_spot10-Copy-2-_jpg.rf.5d46b7e6ba93ae443458d036e27df4fd.jpg,domates_spotted_wilt_meyve,tomato,fruit,ok,0.5372365683317184,"[51.10151290893555, 1.7885208129882812, 557.2093505859375, 638.7899169921875]",0.7870883769958149,router_primary_roi,domates_spotted_wilt_meyve,0.31543928384780884,True,8.332503318786621,103.53485899941006,success
primary_roi_inference,/content/bitirmeprojesi/data/prepared_runtime_datasets/tomato__fruit/test/domates_spotted_wilt_meyve/Kaggle_train_spot21-Copy-2-_jpg.rf.a58777657e6c00e2598207aaa0cca4b9.jpg,domates_spotted_wilt_meyve,tomato,fruit,ok,0.6462183432452524,"[155.7398681640625, 366.67138671875, 252.98251342773438, 556.8569946289062]",0.04515173731509549,router_primary_roi,domates_spotted_wilt_meyve,0.29917287826538086,True,18.116161346435547,100.58683999977802,success
primary_roi_inference,/content/bitirmeprojesi/data/prepared_runtime_datasets/tomato__fruit/test/domates_spotted_wilt_meyve/Kaggle_train_spot25-Copy-2-_jpg.rf.15c91668c7f559c22c7c440c845133cf.jpg,domates_spotted_wilt_meyve,tomato,fruit,ok,0.5800223246843843,"[7.133388519287109, 331.9543151855469, 300.4290466308594, 623.82177734375]",0.20899282078868311,router_primary_roi,domates_spotted_wilt_meyve,0.4667005240917206,True,6.705776214599609,104.09332400013227,success
primary_roi_inference,/content/bitirmeprojesi/data/prepared_runtime_datasets/tomato__fruit/test/domates_spotted_wilt_meyve/Kaggle_train_spot8-Copy-2-_jpg.rf.15c0fa2610b7f2f1e06367f1aa9b08d0.jpg,domates_spotted_wilt_meyve,tomato,fruit,ok,0.7138624787330627,"[112.68138885498047, 29.668655395507812, 493.1094970703125, 599.1351928710938]",0.5289088807221012,router_primary_roi,domates_spotted_wilt_meyve,0.5425751805305481,False,1.061954379081726,101.98960399975476,success
