image_id,source,expected_target,expected_behavior,notes,origin_url,photo_url,taxon_name,query,license_code,attribution
demo_049,staged_external:.runtime_tmp/final_demo_images/internet_expansion/tomato__fruit/demo_049_tomato_fruit.jpg,tomato__fruit,"internet disease-focused supported crop/part; disease answer or review expected, no crash",disease-focused tomato fruit,https://www.inaturalist.org/observations/185787403,https://inaturalist-open-data.s3.amazonaws.com/photos/324533283/large.jpg,Solanum lycopersicum,tomato anthracnose fruit,cc-by-nc,"(c) jgummeson9, some rights reserved (CC BY-NC)"
demo_050,staged_external:.runtime_tmp/final_demo_images/internet_expansion/tomato__fruit/demo_050_tomato_fruit.jpg,tomato__fruit,"internet disease-focused supported crop/part; disease answer or review expected, no crash",disease-focused tomato fruit,https://www.inaturalist.org/observations/87642010,https://inaturalist-open-data.s3.amazonaws.com/photos/144517929/large.jpeg,Solanum lycopersicum,tomato blossom end rot fruit,cc-by-nc,"(c) katiebrandt3, some rights reserved (CC BY-NC)"
demo_051,staged_external:.runtime_tmp/final_demo_images/internet_expansion/tomato__fruit/demo_051_tomato_fruit.jpg,tomato__fruit,"internet disease-focused supported crop/part; disease answer or review expected, no crash",disease-focused tomato fruit,https://www.inaturalist.org/observations/339374599,https://inaturalist-open-data.s3.amazonaws.com/photos/617358106/large.jpg,Solanum lycopersicum,tomato fruit disease,cc-by-nc,"(c) SIVAPRADAYINI NEELAPPAN, some rights reserved (CC BY-NC)"
demo_052,staged_external:.runtime_tmp/final_demo_images/internet_expansion/tomato__fruit/demo_052_tomato_fruit.jpg,tomato__fruit,"internet disease-focused supported crop/part; disease answer or review expected, no crash",disease-focused tomato fruit,https://www.inaturalist.org/observations/335020504,https://inaturalist-open-data.s3.amazonaws.com/photos/608576350/large.jpg,Solanum lycopersicum,tomato fruit disease,cc-by-nc,"(c) Shakshi Thakur, some rights reserved (CC BY-NC)"
demo_053,staged_external:.runtime_tmp/final_demo_images/internet_expansion/tomato__fruit/demo_053_tomato_fruit.jpg,tomato__fruit,"internet disease-focused supported crop/part; disease answer or review expected, no crash",disease-focused tomato fruit,https://www.inaturalist.org/observations/163582318,https://static.inaturalist.org/photos/282945355/large.jpg,Solanum lycopersicum,tomato fruit disease,,"(c) Brandon Najarian, all rights reserved"
demo_054,staged_external:.runtime_tmp/final_demo_images/internet_expansion/tomato__fruit/demo_054_tomato_fruit.jpg,tomato__fruit,"internet disease-focused supported crop/part; disease answer or review expected, no crash",disease-focused tomato fruit,https://www.inaturalist.org/observations/124778583,https://inaturalist-open-data.s3.amazonaws.com/photos/211528053/large.jpg,Solanum lycopersicum,tomato fruit disease,cc-by-nc,"(c) ernesthwilliams, some rights reserved (CC BY-NC)"
demo_055,staged_external:.runtime_tmp/final_demo_images/internet_expansion/tomato__fruit/demo_055_tomato_fruit.jpg,tomato__fruit,"internet disease-focused supported crop/part; disease answer or review expected, no crash",disease-focused tomato fruit,https://www.inaturalist.org/observations/75212379,https://static.inaturalist.org/photos/123016690/large.jpeg,Solanum lycopersicum,tomato fruit disease,,"(c) Michael Christensen, all rights reserved"
demo_056,staged_external:.runtime_tmp/final_demo_images/internet_expansion/tomato__fruit/demo_056_tomato_fruit.jpg,tomato__fruit,"internet disease-focused supported crop/part; disease answer or review expected, no crash",disease-focused tomato fruit,https://www.inaturalist.org/observations/60848998,https://inaturalist-open-data.s3.amazonaws.com/photos/97316657/large.jpg,Solanum lycopersicum,tomato fruit disease,cc-by-nc,"(c) Larry Stretz, some rights reserved (CC BY-NC)"
demo_057,staged_external:.runtime_tmp/final_demo_images/internet_expansion/tomato__fruit/demo_057_tomato_fruit.jpg,tomato__fruit,"internet disease-focused supported crop/part; disease answer or review expected, no crash",disease-focused tomato fruit,https://www.inaturalist.org/observations/33333919,https://static.inaturalist.org/photos/52348084/large.jpg,Solanum lycopersicum,tomato fruit disease,,"(c) Mind the bug, all rights reserved"
demo_058,staged_external:.runtime_tmp/final_demo_images/internet_expansion/tomato__fruit/demo_058_tomato_fruit.jpg,tomato__fruit,"internet disease-focused supported crop/part; disease answer or review expected, no crash",disease-focused tomato fruit,https://www.inaturalist.org/observations/194159373,https://inaturalist-open-data.s3.amazonaws.com/photos/341212065/large.jpg,Solanum lycopersicum,tomato rot fruit,cc-by,"(c) Dilrukshan Priyantha Wijesinghe, some rights reserved (CC BY)"
demo_059,staged_external:.runtime_tmp/final_demo_images/internet_expansion/tomato__leaf/demo_059_tomato_leaf.jpg,tomato__leaf,"internet disease-focused supported crop/part; disease answer or review expected, no crash",disease-focused tomato leaf,https://www.inaturalist.org/observations/59717188,https://inaturalist-open-data.s3.amazonaws.com/photos/95434010/large.jpeg,Solanum lycopersicum,tomato early blight leaf,cc-by-nc,"(c) sylviegrace, some rights reserved (CC BY-NC)"
demo_060,staged_external:.runtime_tmp/final_demo_images/internet_expansion/tomato__leaf/demo_060_tomato_leaf.jpg,tomato__leaf,"internet disease-focused supported crop/part; disease answer or review expected, no crash",disease-focused tomato leaf,https://www.inaturalist.org/observations/5140915,https://inaturalist-open-data.s3.amazonaws.com/photos/6329551/large.jpeg,Solanum lycopersicum,tomato early blight leaf,cc-by-nc,"(c) tadrisa, some rights reserved (CC BY-NC)"
demo_061,staged_external:.runtime_tmp/final_demo_images/internet_expansion/tomato__leaf/demo_061_tomato_leaf.jpg,tomato__leaf,"internet disease-focused supported crop/part; disease answer or review expected, no crash",disease-focused tomato leaf,https://www.inaturalist.org/observations/367446523,https://static.inaturalist.org/photos/671035165/large.jpg,Solanum lycopersicum,tomato septoria leaf spot,,"(c) Wes Hatch, all rights reserved"
demo_062,staged_external:.runtime_tmp/final_demo_images/internet_expansion/tomato__leaf/demo_062_tomato_leaf.jpg,tomato__leaf,"internet disease-focused supported crop/part; disease answer or review expected, no crash",disease-focused tomato leaf,https://www.inaturalist.org/observations/361296440,https://inaturalist-open-data.s3.amazonaws.com/photos/659346056/large.jpg,Solanum lycopersicum,tomato septoria leaf spot,cc-by,"(c) Eric Schmidt, some rights reserved (CC BY)"
demo_063,staged_external:.runtime_tmp/final_demo_images/internet_expansion/tomato__leaf/demo_063_tomato_leaf.jpg,tomato__leaf,"internet disease-focused supported crop/part; disease answer or review expected, no crash",disease-focused tomato leaf,https://www.inaturalist.org/observations/332999282,https://inaturalist-open-data.s3.amazonaws.com/photos/604448706/large.jpg,Solanum lycopersicum,tomato septoria leaf spot,cc-by-nc,"(c) Gerrit Öhm, some rights reserved (CC BY-NC)"
demo_064,staged_external:.runtime_tmp/final_demo_images/internet_expansion/tomato__leaf/demo_064_tomato_leaf.jpg,tomato__leaf,"internet disease-focused supported crop/part; disease answer or review expected, no crash",disease-focused tomato leaf,https://www.inaturalist.org/observations/330295272,https://inaturalist-open-data.s3.amazonaws.com/photos/598900108/large.jpg,Solanum lycopersicum,tomato septoria leaf spot,cc-by-nc,"(c) Erika Mitchell, some rights reserved (CC BY-NC)"
demo_065,staged_external:.runtime_tmp/final_demo_images/internet_expansion/tomato__leaf/demo_065_tomato_leaf.jpg,tomato__leaf,"internet disease-focused supported crop/part; disease answer or review expected, no crash",disease-focused tomato leaf,https://www.inaturalist.org/observations/324640282,https://inaturalist-open-data.s3.amazonaws.com/photos/587627193/large.jpg,Solanum lycopersicum,tomato septoria leaf spot,cc-by-nc,"(c) Jonas Franke Raupp, some rights reserved (CC BY-NC)"
demo_066,staged_external:.runtime_tmp/final_demo_images/internet_expansion/tomato__leaf/demo_066_tomato_leaf.jpg,tomato__leaf,"internet disease-focused supported crop/part; disease answer or review expected, no crash",disease-focused tomato leaf,https://www.inaturalist.org/observations/320358916,https://inaturalist-open-data.s3.amazonaws.com/photos/579200124/large.jpg,Solanum lycopersicum,tomato septoria leaf spot,cc-by-nc,"(c) John Plischke, some rights reserved (CC BY-NC)"
demo_067,staged_external:.runtime_tmp/final_demo_images/internet_expansion/tomato__leaf/demo_067_tomato_leaf.jpg,tomato__leaf,"internet disease-focused supported crop/part; disease answer or review expected, no crash",disease-focused tomato leaf,https://www.inaturalist.org/observations/319006211,https://inaturalist-open-data.s3.amazonaws.com/photos/576602900/large.jpg,Solanum lycopersicum,tomato septoria leaf spot,cc-by-nc,"(c) Pedro Thiago Santos Nogueira, some rights reserved (CC BY-NC)"
demo_068,staged_external:.runtime_tmp/final_demo_images/internet_expansion/tomato__leaf/demo_068_tomato_leaf.jpg,tomato__leaf,"internet disease-focused supported crop/part; disease answer or review expected, no crash",disease-focused tomato leaf,https://www.inaturalist.org/observations/317899695,https://inaturalist-open-data.s3.amazonaws.com/photos/574488014/large.jpg,Solanum lycopersicum,tomato septoria leaf spot,cc-by-nc,"(c) rkluzco, some rights reserved (CC BY-NC)"
demo_069,staged_external:.runtime_tmp/final_demo_images/internet_expansion/strawberry__fruit/demo_069_strawberry_fruit.jpg,strawberry__fruit,"internet disease-focused supported crop/part; disease answer or review expected, no crash",disease-focused strawberry fruit,https://www.inaturalist.org/observations/350310671,https://inaturalist-open-data.s3.amazonaws.com/photos/639149852/large.jpg,Fragaria x ananassa,strawberry botrytis fruit,cc-by-nc,"(c) smith6nt, some rights reserved (CC BY-NC)"
demo_070,staged_external:.runtime_tmp/final_demo_images/internet_expansion/strawberry__fruit/demo_070_strawberry_fruit.jpg,strawberry__fruit,"internet disease-focused supported crop/part; disease answer or review expected, no crash",disease-focused strawberry fruit,https://www.inaturalist.org/observations/255000424,https://inaturalist-open-data.s3.amazonaws.com/photos/456882332/large.jpg,Fragaria x ananassa,strawberry botrytis fruit,cc-by-nc,"(c) bcoleman3639, some rights reserved (CC BY-NC)"
demo_071,staged_external:.runtime_tmp/final_demo_images/internet_expansion/strawberry__fruit/demo_071_strawberry_fruit.jpg,strawberry__fruit,"internet disease-focused supported crop/part; disease answer or review expected, no crash",disease-focused strawberry fruit,http://www.inaturalist.org/observations/3811479,https://inaturalist-open-data.s3.amazonaws.com/photos/4454941/large.jpeg,Fragaria x ananassa,strawberry botrytis fruit,cc-by-nc,"(c) C. Mallory, some rights reserved (CC BY-NC)"
demo_072,staged_external:.runtime_tmp/final_demo_images/internet_expansion/strawberry__fruit/demo_072_strawberry_fruit.jpg,strawberry__fruit,"internet disease-focused supported crop/part; disease answer or review expected, no crash",disease-focused strawberry fruit,https://www.inaturalist.org/observations/313034861,https://inaturalist-open-data.s3.amazonaws.com/photos/565252933/large.jpg,Fragaria x ananassa,strawberry gray mold fruit,cc-by-nc,"(c) avahayre, some rights reserved (CC BY-NC)"
demo_073,staged_external:.runtime_tmp/final_demo_images/internet_expansion/strawberry__fruit/demo_073_strawberry_fruit.jpg,strawberry__fruit,"internet disease-focused supported crop/part; disease answer or review expected, no crash",disease-focused strawberry fruit,https://www.inaturalist.org/observations/332389357,https://inaturalist-open-data.s3.amazonaws.com/photos/603213437/large.jpg,Fragaria x ananassa,strawberry fruit disease,cc-by-nc,"(c) Harsh Rana, some rights reserved (CC BY-NC)"
demo_074,staged_external:.runtime_tmp/final_demo_images/internet_expansion/strawberry__fruit/demo_074_strawberry_fruit.jpg,strawberry__fruit,"internet disease-focused supported crop/part; disease answer or review expected, no crash",disease-focused strawberry fruit,https://www.inaturalist.org/observations/284730079,https://inaturalist-open-data.s3.amazonaws.com/photos/511740214/large.jpg,Fragaria x ananassa,strawberry fruit disease,cc-by-nc,"(c) Simon and Eunete, some rights reserved (CC BY-NC)"
demo_075,staged_external:.runtime_tmp/final_demo_images/internet_expansion/strawberry__fruit/demo_075_strawberry_fruit.jpg,strawberry__fruit,"internet disease-focused supported crop/part; disease answer or review expected, no crash",disease-focused strawberry fruit,https://www.inaturalist.org/observations/48587785,https://inaturalist-open-data.s3.amazonaws.com/photos/77100060/large.jpeg,Fragaria x ananassa,strawberry fruit disease,cc-by-nc,"(c) plantfiend21, some rights reserved (CC BY-NC)"
demo_076,staged_external:.runtime_tmp/final_demo_images/internet_expansion/strawberry__fruit/demo_076_strawberry_fruit.jpg,strawberry__fruit,"internet disease-focused supported crop/part; disease answer or review expected, no crash",disease-focused strawberry fruit,https://www.inaturalist.org/observations/48587777,https://inaturalist-open-data.s3.amazonaws.com/photos/77100050/large.jpeg,Fragaria x ananassa,strawberry fruit disease,cc-by-nc,"(c) plantfiend21, some rights reserved (CC BY-NC)"
demo_077,staged_external:.runtime_tmp/final_demo_images/internet_expansion/strawberry__fruit/demo_077_strawberry_fruit.jpg,strawberry__fruit,"internet disease-focused supported crop/part; disease answer or review expected, no crash",disease-focused strawberry fruit,https://www.inaturalist.org/observations/48587776,https://inaturalist-open-data.s3.amazonaws.com/photos/77100040/large.jpeg,Fragaria x ananassa,strawberry fruit disease,cc-by-nc,"(c) plantfiend21, some rights reserved (CC BY-NC)"
demo_078,staged_external:.runtime_tmp/final_demo_images/internet_expansion/strawberry__fruit/demo_078_strawberry_fruit.jpg,strawberry__fruit,"internet disease-focused supported crop/part; disease answer or review expected, no crash",disease-focused strawberry fruit,https://www.inaturalist.org/observations/48587775,https://inaturalist-open-data.s3.amazonaws.com/photos/77100028/large.jpeg,Fragaria x ananassa,strawberry fruit disease,cc-by-nc,"(c) plantfiend21, some rights reserved (CC BY-NC)"
demo_079,staged_external:.runtime_tmp/final_demo_images/internet_expansion/strawberry__leaf/demo_079_strawberry_leaf.jpg,strawberry__leaf,"internet disease-focused supported crop/part; disease answer or review expected, no crash",disease-focused strawberry leaf,https://www.inaturalist.org/observations/363591541,https://inaturalist-open-data.s3.amazonaws.com/photos/663714192/large.jpg,Fragaria x ananassa,strawberry leaf scorch,cc-by-nc,"(c) Luc Bailly, some rights reserved (CC BY-NC)"
demo_080,staged_external:.runtime_tmp/final_demo_images/internet_expansion/strawberry__leaf/demo_080_strawberry_leaf.jpg,strawberry__leaf,"internet disease-focused supported crop/part; disease answer or review expected, no crash",disease-focused strawberry leaf,https://www.inaturalist.org/observations/361404684,https://inaturalist-open-data.s3.amazonaws.com/photos/659562252/large.jpg,Fragaria x ananassa,strawberry leaf scorch,cc-by-nc,"(c) madarchmad, some rights reserved (CC BY-NC)"
demo_081,staged_external:.runtime_tmp/final_demo_images/internet_expansion/strawberry__leaf/demo_081_strawberry_leaf.jpg,strawberry__leaf,"internet disease-focused supported crop/part; disease answer or review expected, no crash",disease-focused strawberry leaf,https://www.inaturalist.org/observations/330175387,https://inaturalist-open-data.s3.amazonaws.com/photos/598659967/large.jpg,Fragaria x ananassa,strawberry leaf scorch,cc-by-nc,"(c) Erika Mitchell, some rights reserved (CC BY-NC)"
demo_082,staged_external:.runtime_tmp/final_demo_images/internet_expansion/strawberry__leaf/demo_082_strawberry_leaf.jpg,strawberry__leaf,"internet disease-focused supported crop/part; disease answer or review expected, no crash",disease-focused strawberry leaf,https://www.inaturalist.org/observations/330095328,https://inaturalist-open-data.s3.amazonaws.com/photos/598496151/large.jpg,Fragaria x ananassa,strawberry leaf scorch,cc-by-nc,"(c) Erika Mitchell, some rights reserved (CC BY-NC)"
demo_083,staged_external:.runtime_tmp/final_demo_images/internet_expansion/strawberry__leaf/demo_083_strawberry_leaf.jpg,strawberry__leaf,"internet disease-focused supported crop/part; disease answer or review expected, no crash",disease-focused strawberry leaf,https://www.inaturalist.org/observations/330055351,https://inaturalist-open-data.s3.amazonaws.com/photos/598412048/large.jpg,Fragaria x ananassa,strawberry leaf scorch,cc-by-nc,"(c) Erika Mitchell, some rights reserved (CC BY-NC)"
demo_084,staged_external:.runtime_tmp/final_demo_images/internet_expansion/strawberry__leaf/demo_084_strawberry_leaf.jpg,strawberry__leaf,"internet disease-focused supported crop/part; disease answer or review expected, no crash",disease-focused strawberry leaf,https://www.inaturalist.org/observations/330013678,https://inaturalist-open-data.s3.amazonaws.com/photos/598324041/large.jpg,Fragaria x ananassa,strawberry leaf scorch,cc-by-nc,"(c) Erika Mitchell, some rights reserved (CC BY-NC)"
demo_085,staged_external:.runtime_tmp/final_demo_images/internet_expansion/strawberry__leaf/demo_085_strawberry_leaf.jpg,strawberry__leaf,"internet disease-focused supported crop/part; disease answer or review expected, no crash",disease-focused strawberry leaf,https://www.inaturalist.org/observations/323981567,https://inaturalist-open-data.s3.amazonaws.com/photos/586310269/large.jpg,Fragaria x ananassa,strawberry leaf scorch,cc-by-nc,"(c) noa_cools, some rights reserved (CC BY-NC)"
demo_086,staged_external:.runtime_tmp/final_demo_images/internet_expansion/strawberry__leaf/demo_086_strawberry_leaf.jpg,strawberry__leaf,"internet disease-focused supported crop/part; disease answer or review expected, no crash",disease-focused strawberry leaf,https://www.inaturalist.org/observations/323644135,https://inaturalist-open-data.s3.amazonaws.com/photos/585647758/large.jpg,Fragaria x ananassa,strawberry leaf scorch,cc-by-nc,"(c) sixtine-petrus, some rights reserved (CC BY-NC)"
demo_087,staged_external:.runtime_tmp/final_demo_images/internet_expansion/strawberry__leaf/demo_087_strawberry_leaf.jpg,strawberry__leaf,"internet disease-focused supported crop/part; disease answer or review expected, no crash",disease-focused strawberry leaf,https://www.inaturalist.org/observations/323494400,https://inaturalist-open-data.s3.amazonaws.com/photos/585348450/large.jpg,Fragaria x ananassa,strawberry leaf scorch,cc-by-nc,"(c) s210669, some rights reserved (CC BY-NC)"
demo_088,staged_external:.runtime_tmp/final_demo_images/internet_expansion/strawberry__leaf/demo_088_strawberry_leaf.jpg,strawberry__leaf,"internet disease-focused supported crop/part; disease answer or review expected, no crash",disease-focused strawberry leaf,https://www.inaturalist.org/observations/323489585,https://inaturalist-open-data.s3.amazonaws.com/photos/585339609/large.jpg,Fragaria x ananassa,strawberry leaf scorch,cc-by-nc,"(c) sefien, some rights reserved (CC BY-NC)"
demo_089,staged_external:.runtime_tmp/final_demo_images/internet_expansion/grape__fruit/demo_089_grape_fruit.jpg,grape__fruit,"internet disease-focused supported crop/part; disease answer or review expected, no crash",disease-focused grape fruit,https://www.inaturalist.org/observations/55633451,https://inaturalist-open-data.s3.amazonaws.com/photos/88599286/large.jpg,Vitis vinifera,grape botrytis fruit,cc-by-nc,"(c) BJ Stacey, some rights reserved (CC BY-NC)"
demo_090,staged_external:.runtime_tmp/final_demo_images/internet_expansion/grape__fruit/demo_090_grape_fruit.jpg,grape__fruit,"internet disease-focused supported crop/part; disease answer or review expected, no crash",disease-focused grape fruit,https://www.inaturalist.org/observations/180998410,https://static.inaturalist.org/photos/315382311/large.jpeg,Vitis vinifera,grape black rot fruit,,"(c) Eric &amp; Jen Chandler, all rights reserved"
demo_091,staged_external:.runtime_tmp/final_demo_images/internet_expansion/grape__fruit/demo_091_grape_fruit.jpg,grape__fruit,"internet disease-focused supported crop/part; disease answer or review expected, no crash",disease-focused grape fruit,https://www.inaturalist.org/observations/106729775,https://static.inaturalist.org/photos/179356453/large.jpg,Vitis vinifera,grape black rot fruit,,"(c) Eric &amp; Jen Chandler, all rights reserved"
demo_092,staged_external:.runtime_tmp/final_demo_images/internet_expansion/grape__fruit/demo_092_grape_fruit.jpg,grape__fruit,"internet disease-focused supported crop/part; disease answer or review expected, no crash",disease-focused grape fruit,https://www.inaturalist.org/observations/337241253,https://inaturalist-open-data.s3.amazonaws.com/photos/613014355/large.jpg,Vitis vinifera,grape fruit disease,cc0,no rights reserved
demo_093,staged_external:.runtime_tmp/final_demo_images/internet_expansion/grape__fruit/demo_093_grape_fruit.jpg,grape__fruit,"internet disease-focused supported crop/part; disease answer or review expected, no crash",disease-focused grape fruit,https://www.inaturalist.org/observations/335777530,https://inaturalist-open-data.s3.amazonaws.com/photos/610056606/large.jpg,Vitis vinifera,grape fruit disease,cc0,no rights reserved
demo_094,staged_external:.runtime_tmp/final_demo_images/internet_expansion/grape__fruit/demo_094_grape_fruit.jpg,grape__fruit,"internet disease-focused supported crop/part; disease answer or review expected, no crash",disease-focused grape fruit,https://www.inaturalist.org/observations/335732858,https://inaturalist-open-data.s3.amazonaws.com/photos/609970582/large.jpg,Vitis vinifera,grape fruit disease,cc0,no rights reserved
demo_095,staged_external:.runtime_tmp/final_demo_images/internet_expansion/grape__fruit/demo_095_grape_fruit.jpg,grape__fruit,"internet disease-focused supported crop/part; disease answer or review expected, no crash",disease-focused grape fruit,https://www.inaturalist.org/observations/289182002,https://inaturalist-open-data.s3.amazonaws.com/photos/520107544/large.jpg,Vitis vinifera,grape fruit disease,cc-by-nc,"(c) Simon and Eunete, some rights reserved (CC BY-NC)"
demo_096,staged_external:.runtime_tmp/final_demo_images/internet_expansion/grape__fruit/demo_096_grape_fruit.jpg,grape__fruit,"internet disease-focused supported crop/part; disease answer or review expected, no crash",disease-focused grape fruit,https://www.inaturalist.org/observations/284730079,https://inaturalist-open-data.s3.amazonaws.com/photos/511740225/large.jpg,Vitis vinifera,grape fruit disease,cc-by-nc,"(c) Simon and Eunete, some rights reserved (CC BY-NC)"
demo_097,staged_external:.runtime_tmp/final_demo_images/internet_expansion/grape__fruit/demo_097_grape_fruit.jpg,grape__fruit,"internet disease-focused supported crop/part; disease answer or review expected, no crash",disease-focused grape fruit,https://www.inaturalist.org/observations/187390557,https://static.inaturalist.org/photos/327696779/large.jpg,Vitis vinifera,grape fruit disease,,"(c) Justin Guinto, all rights reserved"
demo_098,staged_external:.runtime_tmp/final_demo_images/internet_expansion/grape__fruit/demo_098_grape_fruit.jpg,grape__fruit,"internet disease-focused supported crop/part; disease answer or review expected, no crash",disease-focused grape fruit,https://www.inaturalist.org/observations/96311041,https://inaturalist-open-data.s3.amazonaws.com/photos/159983510/large.jpg,Vitis vinifera,grape fruit disease,cc-by-nc,"(c) ernesthwilliams, some rights reserved (CC BY-NC)"
demo_099,staged_external:.runtime_tmp/final_demo_images/internet_expansion/grape__leaf/demo_099_grape_leaf.jpg,grape__leaf,"internet disease-focused supported crop/part; disease answer or review expected, no crash",disease-focused grape leaf,https://www.inaturalist.org/observations/247874333,https://inaturalist-open-data.s3.amazonaws.com/photos/442794179/large.jpeg,Vitis vinifera,grape downy mildew leaf,cc-by-nc,"(c) Paul Melloy, some rights reserved (CC BY-NC)"
demo_100,staged_external:.runtime_tmp/final_demo_images/internet_expansion/grape__leaf/demo_100_grape_leaf.jpg,grape__leaf,"internet disease-focused supported crop/part; disease answer or review expected, no crash",disease-focused grape leaf,https://www.inaturalist.org/observations/189392680,https://inaturalist-open-data.s3.amazonaws.com/photos/331763268/large.jpeg,Vitis vinifera,grape downy mildew leaf,cc-by-nc,"(c) gabriellariz, some rights reserved (CC BY-NC)"
demo_101,staged_external:.runtime_tmp/final_demo_images/internet_expansion/grape__leaf/demo_101_grape_leaf.jpg,grape__leaf,"internet disease-focused supported crop/part; disease answer or review expected, no crash",disease-focused grape leaf,https://www.inaturalist.org/observations/187728941,https://inaturalist-open-data.s3.amazonaws.com/photos/328370631/large.jpg,Vitis vinifera,grape downy mildew leaf,cc-by-nc,"(c) jacobzeliger, some rights reserved (CC BY-NC)"
demo_102,staged_external:.runtime_tmp/final_demo_images/internet_expansion/grape__leaf/demo_102_grape_leaf.jpg,grape__leaf,"internet disease-focused supported crop/part; disease answer or review expected, no crash",disease-focused grape leaf,https://www.inaturalist.org/observations/187723175,https://static.inaturalist.org/photos/328349210/large.jpg,Vitis vinifera,grape downy mildew leaf,,"(c) Jack Summers, all rights reserved"
demo_103,staged_external:.runtime_tmp/final_demo_images/internet_expansion/grape__leaf/demo_103_grape_leaf.jpg,grape__leaf,"internet disease-focused supported crop/part; disease answer or review expected, no crash",disease-focused grape leaf,https://www.inaturalist.org/observations/187390557,https://static.inaturalist.org/photos/327696801/large.jpg,Vitis vinifera,grape downy mildew leaf,,"(c) Justin Guinto, all rights reserved"
demo_104,staged_external:.runtime_tmp/final_demo_images/internet_expansion/grape__leaf/demo_104_grape_leaf.jpg,grape__leaf,"internet disease-focused supported crop/part; disease answer or review expected, no crash",disease-focused grape leaf,http://naturewatch.org.nz/observations/356793,https://inaturalist-open-data.s3.amazonaws.com/photos/1210216/large.,Vitis vinifera,grape downy mildew leaf,cc-by,"(c) Jerry Cooper, some rights reserved (CC BY)"
demo_105,staged_external:.runtime_tmp/final_demo_images/internet_expansion/grape__leaf/demo_105_grape_leaf.jpg,grape__leaf,"internet disease-focused supported crop/part; disease answer or review expected, no crash",disease-focused grape leaf,https://www.inaturalist.org/observations/189390394,https://inaturalist-open-data.s3.amazonaws.com/photos/331758528/large.jpeg,Vitis vinifera,grape powdery mildew leaf,cc-by-nc,"(c) gabriellariz, some rights reserved (CC BY-NC)"
demo_106,staged_external:.runtime_tmp/final_demo_images/internet_expansion/grape__leaf/demo_106_grape_leaf.jpg,grape__leaf,"internet disease-focused supported crop/part; disease answer or review expected, no crash",disease-focused grape leaf,https://www.inaturalist.org/observations/187728941,https://inaturalist-open-data.s3.amazonaws.com/photos/328370542/large.jpg,Vitis vinifera,grape powdery mildew leaf,cc-by-nc,"(c) jacobzeliger, some rights reserved (CC BY-NC)"
demo_107,staged_external:.runtime_tmp/final_demo_images/internet_expansion/grape__leaf/demo_107_grape_leaf.jpg,grape__leaf,"internet disease-focused supported crop/part; disease answer or review expected, no crash",disease-focused grape leaf,https://www.inaturalist.org/observations/178621508,https://inaturalist-open-data.s3.amazonaws.com/photos/310849263/large.jpeg,Vitis vinifera,grape powdery mildew leaf,cc-by-nc,"(c) janaminerva, some rights reserved (CC BY-NC)"
demo_108,staged_external:.runtime_tmp/final_demo_images/internet_expansion/grape__leaf/demo_108_grape_leaf.jpg,grape__leaf,"internet disease-focused supported crop/part; disease answer or review expected, no crash",disease-focused grape leaf,http://www.inaturalist.org/observations/29788,https://inaturalist-open-data.s3.amazonaws.com/photos/52084/large.jpg,Vitis vinifera,grape powdery mildew leaf,cc-by,"(c) dloarie, some rights reserved (CC BY)"
demo_109,staged_external:.runtime_tmp/final_demo_images/internet_expansion/apricot__fruit/demo_109_apricot_fruit.jpg,apricot__fruit,"internet disease-focused supported crop/part; disease answer or review expected, no crash",disease-focused apricot fruit,https://www.inaturalist.org/observations/361003398,https://inaturalist-open-data.s3.amazonaws.com/photos/658793074/large.jpg,Prunus armeniaca,apricot brown rot fruit,cc0,no rights reserved
demo_110,staged_external:.runtime_tmp/final_demo_images/internet_expansion/apricot__fruit/demo_110_apricot_fruit.jpg,apricot__fruit,"internet disease-focused supported crop/part; disease answer or review expected, no crash",disease-focused apricot fruit,https://www.inaturalist.org/observations/262553397,https://static.inaturalist.org/photos/471597244/large.jpeg,Prunus armeniaca,apricot brown rot fruit,,"(c) Iqra Munawar, all rights reserved"
demo_111,staged_external:.runtime_tmp/final_demo_images/internet_expansion/apricot__fruit/demo_111_apricot_fruit.jpg,apricot__fruit,"internet disease-focused supported crop/part; disease answer or review expected, no crash",disease-focused apricot fruit,https://www.inaturalist.org/observations/231045163,https://inaturalist-open-data.s3.amazonaws.com/photos/410302054/large.jpg,Prunus armeniaca,apricot brown rot fruit,cc-by-nc,"(c) hangnamori, some rights reserved (CC BY-NC)"
demo_112,staged_external:.runtime_tmp/final_demo_images/internet_expansion/apricot__fruit/demo_112_apricot_fruit.jpg,apricot__fruit,"internet disease-focused supported crop/part; disease answer or review expected, no crash",disease-focused apricot fruit,https://www.inaturalist.org/observations/231045163,https://inaturalist-open-data.s3.amazonaws.com/photos/410303954/large.jpg,Prunus armeniaca,monilinia apricot fruit,cc-by-nc,"(c) hangnamori, some rights reserved (CC BY-NC)"
demo_113,staged_external:.runtime_tmp/final_demo_images/internet_expansion/apricot__fruit/demo_113_apricot_fruit.jpg,apricot__fruit,"internet disease-focused supported crop/part; disease answer or review expected, no crash",disease-focused apricot fruit,https://www.inaturalist.org/observations/335770066,https://inaturalist-open-data.s3.amazonaws.com/photos/610040962/large.jpg,Prunus armeniaca,Monilinia fructicola,cc-by-nc,"(c) Shariah, some rights reserved (CC BY-NC)"
demo_114,staged_external:.runtime_tmp/final_demo_images/internet_expansion/apricot__fruit/demo_114_apricot_fruit.jpg,apricot__fruit,"internet disease-focused supported crop/part; disease answer or review expected, no crash",disease-focused apricot fruit,https://www.inaturalist.org/observations/335743638,https://inaturalist-open-data.s3.amazonaws.com/photos/609989573/large.jpg,Prunus armeniaca,Monilinia fructicola,cc-by-nc,"(c) Prue kennard, some rights reserved (CC BY-NC)"
demo_115,staged_external:.runtime_tmp/final_demo_images/internet_expansion/apricot__fruit/demo_115_apricot_fruit.jpg,apricot__fruit,"internet disease-focused supported crop/part; disease answer or review expected, no crash",disease-focused apricot fruit,https://www.inaturalist.org/observations/325099831,https://inaturalist-open-data.s3.amazonaws.com/photos/588553518/large.jpg,Prunus armeniaca,Monilinia fructicola,cc-by-nc,"(c) Taye Bright, some rights reserved (CC BY-NC)"
demo_116,staged_external:.runtime_tmp/final_demo_images/internet_expansion/apricot__fruit/demo_116_apricot_fruit.jpg,apricot__fruit,"internet disease-focused supported crop/part; disease answer or review expected, no crash",disease-focused apricot fruit,https://www.inaturalist.org/observations/302384831,https://inaturalist-open-data.s3.amazonaws.com/photos/544943519/large.jpg,Prunus armeniaca,Monilinia fructicola,cc-by,"(c) Lexi Amico, some rights reserved (CC BY)"
demo_117,staged_external:.runtime_tmp/final_demo_images/internet_expansion/apricot__fruit/demo_117_apricot_fruit.jpg,apricot__fruit,"internet disease-focused supported crop/part; disease answer or review expected, no crash",disease-focused apricot fruit,https://www.inaturalist.org/observations/296807374,https://inaturalist-open-data.s3.amazonaws.com/photos/534472940/large.jpg,Prunus armeniaca,Monilinia fructicola,cc-by-nc,"(c) cpar, some rights reserved (CC BY-NC)"
demo_118,staged_external:.runtime_tmp/final_demo_images/internet_expansion/apricot__fruit/demo_118_apricot_fruit.jpg,apricot__fruit,"internet disease-focused supported crop/part; disease answer or review expected, no crash",disease-focused apricot fruit,https://www.inaturalist.org/observations/295327940,https://inaturalist-open-data.s3.amazonaws.com/photos/531652745/large.jpg,Prunus armeniaca,Monilinia fructicola,cc-by-nc,"(c) Shariah, some rights reserved (CC BY-NC)"
demo_119,staged_external:.runtime_tmp/final_demo_images/internet_expansion/apricot__leaf/demo_119_apricot_leaf.jpg,apricot__leaf,"internet disease-focused supported crop/part; disease answer or review expected, no crash",disease-focused apricot leaf,https://www.inaturalist.org/observations/372317044,https://inaturalist-open-data.s3.amazonaws.com/photos/680331688/large.jpg,Prunus armeniaca,Wilsonomyces carpophilus,cc-by,"(c) Aidan, some rights reserved (CC BY)"
demo_120,staged_external:.runtime_tmp/final_demo_images/internet_expansion/apricot__leaf/demo_120_apricot_leaf.jpg,apricot__leaf,"internet disease-focused supported crop/part; disease answer or review expected, no crash",disease-focused apricot leaf,https://www.inaturalist.org/observations/372099845,https://inaturalist-open-data.s3.amazonaws.com/photos/679915083/large.jpg,Prunus armeniaca,Wilsonomyces carpophilus,cc0,no rights reserved
demo_121,staged_external:.runtime_tmp/final_demo_images/internet_expansion/apricot__leaf/demo_121_apricot_leaf.jpg,apricot__leaf,"internet disease-focused supported crop/part; disease answer or review expected, no crash",disease-focused apricot leaf,https://www.inaturalist.org/observations/371894898,https://inaturalist-open-data.s3.amazonaws.com/photos/679523936/large.jpg,Prunus armeniaca,Wilsonomyces carpophilus,cc-by-nc,"(c) Klaudie Bradova, some rights reserved (CC BY-NC)"
demo_122,staged_external:.runtime_tmp/final_demo_images/internet_expansion/apricot__leaf/demo_122_apricot_leaf.jpg,apricot__leaf,"internet disease-focused supported crop/part; disease answer or review expected, no crash",disease-focused apricot leaf,https://www.inaturalist.org/observations/371689470,https://inaturalist-open-data.s3.amazonaws.com/photos/679119596/large.jpg,Prunus armeniaca,Wilsonomyces carpophilus,cc-by-nc,"(c) bennycottele, some rights reserved (CC BY-NC)"
demo_123,staged_external:.runtime_tmp/final_demo_images/internet_expansion/apricot__leaf/demo_123_apricot_leaf.jpg,apricot__leaf,"internet disease-focused supported crop/part; disease answer or review expected, no crash",disease-focused apricot leaf,https://www.inaturalist.org/observations/371502706,https://inaturalist-open-data.s3.amazonaws.com/photos/678771369/large.jpg,Prunus armeniaca,Wilsonomyces carpophilus,cc-by-nc,"(c) Charles Davis, some rights reserved (CC BY-NC)"
demo_124,staged_external:.runtime_tmp/final_demo_images/internet_expansion/apricot__leaf/demo_124_apricot_leaf.jpg,apricot__leaf,"internet disease-focused supported crop/part; disease answer or review expected, no crash",disease-focused apricot leaf,https://www.inaturalist.org/observations/371491253,https://inaturalist-open-data.s3.amazonaws.com/photos/678735592/large.jpg,Prunus armeniaca,Wilsonomyces carpophilus,cc-by-nc,"(c) Chloe Van Loon, some rights reserved (CC BY-NC)"
demo_125,staged_external:.runtime_tmp/final_demo_images/internet_expansion/apricot__leaf/demo_125_apricot_leaf.jpg,apricot__leaf,"internet disease-focused supported crop/part; disease answer or review expected, no crash",disease-focused apricot leaf,https://www.inaturalist.org/observations/371468060,https://inaturalist-open-data.s3.amazonaws.com/photos/678669291/large.jpg,Prunus armeniaca,Wilsonomyces carpophilus,cc-by-nc,"(c) 管牧山, some rights reserved (CC BY-NC)"
demo_126,staged_external:.runtime_tmp/final_demo_images/internet_expansion/apricot__leaf/demo_126_apricot_leaf.jpg,apricot__leaf,"internet disease-focused supported crop/part; disease answer or review expected, no crash",disease-focused apricot leaf,https://www.inaturalist.org/observations/371468048,https://inaturalist-open-data.s3.amazonaws.com/photos/678669158/large.jpg,Prunus armeniaca,Wilsonomyces carpophilus,cc-by-nc,"(c) 管牧山, some rights reserved (CC BY-NC)"
demo_127,staged_external:.runtime_tmp/final_demo_images/internet_expansion/apricot__leaf/demo_127_apricot_leaf.jpg,apricot__leaf,"internet disease-focused supported crop/part; disease answer or review expected, no crash",disease-focused apricot leaf,https://www.inaturalist.org/observations/371450838,https://inaturalist-open-data.s3.amazonaws.com/photos/678669418/large.jpg,Prunus armeniaca,Wilsonomyces carpophilus,cc-by,"(c) Mark Richman, some rights reserved (CC BY)"
demo_128,staged_external:.runtime_tmp/final_demo_images/internet_expansion/apricot__leaf/demo_128_apricot_leaf.jpg,apricot__leaf,"internet disease-focused supported crop/part; disease answer or review expected, no crash",disease-focused apricot leaf,https://www.inaturalist.org/observations/371217452,https://inaturalist-open-data.s3.amazonaws.com/photos/678228619/large.jpg,Prunus armeniaca,Wilsonomyces carpophilus,cc-by-nc,"(c) forest—dweller, some rights reserved (CC BY-NC)"
demo_129,staged_external:.runtime_tmp/final_demo_images/internet_expansion/tomato__leaf/demo_129_tomato_leaf.jpg,tomato__leaf,"internet diseased or damaged supported crop/part; unknown, OOD, or review acceptable",disease-focused uncertain tomato leaf,https://www.inaturalist.org/observations/369534892,https://static.inaturalist.org/photos/675009354/large.jpg,Solanum lycopersicum,tomato diseased plant,,"(c) Zeph Zensen, all rights reserved"
demo_130,staged_external:.runtime_tmp/final_demo_images/internet_expansion/tomato__leaf/demo_130_tomato_leaf.jpg,tomato__leaf,"internet diseased or damaged supported crop/part; unknown, OOD, or review acceptable",disease-focused uncertain tomato leaf,https://www.inaturalist.org/observations/350627551,https://inaturalist-open-data.s3.amazonaws.com/photos/639769696/large.jpg,Solanum lycopersicum,tomato diseased plant,cc-by-nc,"(c) Esky McRapt, some rights reserved (CC BY-NC)"
demo_131,staged_external:.runtime_tmp/final_demo_images/internet_expansion/grape__leaf/demo_131_grape_leaf.jpg,grape__leaf,"internet diseased or damaged supported crop/part; unknown, OOD, or review acceptable",disease-focused uncertain grape leaf,https://www.inaturalist.org/observations/337241253,https://inaturalist-open-data.s3.amazonaws.com/photos/613014368/large.jpg,Vitis vinifera,diseased grape leaf,cc0,no rights reserved
demo_132,staged_external:.runtime_tmp/final_demo_images/internet_expansion/grape__leaf/demo_132_grape_leaf.jpg,grape__leaf,"internet diseased or damaged supported crop/part; unknown, OOD, or review acceptable",disease-focused uncertain grape leaf,https://www.inaturalist.org/observations/335777530,https://inaturalist-open-data.s3.amazonaws.com/photos/610056590/large.jpg,Vitis vinifera,diseased grape leaf,cc0,no rights reserved
demo_133,staged_external:.runtime_tmp/final_demo_images/internet_expansion/strawberry__fruit/demo_133_strawberry_fruit.jpg,strawberry__fruit,"internet diseased or damaged supported crop/part; unknown, OOD, or review acceptable",disease-focused uncertain strawberry fruit,https://www.inaturalist.org/observations/332389357,https://inaturalist-open-data.s3.amazonaws.com/photos/603213452/large.jpg,Fragaria x ananassa,diseased strawberry fruit,cc-by-nc,"(c) Harsh Rana, some rights reserved (CC BY-NC)"
demo_134,staged_external:.runtime_tmp/final_demo_images/internet_expansion/strawberry__fruit/demo_134_strawberry_fruit.jpg,strawberry__fruit,"internet diseased or damaged supported crop/part; unknown, OOD, or review acceptable",disease-focused uncertain strawberry fruit,https://www.inaturalist.org/observations/284730079,https://inaturalist-open-data.s3.amazonaws.com/photos/511740243/large.jpg,Fragaria x ananassa,diseased strawberry fruit,cc-by-nc,"(c) Simon and Eunete, some rights reserved (CC BY-NC)"
demo_135,staged_external:.runtime_tmp/final_demo_images/internet_expansion/apricot__leaf/demo_135_apricot_leaf.jpg,apricot__leaf,"internet diseased or damaged supported crop/part; unknown, OOD, or review acceptable",disease-focused uncertain apricot leaf,https://www.inaturalist.org/observations/262553397,https://static.inaturalist.org/photos/471597282/large.jpeg,Prunus armeniaca,diseased apricot leaf,,"(c) Iqra Munawar, all rights reserved"
demo_136,staged_external:.runtime_tmp/final_demo_images/internet_expansion/apricot__leaf/demo_136_apricot_leaf.jpg,apricot__leaf,"internet diseased or damaged supported crop/part; unknown, OOD, or review acceptable",disease-focused uncertain apricot leaf,https://www.inaturalist.org/observations/26956744,https://inaturalist-open-data.s3.amazonaws.com/photos/41893444/large.jpg,Prunus armeniaca,diseased apricot leaf,cc-by-sa,"(c) Dr. Guido Bohne, some rights reserved (CC BY-SA)"
demo_137,staged_external:.runtime_tmp/final_demo_images/internet_expansion/unknown_crop/demo_137_unknown_crop.jpg,unknown_crop,"internet unsupported crop/part or irrelevant subject; unknown/review expected, no disease label",diseased unsupported apple leaf,https://www.inaturalist.org/observations/353773258,https://inaturalist-open-data.s3.amazonaws.com/photos/645379934/large.jpg,Malus domestica,apple scab leaf,cc-by,"(c) W Rao, some rights reserved (CC BY)"
demo_138,staged_external:.runtime_tmp/final_demo_images/internet_expansion/unknown_crop/demo_138_unknown_crop.jpg,unknown_crop,"internet unsupported crop/part or irrelevant subject; unknown/review expected, no disease label",diseased unsupported apple leaf,https://www.inaturalist.org/observations/135538597,https://inaturalist-open-data.s3.amazonaws.com/photos/231186651/large.jpg,Malus domestica,apple scab leaf,cc-by-nc,"(c) Angelique, some rights reserved (CC BY-NC)"
demo_139,staged_external:.runtime_tmp/final_demo_images/internet_expansion/unknown_crop/demo_139_unknown_crop.jpg,unknown_crop,"internet unsupported crop/part or irrelevant subject; unknown/review expected, no disease label",diseased unsupported pepper fruit,https://www.inaturalist.org/observations/357280918,https://inaturalist-open-data.s3.amazonaws.com/photos/651623473/large.jpg,Capsicum annuum,pepper bacterial spot fruit,cc-by-nc,"(c) sheilovealways, some rights reserved (CC BY-NC)"
demo_140,staged_external:.runtime_tmp/final_demo_images/internet_expansion/unknown_crop/demo_140_unknown_crop.jpg,unknown_crop,"internet unsupported crop/part or irrelevant subject; unknown/review expected, no disease label",diseased unsupported pepper fruit,https://www.inaturalist.org/observations/357280918,https://inaturalist-open-data.s3.amazonaws.com/photos/651623491/large.jpg,Capsicum annuum,pepper disease fruit,cc-by-nc,"(c) sheilovealways, some rights reserved (CC BY-NC)"
demo_141,staged_external:.runtime_tmp/final_demo_images/internet_expansion/non_plant/demo_141_non_plant.jpg,non_plant,"internet unsupported crop/part or irrelevant subject; unknown/review expected, no disease label",non-plant disease-like distractor,https://www.inaturalist.org/observations/372410297,https://inaturalist-open-data.s3.amazonaws.com/photos/680509374/large.jpg,Fungi,mold fungus,cc-by-nc,"(c) Allyson, some rights reserved (CC BY-NC)"
demo_142,staged_external:.runtime_tmp/final_demo_images/internet_expansion/non_plant/demo_142_non_plant.jpg,non_plant,"internet unsupported crop/part or irrelevant subject; unknown/review expected, no disease label",non-plant disease-like distractor,https://www.inaturalist.org/observations/371641353,https://inaturalist-open-data.s3.amazonaws.com/photos/679032513/large.jpg,Fungi,mold fungus,cc-by-nc,"(c) Chelsea, some rights reserved (CC BY-NC)"
demo_143,staged_external:.runtime_tmp/final_demo_images/internet_expansion/non_plant/demo_143_non_plant.jpg,non_plant,"internet unsupported crop/part or irrelevant subject; unknown/review expected, no disease label",non-plant disease-like distractor,https://www.inaturalist.org/observations/371564272,https://inaturalist-open-data.s3.amazonaws.com/photos/678883972/large.jpg,Fungi,mold fungus,cc-by,"(c) Jacob Fauvelle, some rights reserved (CC BY)"
demo_144,staged_external:.runtime_tmp/final_demo_images/internet_expansion/non_plant/demo_144_non_plant.jpg,non_plant,"internet unsupported crop/part or irrelevant subject; unknown/review expected, no disease label",non-plant disease-like distractor,https://www.inaturalist.org/observations/371417897,https://inaturalist-open-data.s3.amazonaws.com/photos/678603876/large.jpg,Fungi,mold fungus,cc-by-nc,"(c) flyinglobster, some rights reserved (CC BY-NC)"
